[13:42:07] === SESSION START ===
[13:55:31] SLOW MISSIONBEH MissionBehav.ArtemsCinematicCombat.CinematicCombatMissionLogic.OnMissionTick 26.6ms
[13:55:34] SLOW MISSIONBEH MissionBehav.RBM.AgentStatusBar.UnitStatusMissionView.OnMissionTick 53.8ms
[13:55:34] SLOW MISSIONBEH MissionBehav.RTSCamera.Logic.RTSCameraLogic.OnMissionTick 9.9ms
[13:55:36] SLOW MISSIONBEH MissionBehav.RTSCamera.Logic.RTSCameraLogic.OnMissionTick 9.1ms
[13:55:38] SLOW MISSIONBEH MissionBehav.Immersive_Battlefields.IB_Core.OnMissionTick 5.3ms
[13:55:39] === PERFORMANCE REPORT ===
[13:55:39] Method                                            Calls  Total(ms)    Avg(ms)    Max(ms) SessMax(ms)
[13:55:39] --------------------------------------------------------------------------------------------------
[13:55:39] et_CalculateHasSignificantNumberOfMounted[pre]  9512849    2236.59      0.000      4.145      4.145
[13:55:39] odFork:HumanAIComponent.GetFormationFrame[pre]    14964    1662.43      0.111     16.236     16.236
[13:55:39] Mission.Frame(all)                                  322     614.56      1.909     29.244     29.244
[13:55:39] tStatusBar.UnitStatusMissionView.OnMissionTick      317     332.57      1.049     53.810     53.810
[13:55:39] icCombat.CCShieldTauntTroopsData.OnMissionTick      317     258.31      0.815      1.352      1.352
[13:55:39] stem:OrderTroopPlacer.OnMissionScreenTick[pre]      351      87.76      0.250     38.336     38.336
[13:55:39] er.UpdateFormationDrawingForMovementOrder[pre]        7      68.66      9.808     37.555     37.555
[13:55:39] TCH:RBMAI:Formation.ApplyActionOnEachUnit[pre]      238      68.32      0.287      7.282      7.282
[13:55:39] mbat.CinematicCombatMissionLogic.OnMissionTick      317      57.90      0.183     26.632     26.632
[13:55:39] Pikes.BetterPikesMissionBehavior.OnMissionTick      317      56.03      0.177      1.342      1.342
[13:55:39] omponent.ParallelUpdateFormationMovement[post]    14964      53.22      0.004      2.453      2.453
[13:55:39] PATCH:RBMAI:Agent.IsInWater[pre]                 191076      47.28      0.000      1.090      1.090
[13:55:39] mera.CommandSystem:Formation.SetFormOrder[pre]     1245      46.79      0.038     12.488     12.488
[13:55:39] leSizeResized:MBAgentVisuals.AddMultiMesh[pre]     3614      38.05      0.011      2.318      2.318
[13:55:39] .CommandSystem:Formation.ReapplyFormOrder[pre]     1205      37.47      0.031      5.539      5.539
[13:55:39] PATCH:RBMAI:HumanAIComponent.OnTick[post]        189971      37.30      0.000      1.787      1.787
[13:55:39] inaSystem.StaminaMissionBehavior.OnMissionTick      317      29.87      0.094      0.469      0.469
[13:55:39] RBMCombat:Agent.OnWieldedItemIndexChange[post]     1247      28.73      0.023      0.515      0.515
[13:55:39] eModFork:Formation.GetOrderPositionOfUnit[pre]    23371      24.38      0.001      0.880      0.880
[13:55:39] v.RTSCamera.Logic.RTSCameraLogic.OnMissionTick      317      22.98      0.072      9.864      9.864
[13:55:39] dBlade.BattleObserverMissionLogic.OnAgentBuild      600      22.13      0.037      4.938      4.938
[13:55:39] BreakablePolearmsMissionBehavior.OnMissionTick      317      18.13      0.057      0.568      0.568
[13:55:39] XorberaxLegacy:MissionScreen.UpdateCamera[pre]      229      17.60      0.077      0.853      0.853
[13:55:39] ndSystem:MissionOrderVM.PopulateOrderSets[pre]        2      17.42      8.708     12.513     12.513
[13:55:39] PATCH:BetterPikes:Formation.SetFormOrder[pre]      1245      15.24      0.012      0.338      0.338
[13:55:39] onGauntletOrderOfBattleUIHandler.OnMissionTick      317      15.05      0.047      3.856      3.856
[13:55:39] CH:RBMAI:Formation.GetOrderPositionOfUnit[pre]    23371       9.70      0.000      0.897      0.897
[13:55:39] rderTweaks.VolleyMissionBehavior.OnMissionTick      317       9.68      0.031      4.498      4.498
[13:55:39] erLib:MBSubModuleBase.AfterAsyncTickTick[post]    31383       9.58      0.000      7.673      7.673
[13:55:39] v.Immersive_Battlefields.IB_Core.OnMissionTick      317       9.55      0.030      5.263      5.263
[13:55:39] andSystem:OrderTroopPlacer.GetCursorState[pre]      333       8.54      0.026      1.709      1.709
[13:55:39] manAIComponent.GetDesiredSpeedInFormation[pre]    11768       7.88      0.001      2.048      2.048
[13:55:39] orberaxLegacy:MissionScreen.UpdateCamera[post]      229       7.79      0.034      0.408      0.408
[13:55:39] ra.CommandSystem:ArrangementOrder.OnApply[pre]       27       7.65      0.283      2.177      2.177
[13:55:39] PATCH:RBMCombat:Agent.WeaponEquipped[pre]          3095       7.47      0.002      2.472      2.472
[13:55:39] ssionViews.MissionAgentLabelView.OnMissionTick      317       7.44      0.023      1.251      1.251
[13:55:39] CH:RBMAI:BehaviorAdvance.TickOccasionally[pre]        6       6.95      1.158      5.706      5.706
[13:55:39] issionViews.MissionAgentLabelView.OnAgentBuild      600       6.67      0.011      1.162      1.162
[13:55:39] .ButterLib:MBSubModuleBase.OnNetworkTick[post]    32901       6.25      0.000      3.333      3.333
[13:55:39] PATCH:AIKickNBashFork:Agent.OnAIInputSet[post]   189373       5.98      0.000      0.447      0.447
[13:55:39] sCinematicCharges.SprintBehavior.OnMissionTick      317       5.70      0.018      0.979      0.979
[13:55:39] tatCalculateModel.SetAiRelatedProperties[post]     4585       5.33      0.001      0.316      0.316
[13:55:39] lPatch:MBSubModuleBase.OnApplicationTick[post]    31590       5.27      0.000      2.948      2.948
[13:55:39] AgentStatCalculateModel.UpdateHumanStats[post]     4585       5.24      0.001      0.502      0.502
[13:55:39] iorMountedSkirmish.CalculateCurrentOrder[post]        4       5.17      1.292      3.457      3.457
[13:55:39] PATCH:RBMAI:Agent.UpdateFormationOrders[pre]      11318       4.59      0.000      0.022      0.022
[13:55:39] ges.CinematicChargesMissionLogic.OnMissionTick      317       4.11      0.013      2.317      2.317
[13:55:39] logue:MBSubModuleBase.AfterAsyncTickTick[post]    31383       4.01      0.000      0.727      0.727
[13:55:39] H:RBMAI:HumanAIComponent.AdjustSpeedLimit[pre]    14964       3.59      0.000      1.164      1.164
[13:55:39] NBash.AIKickNBashMissionBehavior.OnMissionTick      317       3.47      0.011      1.630      1.630
[13:55:39] aviorProtectFlank.OnBehaviorActivatedAux[post]        2       3.45      1.727      2.210      2.210
[13:55:39] FormationMarkerVM.RefreshFormationMarkers[pre]       44       3.35      0.076      2.393      2.393
[13:55:39] TroopItemVM.FormationOnOnUnitCountChanged[pre]      607       3.25      0.005      0.137      0.137
[13:55:39] creen:MBSubModuleBase.AfterAsyncTickTick[post]    31383       3.24      0.000      0.434      0.434
[13:55:39] Screen:MBSubModuleBase.OnApplicationTick[post]    31590       3.06      0.000      0.415      0.415
[13:55:39] PATCH:RBMAI:Formation.GetDirectionOfUnit[post]    10682       2.98      0.000      1.976      1.976
[13:55:39] tleOrderTweaks:MissionScreen.UpdateCamera[pre]      229       2.97      0.013      0.711      0.711
[13:55:39] CinematicCombatMasterstrikeLogic.OnMissionTick      317       2.91      0.009      0.797      0.797
[13:55:39] omacy:MBSubModuleBase.AfterAsyncTickTick[post]    31383       2.74      0.000      0.529      0.529
[13:55:39] .BreakablePolearmsMissionBehavior.OnAgentBuild      600       2.66      0.004      0.871      0.871
[13:55:39] lomacy:MBSubModuleBase.OnApplicationTick[post]    31590       2.61      0.000      0.826      0.826
[13:55:39] temsLivelyAnimationsMissionLogic.OnMissionTick      317       2.52      0.008      1.019      1.019
[13:55:39] terLib:MBSubModuleBase.OnApplicationTick[post]    31590       2.28      0.000      0.435      0.435
[13:55:39] rges.CinematicChargesMissionLogic.OnAgentBuild      600       2.23      0.004      1.622      1.622
[13:55:39] lineModFork:Formation.GetDirectionOfUnit[post]    10682       2.22      0.000      0.019      0.019
[13:55:39] kNBash.AIKickNBashMissionBehavior.OnAgentBuild      600       2.18      0.004      1.188      1.188
[13:55:39] t:MissionMainAgentController.ControlTick[post]     2260       2.15      0.001      0.020      0.020
[13:55:39] .MissionGauntletSpectatorControl.OnMissionTick      317       2.14      0.007      0.214      0.214
[13:55:39] Patch:MBSubModuleBase.AfterAsyncTickTick[post]    31383       2.13      0.000      0.746      0.746
[13:55:39] ehaviours.ShieldRotationBehavior.OnMissionTick      317       2.10      0.007      1.090      1.090
[13:55:39] ation.SwitchUnitLocationsWithBackMostUnit[pre]      891       2.04      0.002      0.211      0.211
[13:55:39] Patch:MBSubModuleBase.AfterAsyncTickTick[post]    31383       2.01      0.000      0.216      0.216
[13:55:39] erlord.UIExtenderEx:BrushFactory.GetBrush[pre]     7237       2.00      0.000      1.639      1.639
[13:55:39] BMAI:BehaviorCharge.CalculateCurrentOrder[pre]       10       1.97      0.197      1.191      1.191
[13:55:39] derController.GetActiveArrangementOrderOf[pre]      303       1.95      0.006      1.707      1.707
[13:55:39] ehav.Raise_your_Banner.RYB_Core_B.OnAgentBuild      600       1.90      0.003      1.178      1.178
[13:55:39] aultBattleMissionAgentSpawnLogic.OnMissionTick      317       1.87      0.006      1.024      1.024
[13:55:39] ra.CommandSystem:OrderSetVM.RefreshOrders[pre]       20       1.84      0.092      1.083      1.083
[13:55:39] onHandler.TryGetFormationDistanceToCenter[pre]      948       1.77      0.002      0.377      0.377
[13:55:39] lds.MountAndBlade.BattleEndLogic.OnMissionTick      317       1.68      0.005      1.165      1.165
[13:55:39] s.RealisticSoundsMissionBehavior.OnMissionTick      317       1.58      0.005      0.549      0.549
[13:55:39] Combat:Agent.EquipItemsFromSpawnEquipment[pre]      601       1.47      0.002      0.009      0.009
[13:55:39] Combat:CommonAIComponent.InitializeMorale[pre]      600       1.46      0.002      0.338      0.338
[13:55:39] untAndBlade.HighlightsController.OnMissionTick      317       1.42      0.004      1.026      1.026
[13:55:39] .StaminaSystem.StaminaUIBehavior.OnMissionTick      634       1.42      0.002      0.246      0.246
[13:55:39] minaSystem.StaminaMissionBehavior.OnAgentBuild      600       1.41      0.002      0.540      0.540
[13:55:39] tinues:FormationQuerySystem.get_MainClass[pre]     1302       1.30      0.001      0.283      0.283
[13:55:39] CPatch:MBSubModuleBase.OnApplicationTick[post]    31590       1.29      0.000      0.019      0.019
[13:55:39] e.MissionBoundaryCrossingHandler.OnMissionTick      317       1.25      0.004      0.140      0.140
[13:55:39] efields:OrderController.PlayOrderGestures[pre]        1       1.21      1.208      1.208      1.208
[13:55:39] MAI:HumanAIComponent.SetBehaviorValueSet[post]     8441       1.16      0.000      0.564      0.564
[13:55:39] IComponent.DisablePickUpForAgentIfNeeded[post]     1245       1.14      0.001      0.442      0.442
[13:55:39] TCH:RTSCamera:OrderFlag.GetCollidedEntity[pre]       44       1.13      0.026      0.032      0.032
[13:55:39] alogue:MBSubModuleBase.OnApplicationTick[post]    31590       1.12      0.000      0.004      0.004
[13:55:39] ork:HumanAIComponent.SetBehaviorValueSet[post]     8441       1.09      0.000      0.515      0.515
[13:55:39] CommandSystem:FacingOrder.GetDirectionAux[pre]     1299       1.06      0.001      0.426      0.426
[13:55:39] PATCH:RTSCamera:Mission.OnTeamDeployed[pre]           2       1.02      0.509      0.691      0.691
[13:55:39] sionViews.Order.OrderTroopPlacer.OnMissionTick      317       0.96      0.003      0.163      0.163
[13:55:39] MAI:BehaviorRegroup.CalculateCurrentOrder[pre]        5       0.93      0.186      0.880      0.880
[13:55:39] ic.DismembermentPlusMissionLogic.OnMissionTick      317       0.91      0.003      0.494      0.494
[13:55:39] CH:BetterPikes:Formation.SetMovementOrder[pre]       99       0.89      0.009      0.053      0.053
[13:55:39] MAI:BehaviorDefend.CalculateCurrentOrder[post]        4       0.87      0.218      0.865      0.865
[13:55:39] ombat:Agent.EquipItemsFromSpawnEquipment[post]      601       0.81      0.001      0.005      0.005
[13:55:39] rrangementOrder.GetShieldDirectionOfUnit[post]     7530       0.79      0.000      0.222      0.222
[13:55:39] MAI:TacticComponent.ManageFormationCounts[pre]        2       0.74      0.371      0.660      0.660
[13:55:39] I:MissionFormationMarkerTargetVM.Refresh[post]      176       0.71      0.004      0.227      0.227
[13:55:39] CH:RTSCamera:Mission.UpdateSceneTimeSpeed[pre]      320       0.69      0.002      0.005      0.005
[13:55:39] :RBMAI:HumanAIComponent.GetFormationFrame[pre]    10675       0.69      0.000      0.053      0.053
[13:55:39] al.OnUnitAddedToFormationForTheFirstTime[post]        5       0.67      0.135      0.661      0.661
[13:55:39] :OrderController.GetActiveMovementOrderOf[pre]      240       0.66      0.003      0.461      0.461
[13:55:39] :RTSCamera:CrosshairVM.SetArrowProperties[pre]      351       0.63      0.002      0.287      0.287
[13:55:39] ltItemValueModel.CalculateTierMeleeWeapon[pre]      927       0.62      0.001      0.006      0.006
[13:55:39] msCinematicCharges.SprintBehavior.OnAgentBuild      600       0.61      0.001      0.006      0.006
[13:55:39] ssionGauntletCategoryLoadManager.OnMissionTick      317       0.58      0.002      0.007      0.007
[13:55:39] v.ArtemCore.ArtemCoreMissionLogic.OnAgentBuild      600       0.50      0.001      0.044      0.044
[13:55:39] nBoundaryCrossingHandler.TickForMainAgent[pre]      317       0.48      0.002      0.006      0.006
[13:55:39] H:Bannerlord.UIExtenderEx:ViewModel..ctor[pre]     3723       0.44      0.000      0.080      0.080
[13:55:39] andSystem:OrderTroopPlacer.OnMissionTick[post]      317       0.44      0.001      0.125      0.125
[13:55:39] andSystem:Formation.CalculateDesiredWidth[pre]        1       0.42      0.416      0.416      0.416
[13:55:39] PATCH:RBMAI:Formation.SetPositioning[pre]          1405       0.38      0.000      0.038      0.038
[13:55:39] MissionBehav.SiegeArcherPoints.OnMissionTick        317       0.38      0.001      0.010      0.010
[13:55:39] egeMorale.SiegeNoRetreatBehavior.OnMissionTick      317       0.38      0.001      0.002      0.002
[13:55:39] s:OrderTroopPlacer.AddOrderPositionEntity[pre]       28       0.36      0.013      0.296      0.296
[13:55:39] RTSCamera:OrderTroopPlacer.GetScreenPoint[pre]      438       0.35      0.001      0.123      0.123
[13:55:39] .MountAndBlade.BannerBearerLogic.OnMissionTick      317       0.34      0.001      0.009      0.009
[13:55:39] d.UIExtenderEx:WidgetFactory.IsCustomType[pre]     7337       0.34      0.000      0.006      0.006
[13:55:39] icChargesFork:MissionScreen.UpdateCamera[post]      229       0.33      0.001      0.004      0.004
[13:55:39] .MountAndBlade.AgentVictoryLogic.OnMissionTick      317       0.33      0.001      0.003      0.003
[13:55:39] nSieges.SiegeLootMissionBehavior.OnMissionTick      317       0.33      0.001      0.008      0.008
[13:55:39] onGauntletSpectatorControl.OnMissionTick[post]      317       0.32      0.001      0.003      0.003
[13:55:39] lter.Logics.FormationFilterLogic.OnMissionTick      317       0.32      0.001      0.002      0.002
[13:55:39] TacticComponent.SetDefaultBehaviorWeights[pre]        4       0.32      0.079      0.281      0.281
[13:55:39] sionLogics.MissionObjectiveLogic.OnMissionTick      317       0.31      0.001      0.002      0.002
[13:55:39] ndSystem.Logic.CommandSystemLogic.OnAgentBuild      600       0.31      0.001      0.266      0.266
[13:55:39] rPikes.BetterPikesMissionBehavior.OnAgentBuild      600       0.29      0.000      0.238      0.238
[13:55:39] edSiegeMorale.SiegeMoraleTracker.OnMissionTick      317       0.28      0.001      0.001      0.001
[13:55:39] PATCH:Retinues:Mission.SpawnAgent[pre]              600       0.27      0.000      0.252      0.252
[13:55:39] ehaviorProtectFlank.CalculateCurrentOrder[pre]       30       0.27      0.009      0.023      0.023
[13:55:39] tleReinforcementsSpawnController.OnMissionTick      317       0.27      0.001      0.016      0.016
[13:55:39] TCH:Retinues:SubModule.TryRegisterWithMCM[fin]      351       0.25      0.001      0.002      0.002
[13:55:39] BetterPikes:Formation.SetArrangementOrder[pre]       50       0.22      0.004      0.042      0.042
[13:55:39] ionBehaviors.MissionLibraryLogic.OnMissionTick      317       0.22      0.001      0.003      0.003
[13:55:39] MAI:BehaviorAdvance.CalculateCurrentOrder[pre]       17       0.20      0.012      0.033      0.033
[13:55:39] rderTroopPlacer.HideOrderPositionEntities[pre]       39       0.19      0.005      0.055      0.055
[13:55:39] PATCH:Retinues:EscapeMenuVM..ctor[post]               1       0.18      0.183      0.183      0.183
[13:55:39] PATCH:RBMAI:BehaviorRegroup.GetAiWeight[pre]          6       0.18      0.030      0.153      0.153
[13:55:39] mandSystem:MissionOrderVM.RegisterEvents[post]        1       0.15      0.153      0.153      0.153
[13:55:39] CH:RTSCamera:Mission.OnDeploymentFinished[pre]        1       0.15      0.150      0.150      0.150
[13:55:39] letFormationMarker.UpdateMarkerPositions[post]      195       0.15      0.001      0.002      0.002
[13:55:39] enderEx:WidgetFactory.CreateBuiltinWidget[pre]     6710       0.14      0.000      0.004      0.004
[13:55:39] ttleSizeResized:GameTextManager.FindText[post]     1139       0.13      0.000      0.008      0.008
[13:55:39] erPikes:BehaviorAdvance.TickOccasionally[post]        6       0.13      0.022      0.061      0.061
[13:55:39] ra:MissionAgentLabelView.IsAllyInAllyTeam[pre]    16200       0.13      0.000      0.007      0.007
[13:55:39] etFormationMarker.RefreshTargetProperties[pre]       44       0.11      0.003      0.067      0.067
[13:55:39] tatCalculateModel.SetAiRelatedProperties[post]     4585       0.11      0.000      0.022      0.022
[13:55:39] em:OrderController.GetActiveRidingOrderOf[pre]       99       0.09      0.001      0.006      0.006
[13:55:39] tlineMod.FrontlineCleanupBehavior.OnAgentBuild      600       0.08      0.000      0.055      0.055
[13:55:39] em:OrderController.GetActiveFiringOrderOf[pre]       99       0.08      0.001      0.004      0.004
[13:55:39] .UIExtenderEx:WidgetFactory.GetCustomType[pre]      276       0.07      0.000      0.004      0.004
[13:55:39] es:BehaviorComponent.OnBehaviorActivated[post]        6       0.07      0.012      0.022      0.022
[13:55:39] PATCH:RBMAI:Formation.SetMovementOrder[pre]          99       0.06      0.001      0.019      0.019
[13:55:39] erListPanel.GetDistanceRelatedAlphaTarget[pre]      176       0.06      0.000      0.003      0.003
[13:55:39] terPikes:BehaviorCharge.TickOccasionally[post]        3       0.06      0.018      0.034      0.034
[13:55:39] em:OrderController.GetActiveFacingOrderOf[pre]       74       0.05      0.001      0.004      0.004
[13:55:39] RTSCamera:MissionOrderVM.CheckCanBeOpened[pre]       48       0.05      0.001      0.003      0.003
[13:55:39] viorHoldHighGround.CalculateCurrentOrder[post]        4       0.05      0.012      0.042      0.042
[13:55:39] mandSystem:MissionOrderVM.get_CursorState[pre]       88       0.05      0.001      0.002      0.002
[13:55:39] FrontlineModFork:LineFormation.RemoveUnit[pre]     1781       0.04      0.000      0.003      0.003
[13:55:39] TCH:MapIndicators:GauntletLayer.LoadMovie[pre]       17       0.03      0.002      0.003      0.003
[13:55:39] eAgentStatCalculateModel.UpdateHumanStats[fin]     4585       0.03      0.000      0.007      0.007
[13:55:39] PATCH:RTSCamera:OrderFlag.GetFlagPosition[pre]       44       0.02      0.001      0.004      0.004
[13:55:39] er.v1.4.6:OrderOfBattleVM.OnHeroesChanged[pre]        8       0.02      0.003      0.009      0.009
[13:55:39] :BehaviorProtectFlank.CheckAndChangeState[pre]       12       0.02      0.002      0.007      0.007
[13:55:39] PATCH:RBMAI:Mission.SpawnTroop[pre]                 600       0.02      0.000      0.005      0.005
[13:55:39] l.CanBannerBearerProvideEffectToFormation[pre]      602       0.02      0.000      0.003      0.003
[13:55:39] mmandSystem:Formation.get_MinimumInterval[pre]       17       0.02      0.001      0.003      0.003
[13:55:39] Camera:MissionOrderVM.TryCloseToggleOrder[pre]        7       0.02      0.002      0.003      0.003
[13:55:39] CH:RBMAI:BehaviorProtectFlank.GetAiWeight[pre]       12       0.01      0.001      0.002      0.002
[13:55:39] PATCH:RBMAI:Agent.SetFiringOrder[pre]              1600       0.01      0.000      0.002      0.002
[13:55:39] DefensiveLine.IsTacticalPositionEligible[post]       14       0.01      0.001      0.003      0.003
[13:55:39] andSystem:ArrangementOrder.GetArrangement[pre]       27       0.01      0.000      0.001      0.001
[13:55:39] TCH:RBMAI:Agent.OnWieldedItemIndexChange[post]     1247       0.01      0.000      0.001      0.001
[13:55:39] lls.Behaviours.CrowdStateBehavior.OnAgentBuild      600       0.01      0.000      0.001      0.001
[13:55:39] PATCH:RBMAI:LineFormation.RemoveUnit[pre]          1781       0.01      0.000      0.002      0.002
[13:55:39] H:RTSCamera:OrderItemBaseVM.ExecuteAction[pre]        2       0.01      0.005      0.007      0.007
[13:55:39] ModFork:LineFormation.SwitchUnitLocations[pre]       15       0.01      0.001      0.003      0.003
[13:55:39] sized:BannerlordConfig.get_MaxBattleSize[post]        3       0.01      0.003      0.003      0.003
[13:55:39] gentHumanAILogic.OnAgentControllerChanged[pre]        4       0.01      0.002      0.003      0.003
[13:55:39] leOrderTweaks:Mission.AddTimeSpeedRequest[pre]        1       0.01      0.007      0.007      0.007
[13:55:39] AI:TacticFullScaleAttack.GetTacticWeight[post]        3       0.01      0.002      0.003      0.003
[13:55:39] H:RBMAI:LineFormation.SwitchUnitLocations[pre]       15       0.01      0.000      0.002      0.002
[13:55:39] :RBMAI:Agent.EquipItemsFromSpawnEquipment[pre]      601       0.01      0.000      0.001      0.001
[13:55:39] haviorSkirmishLine.CalculateCurrentOrder[post]        4       0.00      0.001      0.001      0.001
[13:55:39] PATCH:RBMAI:BehaviorCharge.GetAiWeight[post]          3       0.00      0.001      0.003      0.003
[13:55:39] orScreenedSkirmish.CalculateCurrentOrder[post]        4       0.00      0.001      0.001      0.001
[13:55:39] Combat:MissionState.FinishMissionLoading[post]        1       0.00      0.003      0.003      0.003
[13:55:39] mmandSystem:Formation.get_MaximumInterval[pre]        5       0.00      0.001      0.001      0.001
[13:55:39] :TacticCoordinatedRetreat.GetTacticWeight[pre]        3       0.00      0.001      0.001      0.001
[13:55:39] iorCautiousAdvance.CalculateCurrentOrder[post]        4       0.00      0.001      0.001      0.001
[13:55:39] a:OrderTroopPlacer.UpdateFormationDrawing[pre]        7       0.00      0.000      0.001      0.001
[13:55:39] rlord.UIExtenderEx:WidgetFactory.OnUnload[pre]       15       0.00      0.000      0.001      0.001
[13:55:39] CH:RBMAI:MovementOrder.GetSubstituteOrder[pre]        3       0.00      0.000      0.001      0.001
[13:55:39] ATCH:RBMAI:TacticFullScaleAttack.Advance[post]        1       0.00      0.001      0.001      0.001
[13:55:39] ord.UIExtenderEx:ViewModel.ExecuteCommand[pre]        1       0.00      0.001      0.001      0.001
[13:55:39] ndSystem:MovementOrder.GetSubstituteOrder[pre]        3       0.00      0.000      0.001      0.001
[13:55:39] ticFullScaleAttack.ManageFormationCounts[post]        1       0.00      0.001      0.001      0.001
[13:55:39] === END REPORT ===
[13:55:39] === PER-MOD TOTALS (this window, ms — overlapping/nested, not additive) ===
[13:55:39]        2525.87  RTSCamera.CommandSystem
[13:55:39]        1690.16  FrontlineModFork
[13:55:39]         676.99  (engine/unattributed)
[13:55:39]         332.57  RBM
[13:55:39]         316.21  ArtemsCinematicCombat
[13:55:39]         258.00  RBMAI
[13:55:39]          72.92  BetterPikes
[13:55:39]          40.68  RBMCombat
[13:55:39]          38.94  RTSCamera
[13:55:39]          38.19  BattleSizeResized
[13:55:39]          32.69  StaminaSystem
[13:55:39]          25.39  XorberaxLegacy
[13:55:39]          20.79  BreakablePolearms
[13:55:39]          18.11  Bannerlord.ButterLib
[13:55:39]          13.02  BattleOrderTweaks
[13:55:39]          12.65  ArtemsCinematicCharges
[13:55:39]           9.55  Immersive_Battlefields
[13:55:39]           7.40  zzzUniversalPatch
[13:55:39]           6.30  Bannerlord.MBOptionScreen
[13:55:39]           5.98  AIKickNBashFork
[13:55:39]           5.65  AIKickNBash
[13:55:39]           5.35  Bannerlord.Diplomacy
[13:55:39]           5.26  RealisticWeather
[13:55:39]           5.12  MBFastDialogue
[13:55:39]           3.30  Bannerlord.DiplomacyNavalDLCPatch
[13:55:39]           2.99  Bannerlord.UIExtenderEx
[13:55:39]           2.91  CinematicCombatMasterstrikeLogic
[13:55:39]           2.52  ArtemsLivelyAnimations
[13:55:39]           2.15  Bannerlord.FluidCombatNext
[13:55:39]           2.11  ProperShieldWalls
[13:55:39]           2.00  Retinues
[13:55:39]           1.90  Raise_your_Banner
[13:55:39]           1.58  RealisticCombatSounds
[13:55:39]           1.21  Immersive Battlefields
[13:55:39]           1.14  PickupMeleeWeapons
[13:55:39]           0.91  DismembermentPlus
[13:55:39]           0.66  EnhancedSiegeMorale
[13:55:39]           0.50  ArtemCore
[13:55:39]           0.38  SiegeArcherPoints
[13:55:39]           0.33  ArtemsCinematicChargesFork
[13:55:39]           0.33  LootBetweenSieges
[13:55:39]           0.32  FormationFilter
[13:55:39]           0.22  MissionSharedLibrary
[13:55:39]           0.08  FrontlineMod
[13:55:39]           0.03  MapIndicators
[13:55:39]           0.02  FormationFilter.v1.4.6
[13:55:39] === END PER-MOD TOTALS ===
[13:55:40] SLOW MISSIONBEH MissionBehav.RTSCamera.Logic.RTSCameraLogic.OnMissionTick 11.2ms
[13:55:49] === PERFORMANCE REPORT ===
[13:55:49] Method                                            Calls  Total(ms)    Avg(ms)    Max(ms) SessMax(ms)
[13:55:49] --------------------------------------------------------------------------------------------------
[13:55:49] et_CalculateHasSignificantNumberOfMounted[pre] 16230387   28336.45      0.002      9.740      9.740
[13:55:49] odFork:HumanAIComponent.GetFormationFrame[pre]    58724   22644.35      0.386     35.245     35.245
[13:55:49] Mission.Frame(all)                                  695    1219.63      1.755      3.340     29.244
[13:55:49] tStatusBar.UnitStatusMissionView.OnMissionTick      695     587.72      0.846      1.628     53.810
[13:55:49] icCombat.CCShieldTauntTroopsData.OnMissionTick      695     528.19      0.760      1.422      1.422
[13:55:49] omponent.ParallelUpdateFormationMovement[post]    58724     274.28      0.005      6.535      6.535
[13:55:49] TCH:RBMAI:Formation.ApplyActionOnEachUnit[pre]      198     119.81      0.605      3.884      7.282
[13:55:49] eModFork:Formation.GetOrderPositionOfUnit[pre]    65924     108.42      0.002      1.295      1.295
[13:55:49] Pikes.BetterPikesMissionBehavior.OnMissionTick      695     104.87      0.151      0.501      1.342
[13:55:49] PATCH:RBMAI:Agent.IsInWater[pre]                 418351      75.39      0.000      1.300      1.300
[13:55:49] mbat.CinematicCombatMissionLogic.OnMissionTick      695      56.32      0.081      0.425     26.632
[13:55:49] inaSystem.StaminaMissionBehavior.OnMissionTick      695      48.75      0.070      0.147      0.469
[13:55:49] PATCH:RBMAI:HumanAIComponent.OnTick[post]        416268      42.84      0.000      0.373      1.787
[13:55:49] CH:RBMAI:Formation.GetOrderPositionOfUnit[pre]    65924      35.02      0.001      1.245      1.245
[13:55:49] BreakablePolearmsMissionBehavior.OnMissionTick      695      30.37      0.044      0.069      0.568
[13:55:49] stem:OrderTroopPlacer.OnMissionScreenTick[pre]      538      28.02      0.052      0.841     38.336
[13:55:49] PATCH:RBMAI:Agent.UpdateFormationOrders[pre]      51374      25.59      0.000      0.355      0.355
[13:55:49] manAIComponent.GetDesiredSpeedInFormation[pre]    58724      16.67      0.000      1.150      2.048
[13:55:49] andSystem:OrderTroopPlacer.GetCursorState[pre]      542      16.49      0.030      0.440      1.709
[13:55:49] v.RTSCamera.Logic.RTSCameraLogic.OnMissionTick      694      14.81      0.021     11.233     11.233
[13:55:49] H:RBMAI:HumanAIComponent.AdjustSpeedLimit[pre]    58724      14.24      0.000      1.191      1.191
[13:55:49] lineModFork:Formation.GetDirectionOfUnit[post]    33296      12.69      0.000      0.851      0.851
[13:55:49] PATCH:AIKickNBashFork:Agent.OnAIInputSet[post]   416867      10.62      0.000      0.415      0.447
[13:55:49] XorberaxLegacy:MissionScreen.UpdateCamera[pre]      133       9.31      0.070      0.168      0.853
[13:55:49] sCinematicCharges.SprintBehavior.OnMissionTick      695       8.94      0.013      0.033      0.979
[13:55:49] rderTweaks.VolleyMissionBehavior.OnMissionTick      695       8.93      0.013      0.025      4.498
[13:55:49] .MissionGauntletSpectatorControl.OnMissionTick      694       8.42      0.012      0.031      0.214
[13:55:49] ssionViews.MissionAgentLabelView.OnMissionTick      694       7.85      0.011      0.460      1.251
[13:55:49] CH:RBMAI:BehaviorAdvance.TickOccasionally[pre]       31       7.30      0.236      0.510      5.706
[13:55:49] Screen:MBSubModuleBase.OnApplicationTick[post]    48420       6.53      0.000      2.446      2.446
[13:55:49] NBash.AIKickNBashMissionBehavior.OnMissionTick      695       6.17      0.009      0.244      1.630
[13:55:49] ndSystem:MissionOrderVM.PopulateOrderSets[pre]        1       6.07      6.067      6.067     12.513
[13:55:49] creen:MBSubModuleBase.AfterAsyncTickTick[post]    68706       5.06      0.000      0.354      0.434
[13:55:49] CinematicCombatMasterstrikeLogic.OnMissionTick      695       4.72      0.007      0.413      0.797
[13:55:49] erLib:MBSubModuleBase.AfterAsyncTickTick[post]    68706       4.46      0.000      0.373      7.673
[13:55:49] terLib:MBSubModuleBase.OnApplicationTick[post]    48420       4.40      0.000      2.438      2.438
[13:55:49] v.Immersive_Battlefields.IB_Core.OnMissionTick      695       4.35      0.006      0.028      5.263
[13:55:49] Patch:MBSubModuleBase.AfterAsyncTickTick[post]    68706       4.29      0.000      0.258      0.258
[13:55:49] .ButterLib:MBSubModuleBase.OnNetworkTick[post]    50665       4.24      0.000      0.342      3.333
[13:55:49] orberaxLegacy:MissionScreen.UpdateCamera[post]      133       4.24      0.032      0.074      0.408
[13:55:49] :RBMAI:HumanAIComponent.GetFormationFrame[pre]    33295       3.68      0.000      1.095      1.095
[13:55:49] lPatch:MBSubModuleBase.OnApplicationTick[post]    48420       3.45      0.000      0.380      2.948
[13:55:49] logue:MBSubModuleBase.AfterAsyncTickTick[post]    68706       3.42      0.000      0.342      0.727
[13:55:49] omacy:MBSubModuleBase.AfterAsyncTickTick[post]    68706       3.29      0.000      0.274      0.529
[13:55:49] .StaminaSystem.StaminaUIBehavior.OnMissionTick     1389       2.91      0.002      0.039      0.246
[13:55:49] aultBattleMissionAgentSpawnLogic.OnMissionTick      694       2.84      0.004      1.267      1.267
[13:55:49] ehaviours.ShieldRotationBehavior.OnMissionTick      695       2.72      0.004      0.051      1.090
[13:55:49] Patch:MBSubModuleBase.AfterAsyncTickTick[post]    68706       2.65      0.000      0.266      0.746
[13:55:49] ges.CinematicChargesMissionLogic.OnMissionTick      695       2.25      0.003      0.008      2.317
[13:55:49] e.MissionBoundaryCrossingHandler.OnMissionTick      694       1.99      0.003      0.007      0.140
[13:55:49] CPatch:MBSubModuleBase.OnApplicationTick[post]    48420       1.87      0.000      0.330      0.330
[13:55:49] tinues:FormationQuerySystem.get_MainClass[pre]     2776       1.82      0.001      0.005      0.283
[13:55:49] lomacy:MBSubModuleBase.OnApplicationTick[post]    48420       1.70      0.000      0.016      0.826
[13:55:49] PATCH:RBMAI:Formation.GetDirectionOfUnit[post]    33296       1.63      0.000      0.529      1.976
[13:55:49] alogue:MBSubModuleBase.OnApplicationTick[post]    48420       1.61      0.000      0.294      0.294
[13:55:49] s.RealisticSoundsMissionBehavior.OnMissionTick      695       1.48      0.002      0.208      0.549
[13:55:49] onHandler.TryGetFormationDistanceToCenter[pre]     2085       1.45      0.001      0.006      0.377
[13:55:49] CH:BetterPikes:Formation.SetMovementOrder[pre]      124       1.44      0.012      0.022      0.053
[13:55:49] ehaviorProtectFlank.CalculateCurrentOrder[pre]      124       1.44      0.012      0.260      0.260
[13:55:49] sionViews.Order.OrderTroopPlacer.OnMissionTick      694       1.28      0.002      0.016      0.163
[13:55:49] temsLivelyAnimationsMissionLogic.OnMissionTick      695       1.24      0.002      0.017      1.019
[13:55:49] nBoundaryCrossingHandler.TickForMainAgent[pre]      694       1.22      0.002      0.005      0.006
[13:55:49] t:MissionMainAgentController.ControlTick[post]     1330       1.18      0.001      0.023      0.023
[13:55:49] onGauntletSpectatorControl.OnMissionTick[post]      694       0.92      0.001      0.007      0.007
[13:55:49] ssionGauntletCategoryLoadManager.OnMissionTick      694       0.92      0.001      0.003      0.007
[13:55:49] letFormationMarker.UpdateMarkerPositions[post]      177       0.90      0.005      0.008      0.008
[13:55:49] rrangementOrder.GetShieldDirectionOfUnit[post]    25945       0.87      0.000      0.347      0.347
[13:55:49] ltItemValueModel.CalculateTierMeleeWeapon[pre]      695       0.82      0.001      0.006      0.006
[13:55:49] CH:RTSCamera:Mission.UpdateSceneTimeSpeed[pre]      539       0.78      0.001      0.004      0.005
[13:55:49] tleOrderTweaks:MissionScreen.UpdateCamera[pre]      133       0.76      0.006      0.008      0.711
[13:55:49] lds.MountAndBlade.BattleEndLogic.OnMissionTick      694       0.73      0.001      0.006      1.165
[13:55:49] untAndBlade.HighlightsController.OnMissionTick      694       0.73      0.001      0.014      1.026
[13:55:49] ic.DismembermentPlusMissionLogic.OnMissionTick      695       0.71      0.001      0.006      0.494
[13:55:49] MAI:BehaviorAdvance.CalculateCurrentOrder[pre]       62       0.70      0.011      0.026      0.033
[13:55:49] MissionBehav.SiegeArcherPoints.OnMissionTick        695       0.69      0.001      0.002      0.010
[13:55:49] egeMorale.SiegeNoRetreatBehavior.OnMissionTick      694       0.67      0.001      0.002      0.002
[13:55:49] RTSCamera:OrderTroopPlacer.GetScreenPoint[pre]     1084       0.64      0.001      0.237      0.237
[13:55:49] .MountAndBlade.AgentVictoryLogic.OnMissionTick      694       0.62      0.001      0.003      0.003
[13:55:49] ork:HumanAIComponent.SetBehaviorValueSet[post]     7352       0.59      0.000      0.267      0.515
[13:55:49] lter.Logics.FormationFilterLogic.OnMissionTick      694       0.58      0.001      0.005      0.005
[13:55:49] TCH:RTSCamera:OrderFlag.GetCollidedEntity[pre]       25       0.57      0.023      0.028      0.032
[13:55:49] PATCH:BetterPikes:Formation.SetFormOrder[pre]        32       0.54      0.017      0.027      0.338
[13:55:49] :RTSCamera:CrosshairVM.SetArrowProperties[pre]      538       0.54      0.001      0.002      0.287
[13:55:49] nSieges.SiegeLootMissionBehavior.OnMissionTick      694       0.54      0.001      0.002      0.008
[13:55:49] andSystem:OrderTroopPlacer.OnMissionTick[post]      694       0.54      0.001      0.014      0.125
[13:55:49] onGauntletOrderOfBattleUIHandler.OnMissionTick      694       0.52      0.001      0.013      3.856
[13:55:49] PATCH:RBMAI:Formation.SetPositioning[pre]          2842       0.51      0.000      0.007      0.038
[13:55:49] FormationMarkerVM.RefreshFormationMarkers[pre]       25       0.50      0.020      0.031      2.393
[13:55:49] .MountAndBlade.BannerBearerLogic.OnMissionTick      694       0.48      0.001      0.005      0.009
[13:55:49] sionLogics.MissionObjectiveLogic.OnMissionTick      694       0.44      0.001      0.001      0.002
[13:55:49] erPikes:BehaviorAdvance.TickOccasionally[post]       31       0.44      0.014      0.015      0.061
[13:55:49] TCH:Retinues:SubModule.TryRegisterWithMCM[fin]      538       0.31      0.001      0.001      0.002
[13:55:49] I:MissionFormationMarkerTargetVM.Refresh[post]      100       0.30      0.003      0.022      0.227
[13:55:49] rderTroopPlacer.HideOrderPositionEntities[pre]       26       0.30      0.012      0.021      0.055
[13:55:49] CommandSystem:FacingOrder.GetDirectionAux[pre]     2776       0.28      0.000      0.004      0.426
[13:55:49] edSiegeMorale.SiegeMoraleTracker.OnMissionTick      694       0.27      0.000      0.001      0.001
[13:55:49] tleReinforcementsSpawnController.OnMissionTick      694       0.26      0.000      0.001      0.016
[13:55:49] BetterPikes:Formation.SetArrangementOrder[pre]       62       0.26      0.004      0.009      0.042
[13:55:49] ionBehaviors.MissionLibraryLogic.OnMissionTick      694       0.26      0.000      0.002      0.003
[13:55:49] mera.CommandSystem:Formation.SetFormOrder[pre]       32       0.21      0.007      0.015     12.488
[13:55:49] icChargesFork:MissionScreen.UpdateCamera[post]      133       0.19      0.001      0.003      0.004
[13:55:49] PATCH:RBMAI:BehaviorRegroup.GetAiWeight[pre]         31       0.15      0.005      0.007      0.153
[13:55:49] MAI:HumanAIComponent.SetBehaviorValueSet[post]     7352       0.10      0.000      0.012      0.564
[13:55:49] PATCH:RTSCamera:OrderFlag.GetFlagPosition[pre]       25       0.08      0.003      0.020      0.020
[13:55:49] PATCH:RBMAI:Formation.SetMovementOrder[pre]         124       0.07      0.001      0.001      0.019
[13:55:49] CH:RBMAI:BehaviorProtectFlank.GetAiWeight[pre]       62       0.06      0.001      0.002      0.002
[13:55:49] :BehaviorProtectFlank.CheckAndChangeState[pre]       62       0.06      0.001      0.001      0.007
[13:55:49] TroopItemVM.FormationOnOnUnitCountChanged[pre]        2       0.06      0.029      0.052      0.137
[13:55:49] ra.CommandSystem:OrderSetVM.RefreshOrders[pre]       10       0.05      0.005      0.015      1.083
[13:55:49] .CommandSystem:Formation.ReapplyFormOrder[pre]        1       0.05      0.045      0.045      5.539
[13:55:49] RTSCamera:MissionOrderVM.CheckCanBeOpened[pre]       26       0.03      0.001      0.002      0.003
[13:55:49] erListPanel.GetDistanceRelatedAlphaTarget[pre]      100       0.03      0.000      0.004      0.004
[13:55:49] etFormationMarker.RefreshTargetProperties[pre]       25       0.03      0.001      0.001      0.067
[13:55:49] derController.GetActiveArrangementOrderOf[pre]       25       0.03      0.001      0.002      1.707
[13:55:49] :OrderController.GetActiveMovementOrderOf[pre]       20       0.02      0.001      0.004      0.461
[13:55:49] mandSystem:MissionOrderVM.get_CursorState[pre]       50       0.02      0.000      0.003      0.003
[13:55:49] ttleSizeResized:GameTextManager.FindText[post]       51       0.02      0.000      0.003      0.008
[13:55:49] erlord.UIExtenderEx:BrushFactory.GetBrush[pre]      308       0.01      0.000      0.003      1.639
[13:55:49] DefensiveLine.IsTacticalPositionEligible[post]       42       0.01      0.000      0.003      0.003
[13:55:49] d.UIExtenderEx:WidgetFactory.IsCustomType[pre]      398       0.01      0.000      0.002      0.006
[13:55:49] em:OrderController.GetActiveRidingOrderOf[pre]       11       0.01      0.001      0.001      0.006
[13:55:49] em:OrderController.GetActiveFiringOrderOf[pre]       11       0.01      0.001      0.001      0.004
[13:55:49] mmandSystem:Formation.get_MaximumInterval[pre]       12       0.01      0.001      0.001      0.001
[13:55:49] Combat:CommonAIComponent.InitializeMorale[pre]        1       0.01      0.007      0.007      0.338
[13:55:49] em:OrderController.GetActiveFacingOrderOf[pre]        7       0.01      0.001      0.001      0.004
[13:55:49] ra:MissionAgentLabelView.IsAllyInAllyTeam[pre]     2401       0.01      0.000      0.001      0.007
[13:55:49] AI:TacticFullScaleAttack.GetTacticWeight[post]        6       0.01      0.001      0.001      0.003
[13:55:49] :TacticCoordinatedRetreat.GetTacticWeight[pre]        6       0.01      0.001      0.001      0.001
[13:55:49] .UIExtenderEx:WidgetFactory.GetCustomType[pre]       64       0.01      0.000      0.002      0.004
[13:55:49] ation.SwitchUnitLocationsWithBackMostUnit[pre]        1       0.00      0.004      0.004      0.211
[13:55:49] leOrderTweaks:Mission.AddTimeSpeedRequest[pre]        1       0.00      0.004      0.004      0.007
[13:55:49] enderEx:WidgetFactory.CreateBuiltinWidget[pre]      335       0.00      0.000      0.001      0.004
[13:55:49] Camera:MissionOrderVM.TryCloseToggleOrder[pre]        1       0.00      0.002      0.002      0.003
[13:55:49] H:Bannerlord.UIExtenderEx:ViewModel..ctor[pre]       60       0.00      0.000      0.002      0.080
[13:55:49] ather:SwitchFreeCameraLogic.SwitchCamera[post]        1       0.00      0.002      0.002      0.002
[13:55:49] TCH:MapIndicators:GauntletLayer.LoadMovie[pre]        1       0.00      0.001      0.001      0.003
[13:55:49] gentHumanAILogic.OnAgentControllerChanged[pre]        1       0.00      0.001      0.001      0.003
[13:55:49] era.CommandSystem:MissionOrderVM.OnEscape[pre]        1       0.00      0.001      0.001      0.001
[13:55:49] === END REPORT ===
[13:55:49] === PER-MOD TOTALS (this window, ms — overlapping/nested, not additive) ===
[13:55:49]       28405.25  RTSCamera.CommandSystem
[13:55:49]       22766.05  FrontlineModFork
[13:55:49]        1246.70  (engine/unattributed)
[13:55:49]         604.07  RBMAI
[13:55:49]         587.72  RBM
[13:55:49]         584.52  ArtemsCinematicCombat
[13:55:49]         107.54  BetterPikes
[13:55:49]          51.66  StaminaSystem
[13:55:49]          30.37  BreakablePolearms
[13:55:49]          22.54  RTSCamera
[13:55:49]          13.54  XorberaxLegacy
[13:55:49]          13.10  Bannerlord.ButterLib
[13:55:49]          11.59  Bannerlord.MBOptionScreen
[13:55:49]          11.19  ArtemsCinematicCharges
[13:55:49]          10.62  AIKickNBashFork
[13:55:49]           9.69  BattleOrderTweaks
[13:55:49]           6.17  AIKickNBash
[13:55:49]           6.16  Bannerlord.DiplomacyNavalDLCPatch
[13:55:49]           6.10  zzzUniversalPatch
[13:55:49]           5.03  MBFastDialogue
[13:55:49]           4.99  Bannerlord.Diplomacy
[13:55:49]           4.72  CinematicCombatMasterstrikeLogic
[13:55:49]           4.35  Immersive_Battlefields
[13:55:49]           2.72  ProperShieldWalls
[13:55:49]           2.14  Retinues
[13:55:49]           1.48  RealisticCombatSounds
[13:55:49]           1.24  ArtemsLivelyAnimations
[13:55:49]           1.18  Bannerlord.FluidCombatNext
[13:55:49]           0.93  EnhancedSiegeMorale
[13:55:49]           0.83  RBMCombat
[13:55:49]           0.71  DismembermentPlus
[13:55:49]           0.69  SiegeArcherPoints
[13:55:49]           0.58  FormationFilter
[13:55:49]           0.54  LootBetweenSieges
[13:55:49]           0.26  MissionSharedLibrary
[13:55:49]           0.19  ArtemsCinematicChargesFork
[13:55:49]           0.03  Bannerlord.UIExtenderEx
[13:55:49]           0.02  BattleSizeResized
[13:55:49]           0.00  RealisticWeather
[13:55:49]           0.00  MapIndicators
[13:55:49] === END PER-MOD TOTALS ===
[13:55:59] === PERFORMANCE REPORT ===
[13:55:59] Method                                            Calls  Total(ms)    Avg(ms)    Max(ms) SessMax(ms)
[13:55:59] --------------------------------------------------------------------------------------------------
[13:55:59] et_CalculateHasSignificantNumberOfMounted[pre]  2440413    2964.66      0.001      2.806      9.740
[13:55:59] odFork:HumanAIComponent.GetFormationFrame[pre]     8975    2611.76      0.291     30.264     35.245
[13:55:59] Mission.Frame(all)                                  772    1092.63      1.415      2.291     29.244
[13:55:59] tStatusBar.UnitStatusMissionView.OnMissionTick      772     754.27      0.977      1.893     53.810
[13:55:59] icCombat.CCShieldTauntTroopsData.OnMissionTick      771     590.62      0.766      1.392      1.422
[13:55:59] stem:OrderTroopPlacer.OnMissionScreenTick[pre]      772     499.51      0.647     24.156     38.336
[13:55:59] er.UpdateFormationDrawingForMovementOrder[pre]       66     210.71      3.193     23.861     37.555
[13:55:59] Pikes.BetterPikesMissionBehavior.OnMissionTick      771     117.94      0.153      0.693      1.342
[13:55:59] s:OrderTroopPlacer.AddOrderPositionEntity[pre]   118200      95.25      0.001      2.367      2.367
[13:55:59] PATCH:RBMAI:Agent.IsInWater[pre]                 464876      90.95      0.000      1.516      1.516
[13:55:59] inaSystem.StaminaMissionBehavior.OnMissionTick      771      55.95      0.073      0.164      0.469
[13:55:59] eModFork:Formation.GetOrderPositionOfUnit[pre]   152436      54.44      0.000      1.192      1.295
[13:55:59] PATCH:RBMAI:HumanAIComponent.OnTick[post]        463200      44.78      0.000      0.580      1.787
[13:55:59] TCH:RBMAI:Formation.ApplyActionOnEachUnit[pre]       83      37.71      0.454      5.507      7.282
[13:55:59] BreakablePolearmsMissionBehavior.OnMissionTick      771      35.95      0.047      0.084      0.568
[13:55:59] omponent.ParallelUpdateFormationMovement[post]     8975      27.20      0.003      0.965      6.535
[13:55:59] CH:RBMAI:Formation.GetOrderPositionOfUnit[pre]   152436      19.42      0.000      1.113      1.245
[13:55:59] ndSystem:MissionOrderVM.PopulateOrderSets[pre]        3      14.87      4.955      5.560     12.513
[13:55:59] PATCH:AIKickNBashFork:Agent.OnAIInputSet[post]   463200      12.93      0.000      0.590      0.590
[13:55:59] mbat.CinematicCombatMissionLogic.OnMissionTick      771      12.72      0.016      0.409     26.632
[13:55:59] .MissionGauntletSpectatorControl.OnMissionTick      772      12.36      0.016      0.104      0.214
[13:55:59] andSystem:OrderTroopPlacer.GetCursorState[pre]      795      12.10      0.015      0.358      1.709
[13:55:59] FormationMarkerVM.RefreshFormationMarkers[pre]      649      12.05      0.019      0.054      2.393
[13:55:59] TCH:RTSCamera:OrderFlag.GetCollidedEntity[pre]      649      11.89      0.018      0.397      0.397
[13:55:59] sCinematicCharges.SprintBehavior.OnMissionTick      771      10.86      0.014      0.044      0.979
[13:55:59] rderTweaks.VolleyMissionBehavior.OnMissionTick      771      10.23      0.013      0.026      4.498
[13:55:59] I:MissionFormationMarkerTargetVM.Refresh[post]     2596       7.63      0.003      0.045      0.227
[13:55:59] .ButterLib:MBSubModuleBase.OnNetworkTick[post]    72568       6.62      0.000      0.347      3.333
[13:55:59] Screen:MBSubModuleBase.OnApplicationTick[post]    69480       6.39      0.000      0.568      2.446
[13:55:59] creen:MBSubModuleBase.AfterAsyncTickTick[post]    76428       6.10      0.000      0.531      0.531
[13:55:59] CinematicCombatMasterstrikeLogic.OnMissionTick      771       5.59      0.007      0.016      0.797
[13:55:59] erLib:MBSubModuleBase.AfterAsyncTickTick[post]    76428       5.45      0.000      0.526      7.673
[13:55:59] rderTroopPlacer.HideOrderPositionEntities[pre]      548       5.26      0.010      0.026      0.055
[13:55:59] lomacy:MBSubModuleBase.OnApplicationTick[post]    69480       5.02      0.000      0.375      0.826
[13:55:59] H:RBMAI:HumanAIComponent.AdjustSpeedLimit[pre]     8975       4.79      0.001      1.090      1.191
[13:55:59] CPatch:MBSubModuleBase.OnApplicationTick[post]    69480       4.77      0.000      0.581      0.581
[13:55:59] alogue:MBSubModuleBase.OnApplicationTick[post]    69480       4.70      0.000      0.556      0.556
[13:55:59] Patch:MBSubModuleBase.AfterAsyncTickTick[post]    76428       4.61      0.000      0.325      0.325
[13:55:59] logue:MBSubModuleBase.AfterAsyncTickTick[post]    76428       4.59      0.000      0.506      0.727
[13:55:59] lPatch:MBSubModuleBase.OnApplicationTick[post]    69480       4.47      0.000      0.362      2.948
[13:55:59] v.RTSCamera.Logic.RTSCameraLogic.OnMissionTick      772       3.83      0.005      0.024     11.233
[13:55:59] PATCH:RBMAI:Agent.UpdateFormationOrders[pre]       7225       3.74      0.001      0.017      0.355
[13:55:59] omacy:MBSubModuleBase.AfterAsyncTickTick[post]    76428       3.69      0.000      0.301      0.529
[13:55:59] Patch:MBSubModuleBase.AfterAsyncTickTick[post]    76428       3.66      0.000      0.472      0.746
[13:55:59] onHandler.TryGetFormationDistanceToCenter[pre]     2316       3.63      0.002      0.013      0.377
[13:55:59] manAIComponent.GetDesiredSpeedInFormation[pre]     8974       3.63      0.000      1.088      2.048
[13:55:59] terLib:MBSubModuleBase.OnApplicationTick[post]    69480       3.62      0.000      0.315      2.438
[13:55:59] ssionViews.MissionAgentLabelView.OnMissionTick      772       3.50      0.005      0.011      1.251
[13:55:59] letFormationMarker.UpdateMarkerPositions[post]      649       3.28      0.005      0.016      0.016
[13:55:59] v.Immersive_Battlefields.IB_Core.OnMissionTick      772       3.03      0.004      0.014      5.263
[13:55:59] ges.CinematicChargesMissionLogic.OnMissionTick      771       2.57      0.003      0.009      2.317
[13:55:59] e.MissionBoundaryCrossingHandler.OnMissionTick      772       2.46      0.003      0.047      0.140
[13:55:59] lineModFork:Formation.GetDirectionOfUnit[post]     5748       2.14      0.000      0.551      0.851
[13:55:59] .StaminaSystem.StaminaUIBehavior.OnMissionTick     1543       2.11      0.001      0.012      0.246
[13:55:59] tinues:FormationQuerySystem.get_MainClass[pre]     3092       1.99      0.001      0.019      0.283
[13:55:59] ehaviours.ShieldRotationBehavior.OnMissionTick      772       1.98      0.003      0.080      1.090
[13:55:59] aultBattleMissionAgentSpawnLogic.OnMissionTick      772       1.92      0.002      0.005      1.267
[13:55:59] NBash.AIKickNBashMissionBehavior.OnMissionTick      772       1.70      0.002      0.234      1.630
[13:55:59] temsLivelyAnimationsMissionLogic.OnMissionTick      771       1.70      0.002      0.007      1.019
[13:55:59] s.RealisticSoundsMissionBehavior.OnMissionTick      772       1.65      0.002      0.006      0.549
[13:55:59] mera.CommandSystem:Formation.SetFormOrder[pre]       24       1.60      0.067      0.089     12.488
[13:55:59] nBoundaryCrossingHandler.TickForMainAgent[pre]      772       1.58      0.002      0.005      0.006
[13:55:59] sionViews.Order.OrderTroopPlacer.OnMissionTick      772       1.51      0.002      0.004      0.163
[13:55:59] :RBMAI:HumanAIComponent.GetFormationFrame[pre]     5748       1.36      0.000      0.762      1.095
[13:55:59] onGauntletSpectatorControl.OnMissionTick[post]      772       1.31      0.002      0.007      0.007
[13:55:59] ra.CommandSystem:ArrangementOrder.OnApply[pre]       18       1.20      0.067      0.076      2.177
[13:55:59] ssionGauntletCategoryLoadManager.OnMissionTick      772       1.11      0.001      0.005      0.007
[13:55:59] onGauntletOrderOfBattleUIHandler.OnMissionTick      772       1.02      0.001      0.311      3.856
[13:55:59] ltItemValueModel.CalculateTierMeleeWeapon[pre]      771       0.98      0.001      0.008      0.008
[13:55:59] CH:RBMAI:BehaviorAdvance.TickOccasionally[pre]        4       0.97      0.242      0.246      5.706
[13:55:59] RTSCamera:OrderTroopPlacer.GetScreenPoint[pre]     1653       0.96      0.001      0.344      0.344
[13:55:59] CH:RTSCamera:Mission.UpdateSceneTimeSpeed[pre]      772       0.92      0.001      0.008      0.008
[13:55:59] ic.DismembermentPlusMissionLogic.OnMissionTick      772       0.91      0.001      0.008      0.494
[13:55:59] untAndBlade.HighlightsController.OnMissionTick      772       0.88      0.001      0.003      1.026
[13:55:59] egeMorale.SiegeNoRetreatBehavior.OnMissionTick      772       0.83      0.001      0.003      0.003
[13:55:59] MissionBehav.SiegeArcherPoints.OnMissionTick        772       0.83      0.001      0.007      0.010
[13:55:59] RTSCamera:MissionOrderVM.CheckCanBeOpened[pre]      653       0.81      0.001      0.022      0.022
[13:55:59] lds.MountAndBlade.BattleEndLogic.OnMissionTick      772       0.79      0.001      0.003      1.165
[13:55:59] erListPanel.GetDistanceRelatedAlphaTarget[pre]     2596       0.79      0.000      0.007      0.007
[13:55:59] .MountAndBlade.AgentVictoryLogic.OnMissionTick      772       0.78      0.001      0.002      0.003
[13:55:59] lter.Logics.FormationFilterLogic.OnMissionTick      772       0.74      0.001      0.003      0.005
[13:55:59] :RTSCamera:CrosshairVM.SetArrowProperties[pre]      772       0.74      0.001      0.003      0.287
[13:55:59] nSieges.SiegeLootMissionBehavior.OnMissionTick      772       0.71      0.001      0.004      0.008
[13:55:59] PATCH:RTSCamera:OrderFlag.GetFlagPosition[pre]      649       0.70      0.001      0.010      0.020
[13:55:59] PATCH:RBMAI:Formation.SetPositioning[pre]          3175       0.69      0.000      0.007      0.038
[13:55:59] sionLogics.MissionObjectiveLogic.OnMissionTick      772       0.67      0.001      0.004      0.004
[13:55:59] etFormationMarker.RefreshTargetProperties[pre]      649       0.66      0.001      0.002      0.067
[13:55:59] andSystem:OrderTroopPlacer.OnMissionTick[post]      772       0.63      0.001      0.002      0.125
[13:55:59] rrangementOrder.GetShieldDirectionOfUnit[post]     3998       0.62      0.000      0.274      0.347
[13:55:59] .MountAndBlade.BannerBearerLogic.OnMissionTick      772       0.59      0.001      0.006      0.009
[13:55:59] CommandSystem:FacingOrder.GetDirectionAux[pre]     3088       0.55      0.000      0.015      0.426
[13:55:59] tleReinforcementsSpawnController.OnMissionTick      772       0.41      0.001      0.005      0.016
[13:55:59] edSiegeMorale.SiegeMoraleTracker.OnMissionTick      772       0.40      0.001      0.003      0.003
[13:55:59] mandSystem:MissionOrderVM.get_CursorState[pre]     1302       0.40      0.000      0.002      0.003
[13:55:59] TCH:Retinues:SubModule.TryRegisterWithMCM[fin]      772       0.38      0.000      0.002      0.002
[13:55:59] derController.GetActiveArrangementOrderOf[pre]      431       0.35      0.001      0.006      1.707
[13:55:59] ra:MissionAgentLabelView.IsAllyInAllyTeam[pre]     2400       0.34      0.000      0.326      0.326
[13:55:59] PATCH:RBMAI:Formation.GetDirectionOfUnit[post]     5748       0.32      0.000      0.147      1.976
[13:55:59] tatCalculateModel.SetAiRelatedProperties[post]      300       0.31      0.001      0.008      0.316
[13:55:59] ionBehaviors.MissionLibraryLogic.OnMissionTick      772       0.30      0.000      0.002      0.003
[13:55:59] AgentStatCalculateModel.UpdateHumanStats[post]      300       0.30      0.001      0.004      0.502
[13:55:59] CH:BetterPikes:Formation.SetMovementOrder[pre]       36       0.28      0.008      0.034      0.053
[13:55:59] :OrderController.GetActiveMovementOrderOf[pre]      283       0.23      0.001      0.004      0.461
[13:55:59] a:OrderTroopPlacer.UpdateFormationDrawing[pre]       66       0.20      0.003      0.008      0.008
[13:55:59] ehaviorProtectFlank.CalculateCurrentOrder[pre]       16       0.15      0.010      0.018      0.260
[13:55:59] ra.CommandSystem:OrderSetVM.RefreshOrders[pre]       30       0.14      0.005      0.018      1.083
[13:55:59] PATCH:BetterPikes:Formation.SetFormOrder[pre]        24       0.13      0.005      0.026      0.338
[13:55:59] em:OrderController.GetActiveRidingOrderOf[pre]      149       0.12      0.001      0.002      0.006
[13:55:59] em:OrderController.GetActiveFiringOrderOf[pre]      149       0.11      0.001      0.002      0.004
[13:55:59] MAI:BehaviorAdvance.CalculateCurrentOrder[pre]        8       0.10      0.013      0.023      0.033
[13:55:59] ation.SwitchUnitLocationsWithBackMostUnit[pre]       44       0.09      0.002      0.005      0.211
[13:55:59] efields:OrderController.PlayOrderGestures[pre]        2       0.08      0.038      0.045      1.208
[13:55:59] em:OrderController.GetActiveFacingOrderOf[pre]      107       0.08      0.001      0.003      0.004
[13:55:59] erPikes:BehaviorAdvance.TickOccasionally[post]        4       0.06      0.014      0.014      0.061
[13:55:59] BetterPikes:Formation.SetArrangementOrder[pre]       26       0.05      0.002      0.004      0.042
[13:55:59] erlord.UIExtenderEx:BrushFactory.GetBrush[pre]      894       0.04      0.000      0.002      1.639
[13:55:59] PATCH:RBMAI:Formation.SetMovementOrder[pre]          36       0.03      0.001      0.001      0.019
[13:55:59] d.UIExtenderEx:WidgetFactory.IsCustomType[pre]     1113       0.03      0.000      0.002      0.006
[13:55:59] PATCH:RBMAI:BehaviorRegroup.GetAiWeight[pre]          4       0.02      0.005      0.005      0.153
[13:55:59] andSystem:ArrangementOrder.GetArrangement[pre]       18       0.02      0.001      0.001      0.001
[13:55:59] ork:HumanAIComponent.SetBehaviorValueSet[post]     1750       0.02      0.000      0.002      0.515
[13:55:59] MAI:HumanAIComponent.SetBehaviorValueSet[post]     1750       0.02      0.000      0.002      0.564
[13:55:59] ttleSizeResized:GameTextManager.FindText[post]      162       0.01      0.000      0.002      0.008
[13:55:59] H:Bannerlord.UIExtenderEx:ViewModel..ctor[pre]      142       0.01      0.000      0.003      0.080
[13:55:59] ndSystem:OrderTroopPlacer.HandleMouseDown[pre]        2       0.01      0.006      0.008      0.008
[13:55:59] leOrderTweaks:Mission.AddTimeSpeedRequest[pre]        3       0.01      0.003      0.004      0.007
[13:55:59] .UIExtenderEx:WidgetFactory.GetCustomType[pre]      189       0.01      0.000      0.002      0.004
[13:55:59] :BehaviorProtectFlank.CheckAndChangeState[pre]        8       0.01      0.001      0.001      0.007
[13:55:59] CH:RBMAI:BehaviorProtectFlank.GetAiWeight[pre]        8       0.01      0.001      0.001      0.002
[13:55:59] enderEx:WidgetFactory.CreateBuiltinWidget[pre]      924       0.01      0.000      0.001      0.004
[13:55:59] Camera:MissionOrderVM.TryCloseToggleOrder[pre]       11       0.01      0.001      0.001      0.003
[13:55:59] tatCalculateModel.SetAiRelatedProperties[post]      300       0.01      0.000      0.002      0.022
[13:55:59] mmandSystem:Formation.get_MinimumInterval[pre]        5       0.01      0.001      0.001      0.003
[13:55:59] AI:TacticFullScaleAttack.GetTacticWeight[post]        1       0.00      0.002      0.002      0.003
[13:55:59] eAgentStatCalculateModel.UpdateHumanStats[fin]      300       0.00      0.000      0.001      0.007
[13:55:59] :TacticCoordinatedRetreat.GetTacticWeight[pre]        1       0.00      0.001      0.001      0.001
[13:55:59] ModFork:LineFormation.SwitchUnitLocations[pre]        3       0.00      0.000      0.001      0.003
[13:55:59] H:RBMAI:LineFormation.SwitchUnitLocations[pre]        3       0.00      0.000      0.001      0.002
[13:55:59] === END REPORT ===
[13:55:59] === PER-MOD TOTALS (this window, ms — overlapping/nested, not additive) ===
[13:55:59]        3716.81  RTSCamera.CommandSystem
[13:55:59]        2668.35  FrontlineModFork
[13:55:59]        1120.63  (engine/unattributed)
[13:55:59]         754.27  RBM
[13:55:59]         603.34  ArtemsCinematicCombat
[13:55:59]         240.83  RBMAI
[13:55:59]         118.45  BetterPikes
[13:55:59]         105.49  BattleOrderTweaks
[13:55:59]          58.06  StaminaSystem
[13:55:59]          43.12  RTSCamera
[13:55:59]          35.95  BreakablePolearms
[13:55:59]          15.70  Bannerlord.ButterLib
[13:55:59]          13.43  ArtemsCinematicCharges
[13:55:59]          12.93  AIKickNBashFork
[13:55:59]          12.48  Bannerlord.MBOptionScreen
[13:55:59]           9.39  Bannerlord.DiplomacyNavalDLCPatch
[13:55:59]           9.29  MBFastDialogue
[13:55:59]           8.71  Bannerlord.Diplomacy
[13:55:59]           8.12  zzzUniversalPatch
[13:55:59]           5.59  CinematicCombatMasterstrikeLogic
[13:55:59]           3.03  Immersive_Battlefields
[13:55:59]           2.36  Retinues
[13:55:59]           1.98  ProperShieldWalls
[13:55:59]           1.70  AIKickNBash
[13:55:59]           1.70  ArtemsLivelyAnimations
[13:55:59]           1.65  RealisticCombatSounds
[13:55:59]           1.23  EnhancedSiegeMorale
[13:55:59]           0.99  RBMCombat
[13:55:59]           0.91  DismembermentPlus
[13:55:59]           0.83  SiegeArcherPoints
[13:55:59]           0.74  FormationFilter
[13:55:59]           0.71  LootBetweenSieges
[13:55:59]           0.30  MissionSharedLibrary
[13:55:59]           0.30  RealisticWeather
[13:55:59]           0.10  Bannerlord.UIExtenderEx
[13:55:59]           0.08  Immersive Battlefields
[13:55:59]           0.01  BattleSizeResized
[13:55:59] === END PER-MOD TOTALS ===
[13:56:09] === PERFORMANCE REPORT ===
[13:56:09] Method                                            Calls  Total(ms)    Avg(ms)    Max(ms) SessMax(ms)
[13:56:09] --------------------------------------------------------------------------------------------------
[13:56:09] et_CalculateHasSignificantNumberOfMounted[pre]  8467452   14296.40      0.002      6.738      9.740
[13:56:09] Mission.Frame(all)                                  752    1075.50      1.430      2.334     29.244
[13:56:09] tStatusBar.UnitStatusMissionView.OnMissionTick      752     754.91      1.004      1.749     53.810
[13:56:09] icCombat.CCShieldTauntTroopsData.OnMissionTick      753     576.32      0.765      3.870      3.870
[13:56:09] stem:OrderTroopPlacer.OnMissionScreenTick[pre]      640     484.74      0.757     17.511     38.336
[13:56:09] er.UpdateFormationDrawingForMovementOrder[pre]      119     316.35      2.658     17.442     37.555
[13:56:09] omponent.ParallelUpdateFormationMovement[post]    26077     257.08      0.010      2.035      6.535
[13:56:09] Pikes.BetterPikesMissionBehavior.OnMissionTick      753     115.35      0.153      1.030      1.342
[13:56:09] PATCH:RBMAI:Agent.IsInWater[pre]                 453294      86.67      0.000      1.162      1.516
[13:56:09] TCH:RBMAI:Formation.ApplyActionOnEachUnit[pre]      170      77.92      0.458      6.375      7.282
[13:56:09] s:OrderTroopPlacer.AddOrderPositionEntity[pre]    79500      61.48      0.001      0.036      2.367
[13:56:09] inaSystem.StaminaMissionBehavior.OnMissionTick      753      57.67      0.077      0.381      0.469
[13:56:09] PATCH:RBMAI:HumanAIComponent.OnTick[post]        451800      50.19      0.000      0.440      1.787
[13:56:09] BreakablePolearmsMissionBehavior.OnMissionTick      753      35.85      0.048      0.403      0.568
[13:56:09] odFork:HumanAIComponent.GetFormationFrame[pre]    26077      25.22      0.001      1.015     35.245
[13:56:09] mbat.CinematicCombatMissionLogic.OnMissionTick      753      16.55      0.022      0.194     26.632
[13:56:09] eModFork:Formation.GetOrderPositionOfUnit[pre]   112999      15.67      0.000      1.005      1.295
[13:56:09] CH:RBMAI:Formation.GetOrderPositionOfUnit[pre]   112999      13.53      0.000      0.759      1.245
[13:56:09] .MissionGauntletSpectatorControl.OnMissionTick      753      12.11      0.016      0.097      0.214
[13:56:09] FormationMarkerVM.RefreshFormationMarkers[pre]      574      11.24      0.020      0.042      2.393
[13:56:09] ndSystem:MissionOrderVM.PopulateOrderSets[pre]        2      10.75      5.376      5.463     12.513
[13:56:09] sCinematicCharges.SprintBehavior.OnMissionTick      753      10.73      0.014      0.055      0.979
[13:56:09] TCH:RTSCamera:OrderFlag.GetCollidedEntity[pre]      574      10.51      0.018      0.037      0.397
[13:56:09] PATCH:AIKickNBashFork:Agent.OnAIInputSet[post]   451200      10.30      0.000      0.833      0.833
[13:56:09] rderTweaks.VolleyMissionBehavior.OnMissionTick      753      10.14      0.013      0.040      4.498
[13:56:09] andSystem:OrderTroopPlacer.GetCursorState[pre]      662      10.02      0.015      0.426      1.709
[13:56:09] manAIComponent.GetDesiredSpeedInFormation[pre]    26077       7.75      0.000      0.778      2.048
[13:56:09] I:MissionFormationMarkerTargetVM.Refresh[post]     2296       7.13      0.003      0.033      0.227
[13:56:09] creen:MBSubModuleBase.AfterAsyncTickTick[post]    74448       6.27      0.000      0.394      0.531
[13:56:09] CinematicCombatMasterstrikeLogic.OnMissionTick      753       5.42      0.007      0.027      0.797
[13:56:09] rderTroopPlacer.HideOrderPositionEntities[pre]      390       5.09      0.013      0.446      0.446
[13:56:09] H:RBMAI:HumanAIComponent.AdjustSpeedLimit[pre]    26077       4.86      0.000      0.610      1.191
[13:56:09] omacy:MBSubModuleBase.AfterAsyncTickTick[post]    74448       4.43      0.000      0.381      0.529
[13:56:09] Patch:MBSubModuleBase.AfterAsyncTickTick[post]    74448       4.28      0.000      0.350      0.350
[13:56:09] Screen:MBSubModuleBase.OnApplicationTick[post]    57600       4.12      0.000      0.321      2.446
[13:56:09] .ButterLib:MBSubModuleBase.OnNetworkTick[post]    60160       4.06      0.000      0.383      3.333
[13:56:09] ssionViews.MissionAgentLabelView.OnMissionTick      753       3.98      0.005      0.427      1.251
[13:56:09] erLib:MBSubModuleBase.AfterAsyncTickTick[post]    74448       3.86      0.000      0.241      7.673
[13:56:09] lPatch:MBSubModuleBase.OnApplicationTick[post]    57600       3.82      0.000      0.402      2.948
[13:56:09] lineModFork:Formation.GetDirectionOfUnit[post]    26077       3.82      0.000      0.054      0.851
[13:56:09] v.RTSCamera.Logic.RTSCameraLogic.OnMissionTick      753       3.77      0.005      0.015     11.233
[13:56:09] logue:MBSubModuleBase.AfterAsyncTickTick[post]    74448       3.66      0.000      0.316      0.727
[13:56:09] letFormationMarker.UpdateMarkerPositions[post]      640       3.27      0.005      0.017      0.017
[13:56:09] onHandler.TryGetFormationDistanceToCenter[pre]     2256       3.26      0.001      0.035      0.377
[13:56:09] CH:RBMAI:BehaviorAdvance.TickOccasionally[pre]       14       3.22      0.230      0.264      5.706
[13:56:09] Patch:MBSubModuleBase.AfterAsyncTickTick[post]    74448       3.11      0.000      0.355      0.746
[13:56:09] v.Immersive_Battlefields.IB_Core.OnMissionTick      752       3.09      0.004      0.011      5.263
[13:56:09] NBash.AIKickNBashMissionBehavior.OnMissionTick      752       3.02      0.004      0.255      1.630
[13:56:09] lomacy:MBSubModuleBase.OnApplicationTick[post]    57600       2.98      0.000      0.332      0.826
[13:56:09] alogue:MBSubModuleBase.OnApplicationTick[post]    57600       2.63      0.000      0.369      0.556
[13:56:09] mera.CommandSystem:Formation.SetFormOrder[pre]       41       2.62      0.064      0.438     12.488
[13:56:09] terLib:MBSubModuleBase.OnApplicationTick[post]    57600       2.58      0.000      0.402      2.438
[13:56:09] ges.CinematicChargesMissionLogic.OnMissionTick      753       2.45      0.003      0.008      2.317
[13:56:09] e.MissionBoundaryCrossingHandler.OnMissionTick      753       2.30      0.003      0.008      0.140
[13:56:09] .StaminaSystem.StaminaUIBehavior.OnMissionTick     1506       2.29      0.002      0.025      0.246
[13:56:09] ehaviours.ShieldRotationBehavior.OnMissionTick      752       2.16      0.003      0.045      1.090
[13:56:09] tinues:FormationQuerySystem.get_MainClass[pre]     3014       2.04      0.001      0.010      0.283
[13:56:09] CPatch:MBSubModuleBase.OnApplicationTick[post]    57600       1.96      0.000      0.008      0.581
[13:56:09] aultBattleMissionAgentSpawnLogic.OnMissionTick      753       1.91      0.003      0.014      1.267
[13:56:09] ra.CommandSystem:ArrangementOrder.OnApply[pre]       25       1.66      0.066      0.102      2.177
[13:56:09] temsLivelyAnimationsMissionLogic.OnMissionTick      753       1.64      0.002      0.007      1.019
[13:56:09] s.RealisticSoundsMissionBehavior.OnMissionTick      752       1.54      0.002      0.007      0.549
[13:56:09] nBoundaryCrossingHandler.TickForMainAgent[pre]      753       1.49      0.002      0.006      0.006
[13:56:09] sionViews.Order.OrderTroopPlacer.OnMissionTick      753       1.47      0.002      0.004      0.163
[13:56:09] :RBMAI:HumanAIComponent.GetFormationFrame[pre]    26077       1.44      0.000      0.488      1.095
[13:56:09] onGauntletSpectatorControl.OnMissionTick[post]      753       1.28      0.002      0.006      0.007
[13:56:09] PATCH:RBMAI:Formation.GetDirectionOfUnit[post]    26077       1.13      0.000      0.661      1.976
[13:56:09] ssionGauntletCategoryLoadManager.OnMissionTick      753       1.11      0.001      0.007      0.007
[13:56:09] RTSCamera:OrderTroopPlacer.GetScreenPoint[pre]     1423       1.05      0.001      0.412      0.412
[13:56:09] rrangementOrder.GetShieldDirectionOfUnit[post]    21727       0.96      0.000      0.338      0.347
[13:56:09] ltItemValueModel.CalculateTierMeleeWeapon[pre]      753       0.93      0.001      0.002      0.008
[13:56:09] PATCH:RBMAI:Agent.UpdateFormationOrders[pre]      21727       0.84      0.000      0.259      0.355
[13:56:09] ic.DismembermentPlusMissionLogic.OnMissionTick      752       0.80      0.001      0.003      0.494
[13:56:09] lds.MountAndBlade.BattleEndLogic.OnMissionTick      753       0.79      0.001      0.018      1.165
[13:56:09] untAndBlade.HighlightsController.OnMissionTick      753       0.79      0.001      0.005      1.026
[13:56:09] CH:RTSCamera:Mission.UpdateSceneTimeSpeed[pre]      640       0.76      0.001      0.004      0.008
[13:56:09] egeMorale.SiegeNoRetreatBehavior.OnMissionTick      753       0.75      0.001      0.006      0.006
[13:56:09] MissionBehav.SiegeArcherPoints.OnMissionTick        752       0.74      0.001      0.003      0.010
[13:56:09] CH:BetterPikes:Formation.SetMovementOrder[pre]       83       0.73      0.009      0.028      0.053
[13:56:09] RTSCamera:MissionOrderVM.CheckCanBeOpened[pre]      576       0.73      0.001      0.007      0.022
[13:56:09] .MountAndBlade.AgentVictoryLogic.OnMissionTick      753       0.69      0.001      0.003      0.003
[13:56:09] erListPanel.GetDistanceRelatedAlphaTarget[pre]     2296       0.69      0.000      0.006      0.007
[13:56:09] nSieges.SiegeLootMissionBehavior.OnMissionTick      753       0.68      0.001      0.002      0.008
[13:56:09] lter.Logics.FormationFilterLogic.OnMissionTick      753       0.68      0.001      0.002      0.005
[13:56:09] PATCH:RBMAI:Formation.SetPositioning[pre]          3150       0.67      0.000      0.015      0.038
[13:56:09] onGauntletOrderOfBattleUIHandler.OnMissionTick      753       0.67      0.001      0.002      3.856
[13:56:09] etFormationMarker.RefreshTargetProperties[pre]      574       0.65      0.001      0.043      0.067
[13:56:09] :RTSCamera:CrosshairVM.SetArrowProperties[pre]      640       0.65      0.001      0.003      0.287
[13:56:09] sionLogics.MissionObjectiveLogic.OnMissionTick      753       0.65      0.001      0.002      0.004
[13:56:09] andSystem:OrderTroopPlacer.OnMissionTick[post]      753       0.64      0.001      0.002      0.125
[13:56:09] .MountAndBlade.BannerBearerLogic.OnMissionTick      753       0.62      0.001      0.006      0.009
[13:56:09] PATCH:RTSCamera:OrderFlag.GetFlagPosition[pre]      574       0.62      0.001      0.018      0.020
[13:56:09] CommandSystem:FacingOrder.GetDirectionAux[pre]     3010       0.51      0.000      0.003      0.426
[13:56:09] tleReinforcementsSpawnController.OnMissionTick      753       0.49      0.001      0.001      0.016
[13:56:09] ehaviorProtectFlank.CalculateCurrentOrder[pre]       56       0.48      0.009      0.017      0.260
[13:56:09] edSiegeMorale.SiegeMoraleTracker.OnMissionTick      753       0.48      0.001      0.002      0.003
[13:56:09] TCH:Retinues:SubModule.TryRegisterWithMCM[fin]      640       0.43      0.001      0.001      0.002
[13:56:09] a:OrderTroopPlacer.UpdateFormationDrawing[pre]      119       0.39      0.003      0.026      0.026
[13:56:09] PATCH:BetterPikes:Formation.SetFormOrder[pre]        41       0.30      0.007      0.025      0.338
[13:56:09] MAI:BehaviorAdvance.CalculateCurrentOrder[pre]       28       0.29      0.010      0.020      0.033
[13:56:09] ionBehaviors.MissionLibraryLogic.OnMissionTick      753       0.28      0.000      0.001      0.003
[13:56:09] derController.GetActiveArrangementOrderOf[pre]      382       0.27      0.001      0.003      1.707
[13:56:09] mandSystem:MissionOrderVM.get_CursorState[pre]     1152       0.25      0.000      0.002      0.003
[13:56:09] erPikes:BehaviorAdvance.TickOccasionally[post]       14       0.20      0.014      0.014      0.061
[13:56:09] :OrderController.GetActiveMovementOrderOf[pre]      246       0.19      0.001      0.003      0.461
[13:56:09] BetterPikes:Formation.SetArrangementOrder[pre]       53       0.14      0.003      0.005      0.042
[13:56:09] ra.CommandSystem:OrderSetVM.RefreshOrders[pre]       20       0.10      0.005      0.018      1.083
[13:56:09] em:OrderController.GetActiveRidingOrderOf[pre]      130       0.10      0.001      0.001      0.006
[13:56:09] em:OrderController.GetActiveFiringOrderOf[pre]      130       0.09      0.001      0.001      0.004
[13:56:09] efields:OrderController.PlayOrderGestures[pre]        2       0.06      0.032      0.032      1.208
[13:56:09] em:OrderController.GetActiveFacingOrderOf[pre]       94       0.06      0.001      0.002      0.004
[13:56:09] PATCH:RBMAI:BehaviorRegroup.GetAiWeight[pre]         14       0.06      0.004      0.007      0.153
[13:56:09] MAI:HumanAIComponent.SetBehaviorValueSet[post]     4350       0.06      0.000      0.005      0.564
[13:56:09] PATCH:RBMAI:Formation.SetMovementOrder[pre]          83       0.05      0.001      0.001      0.019
[13:56:09] ork:HumanAIComponent.SetBehaviorValueSet[post]     4350       0.03      0.000      0.006      0.515
[13:56:09] :BehaviorProtectFlank.CheckAndChangeState[pre]       28       0.03      0.001      0.001      0.007
[13:56:09] CH:RBMAI:BehaviorProtectFlank.GetAiWeight[pre]       28       0.03      0.001      0.001      0.002
[13:56:09] andSystem:ArrangementOrder.GetArrangement[pre]       25       0.03      0.001      0.001      0.001
[13:56:09] erlord.UIExtenderEx:BrushFactory.GetBrush[pre]      596       0.02      0.000      0.002      1.639
[13:56:09] ttleSizeResized:GameTextManager.FindText[post]       37       0.02      0.000      0.002      0.008
[13:56:09] d.UIExtenderEx:WidgetFactory.IsCustomType[pre]      742       0.01      0.000      0.002      0.006
[13:56:09] ndSystem:OrderTroopPlacer.HandleMouseDown[pre]        2       0.01      0.006      0.006      0.008
[13:56:09] Camera:MissionOrderVM.TryCloseToggleOrder[pre]       11       0.01      0.001      0.002      0.003
[13:56:09] mmandSystem:Formation.get_MinimumInterval[pre]        7       0.01      0.001      0.001      0.003
[13:56:09] .UIExtenderEx:WidgetFactory.GetCustomType[pre]      126       0.01      0.000      0.002      0.004
[13:56:09] ation.SwitchUnitLocationsWithBackMostUnit[pre]        2       0.01      0.004      0.004      0.211
[13:56:09] H:Bannerlord.UIExtenderEx:ViewModel..ctor[pre]       88       0.01      0.000      0.002      0.080
[13:56:09] enderEx:WidgetFactory.CreateBuiltinWidget[pre]      616       0.01      0.000      0.001      0.004
[13:56:09] leOrderTweaks:Mission.AddTimeSpeedRequest[pre]        2       0.01      0.003      0.003      0.007
[13:56:09] DefensiveLine.IsTacticalPositionEligible[post]       28       0.00      0.000      0.001      0.003
[13:56:09] AI:TacticFullScaleAttack.GetTacticWeight[post]        3       0.00      0.001      0.001      0.003
[13:56:09] :TacticCoordinatedRetreat.GetTacticWeight[pre]        3       0.00      0.001      0.001      0.001
[13:56:09] mmandSystem:Formation.get_MaximumInterval[pre]        5       0.00      0.000      0.001      0.001
[13:56:09] ra:MissionAgentLabelView.IsAllyInAllyTeam[pre]     1200       0.00      0.000      0.001      0.326
[13:56:09] era.CommandSystem:MissionOrderVM.OnEscape[pre]        1       0.00      0.001      0.001      0.001
[13:56:09] === END REPORT ===
[13:56:09] === PER-MOD TOTALS (this window, ms — overlapping/nested, not additive) ===
[13:56:09]       15138.28  RTSCamera.CommandSystem
[13:56:09]        1103.07  (engine/unattributed)
[13:56:09]         754.91  RBM
[13:56:09]         592.87  ArtemsCinematicCombat
[13:56:09]         506.63  RBMAI
[13:56:09]         116.71  BetterPikes
[13:56:09]          71.62  BattleOrderTweaks
[13:56:09]          59.96  StaminaSystem
[13:56:09]          44.74  FrontlineModFork
[13:56:09]          39.72  RTSCamera
[13:56:09]          35.85  BreakablePolearms
[13:56:09]          13.18  ArtemsCinematicCharges
[13:56:09]          10.50  Bannerlord.ButterLib
[13:56:09]          10.38  Bannerlord.MBOptionScreen
[13:56:09]          10.30  AIKickNBashFork
[13:56:09]           7.41  Bannerlord.Diplomacy
[13:56:09]           6.93  zzzUniversalPatch
[13:56:09]           6.28  MBFastDialogue
[13:56:09]           6.24  Bannerlord.DiplomacyNavalDLCPatch
[13:56:09]           5.42  CinematicCombatMasterstrikeLogic
[13:56:09]           3.09  Immersive_Battlefields
[13:56:09]           3.02  AIKickNBash
[13:56:09]           2.47  Retinues
[13:56:09]           2.16  ProperShieldWalls
[13:56:09]           1.64  ArtemsLivelyAnimations
[13:56:09]           1.54  RealisticCombatSounds
[13:56:09]           1.23  EnhancedSiegeMorale
[13:56:09]           0.93  RBMCombat
[13:56:09]           0.80  DismembermentPlus
[13:56:09]           0.74  SiegeArcherPoints
[13:56:09]           0.68  LootBetweenSieges
[13:56:09]           0.68  FormationFilter
[13:56:09]           0.28  MissionSharedLibrary
[13:56:09]           0.06  Immersive Battlefields
[13:56:09]           0.06  Bannerlord.UIExtenderEx
[13:56:09]           0.02  BattleSizeResized
[13:56:09] === END PER-MOD TOTALS ===
[13:56:19] === PERFORMANCE REPORT ===
[13:56:19] Method                                            Calls  Total(ms)    Avg(ms)    Max(ms) SessMax(ms)
[13:56:19] --------------------------------------------------------------------------------------------------
[13:56:19] et_CalculateHasSignificantNumberOfMounted[pre] 24909046   44176.49      0.002      6.761      9.740
[13:56:19] Mission.Frame(all)                                  667     967.65      1.451      2.316     29.244
[13:56:19] omponent.ParallelUpdateFormationMovement[post]    76259     669.46      0.009      2.177      6.535
[13:56:19] icCombat.CCShieldTauntTroopsData.OnMissionTick      666     504.21      0.757      1.307      3.870
[13:56:19] tStatusBar.UnitStatusMissionView.OnMissionTick      667     404.52      0.606      1.509     53.810
[13:56:19] TCH:RBMAI:Formation.ApplyActionOnEachUnit[pre]      976     179.26      0.184      3.912      7.282
[13:56:19] mera.CommandSystem:Formation.SetFormOrder[pre]      955     112.40      0.118     22.749     22.749
[13:56:19] Pikes.BetterPikesMissionBehavior.OnMissionTick      666     102.93      0.155      0.367      1.342
[13:56:19] odFork:HumanAIComponent.GetFormationFrame[pre]    76259      75.59      0.001      2.167     35.245
[13:56:19] stem:OrderTroopPlacer.OnMissionScreenTick[pre]      289      68.74      0.238      2.512     38.336
[13:56:19] PATCH:RBMAI:Agent.IsInWater[pre]                 400780      67.35      0.000      1.453      1.516
[13:56:19] inaSystem.StaminaMissionBehavior.OnMissionTick      667      53.27      0.080      0.169      0.469
[13:56:19] eModFork:Formation.GetOrderPositionOfUnit[pre]   147796      42.36      0.000      1.874      1.874
[13:56:19] mbat.CinematicCombatMissionLogic.OnMissionTick      666      41.82      0.063      0.326     26.632
[13:56:19] PATCH:RBMAI:HumanAIComponent.OnTick[post]        399600      41.38      0.000      1.259      1.787
[13:56:19] ra.CommandSystem:ArrangementOrder.OnApply[pre]      302      34.22      0.113     33.830     33.830
[13:56:19] CH:RBMAI:Formation.GetOrderPositionOfUnit[pre]   147796      29.64      0.000      0.883      1.245
[13:56:19] BreakablePolearmsMissionBehavior.OnMissionTick      666      28.98      0.044      0.088      0.568
[13:56:19] .CommandSystem:Formation.ReapplyFormOrder[pre]        5      22.94      4.588     22.781     22.781
[13:56:19] manAIComponent.GetDesiredSpeedInFormation[pre]    76259      18.35      0.000      1.247      2.048
[13:56:19] lineModFork:Formation.GetDirectionOfUnit[post]    76259      17.00      0.000      1.232      1.232
[13:56:19] CH:RBMAI:BehaviorAdvance.TickOccasionally[pre]       46      12.24      0.266      1.462      5.706
[13:56:19] H:RBMAI:HumanAIComponent.AdjustSpeedLimit[pre]    76259      11.05      0.000      1.289      1.289
[13:56:19] rderTweaks.VolleyMissionBehavior.OnMissionTick      667       9.65      0.014      0.030      4.498
[13:56:19] .MissionGauntletSpectatorControl.OnMissionTick      666       9.22      0.014      0.035      0.214
[13:56:19] PATCH:AIKickNBashFork:Agent.OnAIInputSet[post]   400200       9.13      0.000      0.767      0.833
[13:56:19] sCinematicCharges.SprintBehavior.OnMissionTick      666       8.62      0.013      0.031      0.979
[13:56:19] ndSystem:MissionOrderVM.PopulateOrderSets[pre]        2       8.31      4.156      4.192     12.513
[13:56:19] andSystem:OrderTroopPlacer.GetCursorState[pre]      300       8.29      0.028      0.074      1.709
[13:56:19] NBash.AIKickNBashMissionBehavior.OnMissionTick      667       7.83      0.012      0.276      1.630
[13:56:19] ation.SwitchUnitLocationsWithBackMostUnit[pre]     3971       7.62      0.002      0.010      0.211
[13:56:19] :RBMAI:HumanAIComponent.GetFormationFrame[pre]    76259       6.15      0.000      1.110      1.110
[13:56:19] TCH:RTSCamera:OrderFlag.GetCollidedEntity[pre]      177       5.56      0.031      0.058      0.397
[13:56:19] s:OrderTroopPlacer.AddOrderPositionEntity[pre]     6256       5.40      0.001      0.005      2.367
[13:56:19] creen:MBSubModuleBase.AfterAsyncTickTick[post]    66033       5.28      0.000      0.565      0.565
[13:56:19] CinematicCombatMasterstrikeLogic.OnMissionTick      666       4.39      0.007      0.016      0.797
[13:56:19] erLib:MBSubModuleBase.AfterAsyncTickTick[post]    66033       4.04      0.000      0.537      7.673
[13:56:19] Patch:MBSubModuleBase.AfterAsyncTickTick[post]    66033       3.90      0.000      0.691      0.691
[13:56:19] omacy:MBSubModuleBase.AfterAsyncTickTick[post]    66033       3.77      0.000      0.735      0.735
[13:56:19] Patch:MBSubModuleBase.AfterAsyncTickTick[post]    66033       3.37      0.000      0.515      0.746
[13:56:19] FormationMarkerVM.RefreshFormationMarkers[pre]      177       3.34      0.019      0.032      2.393
[13:56:19] Screen:MBSubModuleBase.OnApplicationTick[post]    26010       3.30      0.000      0.749      2.446
[13:56:19] rderTroopPlacer.HideOrderPositionEntities[pre]      179       3.26      0.018      0.431      0.446
[13:56:19] PATCH:RBMAI:Formation.GetDirectionOfUnit[post]    76259       3.24      0.000      0.897      1.976
[13:56:19] .StaminaSystem.StaminaUIBehavior.OnMissionTick     1333       3.08      0.002      0.020      0.246
[13:56:19] logue:MBSubModuleBase.AfterAsyncTickTick[post]    66033       2.91      0.000      0.212      0.727
[13:56:19] v.RTSCamera.Logic.RTSCameraLogic.OnMissionTick      666       2.80      0.004      0.026     11.233
[13:56:19] ehaviours.ShieldRotationBehavior.OnMissionTick      667       2.75      0.004      0.055      1.090
[13:56:19] ssionViews.MissionAgentLabelView.OnMissionTick      666       2.73      0.004      0.008      1.251
[13:56:19] CH:BetterPikes:Formation.SetMovementOrder[pre]      511       2.67      0.005      0.021      0.053
[13:56:19] tem:SquareFormation.GetSideOfUnitPosition[pre]    16706       2.29      0.000      0.195      0.195
[13:56:19] alogue:MBSubModuleBase.OnApplicationTick[post]    26010       2.19      0.000      0.724      0.724
[13:56:19] ges.CinematicChargesMissionLogic.OnMissionTick      666       2.12      0.003      0.014      2.317
[13:56:19] e.MissionBoundaryCrossingHandler.OnMissionTick      666       2.09      0.003      0.292      0.292
[13:56:19] I:MissionFormationMarkerTargetVM.Refresh[post]      708       2.09      0.003      0.023      0.227
[13:56:19] onHandler.TryGetFormationDistanceToCenter[pre]     2001       2.01      0.001      0.007      0.377
[13:56:19] lPatch:MBSubModuleBase.OnApplicationTick[post]    26010       1.99      0.000      0.290      2.948
[13:56:19] .ButterLib:MBSubModuleBase.OnNetworkTick[post]    27166       1.94      0.000      0.272      3.333
[13:56:19] tinues:FormationQuerySystem.get_MainClass[pre]     2667       1.92      0.001      0.225      0.283
[13:56:19] terLib:MBSubModuleBase.OnApplicationTick[post]    26010       1.87      0.000      0.718      2.438
[13:56:19] ehaviorProtectFlank.CalculateCurrentOrder[pre]      184       1.57      0.009      0.018      0.260
[13:56:19] v.Immersive_Battlefields.IB_Core.OnMissionTick      667       1.52      0.002      0.009      5.263
[13:56:19] CPatch:MBSubModuleBase.OnApplicationTick[post]    26010       1.51      0.000      0.601      0.601
[13:56:19] nBoundaryCrossingHandler.TickForMainAgent[pre]      666       1.44      0.002      0.290      0.290
[13:56:19] aultBattleMissionAgentSpawnLogic.OnMissionTick      666       1.28      0.002      0.021      1.267
[13:56:19] rrangementOrder.GetShieldDirectionOfUnit[post]    65409       1.13      0.000      0.343      0.347
[13:56:19] sionViews.Order.OrderTroopPlacer.OnMissionTick      666       1.07      0.002      0.018      0.163
[13:56:19] temsLivelyAnimationsMissionLogic.OnMissionTick      666       1.04      0.002      0.006      1.019
[13:56:19] PATCH:BetterPikes:Formation.SetFormOrder[pre]       955       1.04      0.001      0.036      0.338
[13:56:19] s.RealisticSoundsMissionBehavior.OnMissionTick      667       1.00      0.001      0.022      0.549
[13:56:19] lomacy:MBSubModuleBase.OnApplicationTick[post]    26010       0.98      0.000      0.006      0.826
[13:56:19] MAI:BehaviorAdvance.CalculateCurrentOrder[pre]       92       0.97      0.011      0.023      0.033
[13:56:19] onGauntletSpectatorControl.OnMissionTick[post]      666       0.96      0.001      0.020      0.020
[13:56:19] letFormationMarker.UpdateMarkerPositions[post]      180       0.94      0.005      0.017      0.017
[13:56:19] BetterPikes:Formation.SetArrangementOrder[pre]      721       0.91      0.001      0.104      0.104
[13:56:19] andSystem:Formation.CalculateDesiredWidth[pre]      302       0.86      0.003      0.008      0.416
[13:56:19] ltItemValueModel.CalculateTierMeleeWeapon[pre]      666       0.85      0.001      0.005      0.008
[13:56:19] PATCH:RBMAI:Agent.UpdateFormationOrders[pre]      65109       0.85      0.000      0.247      0.355
[13:56:19] ssionGauntletCategoryLoadManager.OnMissionTick      666       0.83      0.001      0.019      0.019
[13:56:19] lds.MountAndBlade.BattleEndLogic.OnMissionTick      666       0.71      0.001      0.005      1.165
[13:56:19] tatCalculateModel.SetAiRelatedProperties[post]      600       0.67      0.001      0.036      0.316
[13:56:19] erPikes:BehaviorAdvance.TickOccasionally[post]       46       0.64      0.014      0.014      0.061
[13:56:19] AgentStatCalculateModel.UpdateHumanStats[post]      600       0.60      0.001      0.005      0.502
[13:56:19] MissionBehav.SiegeArcherPoints.OnMissionTick        667       0.59      0.001      0.003      0.010
[13:56:19] untAndBlade.HighlightsController.OnMissionTick      666       0.56      0.001      0.003      1.026
[13:56:19] egeMorale.SiegeNoRetreatBehavior.OnMissionTick      666       0.54      0.001      0.003      0.006
[13:56:19] ic.DismembermentPlusMissionLogic.OnMissionTick      667       0.49      0.001      0.007      0.494
[13:56:19] CH:RTSCamera:Mission.UpdateSceneTimeSpeed[pre]      289       0.42      0.001      0.005      0.008
[13:56:19] .MountAndBlade.AgentVictoryLogic.OnMissionTick      666       0.41      0.001      0.004      0.004
[13:56:19] andSystem:OrderTroopPlacer.OnMissionTick[post]      666       0.37      0.001      0.015      0.125
[13:56:19] lter.Logics.FormationFilterLogic.OnMissionTick      666       0.37      0.001      0.002      0.005
[13:56:19] nSieges.SiegeLootMissionBehavior.OnMissionTick      666       0.37      0.001      0.006      0.008
[13:56:19] onGauntletOrderOfBattleUIHandler.OnMissionTick      666       0.34      0.001      0.001      3.856
[13:56:19] PATCH:RBMAI:Formation.SetPositioning[pre]          4279       0.32      0.000      0.001      0.038
[13:56:19] .MountAndBlade.BannerBearerLogic.OnMissionTick      666       0.32      0.000      0.006      0.009
[13:56:19] sionLogics.MissionObjectiveLogic.OnMissionTick      666       0.31      0.000      0.010      0.010
[13:56:19] RTSCamera:OrderTroopPlacer.GetScreenPoint[pre]      602       0.31      0.001      0.003      0.412
[13:56:19] :RTSCamera:CrosshairVM.SetArrowProperties[pre]      289       0.30      0.001      0.003      0.287
[13:56:19] CommandSystem:FacingOrder.GetDirectionAux[pre]     2666       0.24      0.000      0.004      0.426
[13:56:19] TCH:Retinues:SubModule.TryRegisterWithMCM[fin]      289       0.23      0.001      0.002      0.002
[13:56:19] tleReinforcementsSpawnController.OnMissionTick      666       0.22      0.000      0.002      0.016
[13:56:19] edSiegeMorale.SiegeMoraleTracker.OnMissionTick      666       0.22      0.000      0.001      0.003
[13:56:19] RTSCamera:MissionOrderVM.CheckCanBeOpened[pre]      180       0.22      0.001      0.004      0.022
[13:56:19] erListPanel.GetDistanceRelatedAlphaTarget[pre]      708       0.21      0.000      0.007      0.007
[13:56:19] PATCH:RBMAI:BehaviorRegroup.GetAiWeight[pre]         46       0.20      0.004      0.005      0.153
[13:56:19] etFormationMarker.RefreshTargetProperties[pre]      177       0.18      0.001      0.002      0.067
[13:56:19] ionBehaviors.MissionLibraryLogic.OnMissionTick      666       0.16      0.000      0.001      0.003
[13:56:19] derController.GetActiveArrangementOrderOf[pre]      166       0.12      0.001      0.005      1.707
[13:56:19] MAI:HumanAIComponent.SetBehaviorValueSet[post]    11150       0.12      0.000      0.006      0.564
[13:56:19] ork:HumanAIComponent.SetBehaviorValueSet[post]    11150       0.10      0.000      0.001      0.515
[13:56:19] :BehaviorProtectFlank.CheckAndChangeState[pre]       92       0.09      0.001      0.001      0.007
[13:56:19] CH:RBMAI:BehaviorProtectFlank.GetAiWeight[pre]       92       0.09      0.001      0.001      0.002
[13:56:19] ra.CommandSystem:OrderSetVM.RefreshOrders[pre]       20       0.09      0.004      0.018      1.083
[13:56:19] PATCH:RBMAI:Formation.SetMovementOrder[pre]         511       0.09      0.000      0.001      0.019
[13:56:19] :OrderController.GetActiveMovementOrderOf[pre]       78       0.08      0.001      0.008      0.461
[13:56:19] mandSystem:MissionOrderVM.get_CursorState[pre]      354       0.06      0.000      0.002      0.003
[13:56:19] PATCH:RTSCamera:OrderFlag.GetFlagPosition[pre]      177       0.05      0.000      0.001      0.020
[13:56:19] ndSystem:OrderTroopPlacer.HandleMouseDown[pre]        2       0.04      0.020      0.021      0.021
[13:56:19] efields:OrderController.PlayOrderGestures[pre]        1       0.04      0.038      0.038      1.208
[13:56:19] em:OrderController.GetActiveFiringOrderOf[pre]       47       0.04      0.001      0.001      0.004
[13:56:19] em:OrderController.GetActiveRidingOrderOf[pre]       47       0.04      0.001      0.001      0.006
[13:56:19] mmandSystem:Formation.get_MinimumInterval[pre]      303       0.03      0.000      0.003      0.003
[13:56:19] em:OrderController.GetActiveFacingOrderOf[pre]       32       0.02      0.001      0.002      0.004
[13:56:19] erlord.UIExtenderEx:BrushFactory.GetBrush[pre]      596       0.02      0.000      0.002      1.639
[13:56:19] d.UIExtenderEx:WidgetFactory.IsCustomType[pre]      742       0.02      0.000      0.002      0.006
[13:56:19] ttleSizeResized:GameTextManager.FindText[post]      199       0.01      0.000      0.002      0.008
[13:56:19] H:RTSCamera:OrderItemBaseVM.ExecuteAction[pre]        2       0.01      0.006      0.007      0.007
[13:56:19] :TacticCoordinatedRetreat.GetTacticWeight[pre]        9       0.01      0.001      0.002      0.002
[13:56:19] m:SquareFormation.GetLocalDirectionOfUnit[pre]      606       0.01      0.000      0.002      0.002
[13:56:19] .UIExtenderEx:WidgetFactory.GetCustomType[pre]      126       0.01      0.000      0.002      0.004
[13:56:19] AI:TacticFullScaleAttack.GetTacticWeight[post]        9       0.01      0.001      0.001      0.003
[13:56:19] leOrderTweaks:Mission.AddTimeSpeedRequest[pre]        2       0.01      0.004      0.004      0.007
[13:56:19] ra:MissionAgentLabelView.IsAllyInAllyTeam[pre]     2400       0.01      0.000      0.004      0.326
[13:56:19] H:Bannerlord.UIExtenderEx:ViewModel..ctor[pre]      100       0.01      0.000      0.002      0.080
[13:56:19] DefensiveLine.IsTacticalPositionEligible[post]       56       0.01      0.000      0.003      0.003
[13:56:19] enderEx:WidgetFactory.CreateBuiltinWidget[pre]      616       0.01      0.000      0.002      0.004
[13:56:19] TroopItemVM.FormationOnOnUnitCountChanged[pre]        8       0.01      0.001      0.002      0.137
[13:56:19] ord.UIExtenderEx:ViewModel.ExecuteCommand[pre]        2       0.00      0.002      0.002      0.002
[13:56:19] Camera:MissionOrderVM.TryCloseToggleOrder[pre]        3       0.00      0.001      0.003      0.003
[13:56:19] andSystem:ArrangementOrder.GetArrangement[pre]      302       0.00      0.000      0.001      0.001
[13:56:19] tatCalculateModel.SetAiRelatedProperties[post]      600       0.00      0.000      0.002      0.022
[13:56:19] FrontlineModFork:LineFormation.RemoveUnit[pre]     1050       0.00      0.000      0.001      0.003
[13:56:19] H:RBMAI:LineFormation.SwitchUnitLocations[pre]       35       0.00      0.000      0.001      0.002
[13:56:19] PATCH:RBMAI:LineFormation.RemoveUnit[pre]          1050       0.00      0.000      0.001      0.002
[13:56:19] eAgentStatCalculateModel.UpdateHumanStats[fin]      600       0.00      0.000      0.000      0.007
[13:56:19] ModFork:LineFormation.SwitchUnitLocations[pre]       35       0.00      0.000      0.000      0.003
[13:56:19] === END REPORT ===
[13:56:19] === PER-MOD TOTALS (this window, ms — overlapping/nested, not additive) ===
[13:56:19]       44457.48  RTSCamera.CommandSystem
[13:56:19]        1027.98  RBMAI
[13:56:19]         987.71  (engine/unattributed)
[13:56:19]         546.03  ArtemsCinematicCombat
[13:56:19]         404.52  RBM
[13:56:19]         135.04  FrontlineModFork
[13:56:19]         108.19  BetterPikes
[13:56:19]          56.34  StaminaSystem
[13:56:19]          28.98  BreakablePolearms
[13:56:19]          26.19  RTSCamera
[13:56:19]          15.05  BattleOrderTweaks
[13:56:19]          10.74  ArtemsCinematicCharges
[13:56:19]           9.13  AIKickNBashFork
[13:56:19]           8.57  Bannerlord.MBOptionScreen
[13:56:19]           7.86  Bannerlord.ButterLib
[13:56:19]           7.83  AIKickNBash
[13:56:19]           5.41  Bannerlord.DiplomacyNavalDLCPatch
[13:56:19]           5.36  zzzUniversalPatch
[13:56:19]           5.10  MBFastDialogue
[13:56:19]           4.75  Bannerlord.Diplomacy
[13:56:19]           4.39  CinematicCombatMasterstrikeLogic
[13:56:19]           2.75  ProperShieldWalls
[13:56:19]           2.14  Retinues
[13:56:19]           1.52  Immersive_Battlefields
[13:56:19]           1.04  ArtemsLivelyAnimations
[13:56:19]           1.00  RealisticCombatSounds
[13:56:19]           0.85  RBMCombat
[13:56:19]           0.75  EnhancedSiegeMorale
[13:56:19]           0.60  RealisticWeather
[13:56:19]           0.59  SiegeArcherPoints
[13:56:19]           0.49  DismembermentPlus
[13:56:19]           0.37  FormationFilter
[13:56:19]           0.37  LootBetweenSieges
[13:56:19]           0.16  MissionSharedLibrary
[13:56:19]           0.06  Bannerlord.UIExtenderEx
[13:56:19]           0.04  Immersive Battlefields
[13:56:19]           0.01  BattleSizeResized
[13:56:19] === END PER-MOD TOTALS ===
[13:56:29] === PERFORMANCE REPORT ===
[13:56:29] Method                                            Calls  Total(ms)    Avg(ms)    Max(ms) SessMax(ms)
[13:56:29] --------------------------------------------------------------------------------------------------
[13:56:29] et_CalculateHasSignificantNumberOfMounted[pre]  9855339   16774.22      0.002      7.201      9.740
[13:56:29] Mission.Frame(all)                                  785    1094.83      1.395      2.062     29.244
[13:56:29] icCombat.CCShieldTauntTroopsData.OnMissionTick      786     599.43      0.763      1.258      3.870
[13:56:29] tStatusBar.UnitStatusMissionView.OnMissionTick      785     519.33      0.662      1.566     53.810
[13:56:29] stem:OrderTroopPlacer.OnMissionScreenTick[pre]      594     471.07      0.793     31.852     38.336
[13:56:29] er.UpdateFormationDrawingForMovementOrder[pre]      144     369.51      2.566     31.789     37.555
[13:56:29] omponent.ParallelUpdateFormationMovement[post]    40123     342.62      0.009      2.344      6.535
[13:56:29] Pikes.BetterPikesMissionBehavior.OnMissionTick      786     122.53      0.156      0.565      1.342
[13:56:29] TCH:RBMAI:Formation.ApplyActionOnEachUnit[pre]      279      92.16      0.330      4.776      7.282
[13:56:29] PATCH:RBMAI:Agent.IsInWater[pre]                 472560      74.01      0.000      1.219      1.516
[13:56:29] inaSystem.StaminaMissionBehavior.OnMissionTick      785      69.96      0.089      0.150      0.469
[13:56:29] PATCH:RBMAI:HumanAIComponent.OnTick[post]        471000      42.23      0.000      0.827      1.787
[13:56:29] mera.CommandSystem:Formation.SetFormOrder[pre]      123      41.78      0.340     16.961     22.749
[13:56:29] BreakablePolearmsMissionBehavior.OnMissionTick      786      37.07      0.047      0.361      0.568
[13:56:29] odFork:HumanAIComponent.GetFormationFrame[pre]    40137      34.27      0.001      0.980     35.245
[13:56:29] s:OrderTroopPlacer.AddOrderPositionEntity[pre]    41482      33.19      0.001      0.386      2.367
[13:56:29] mbat.CinematicCombatMissionLogic.OnMissionTick      786      23.06      0.029      0.151     26.632
[13:56:29] eModFork:Formation.GetOrderPositionOfUnit[pre]    91225      19.46      0.000      0.631      1.874
[13:56:29] CH:RBMAI:Formation.GetOrderPositionOfUnit[pre]    91225      16.40      0.000      1.140      1.245
[13:56:29] PATCH:AIKickNBashFork:Agent.OnAIInputSet[post]   471000      15.04      0.000      0.405      0.833
[13:56:29] rderTweaks.VolleyMissionBehavior.OnMissionTick      785      12.70      0.016      0.026      4.498
[13:56:29] .MissionGauntletSpectatorControl.OnMissionTick      786      11.75      0.015      0.365      0.365
[13:56:29] andSystem:OrderTroopPlacer.GetCursorState[pre]      616      11.63      0.019      0.373      1.709
[13:56:29] sCinematicCharges.SprintBehavior.OnMissionTick      786      10.80      0.014      0.026      0.979
[13:56:29] ra.CommandSystem:ArrangementOrder.OnApply[pre]       28      10.32      0.368      0.758     33.830
[13:56:29] FormationMarkerVM.RefreshFormationMarkers[pre]      518       9.40      0.018      0.033      2.393
[13:56:29] TCH:RTSCamera:OrderFlag.GetCollidedEntity[pre]      518       9.22      0.018      0.037      0.397
[13:56:29] ndSystem:MissionOrderVM.PopulateOrderSets[pre]        2       8.95      4.475      4.770     12.513
[13:56:29] .CommandSystem:Formation.ReapplyFormOrder[pre]       67       8.41      0.125      0.492     22.781
[13:56:29] manAIComponent.GetDesiredSpeedInFormation[pre]    40137       7.83      0.000      0.917      2.048
[13:56:29] CH:RBMAI:BehaviorAdvance.TickOccasionally[pre]       23       7.63      0.332      2.676      5.706
[13:56:29] H:RBMAI:HumanAIComponent.AdjustSpeedLimit[pre]    40123       7.57      0.000      1.279      1.289
[13:56:29] ehaviours.ShieldRotationBehavior.OnMissionTick      785       6.75      0.009      3.236      3.236
[13:56:29] lineModFork:Formation.GetDirectionOfUnit[post]    40137       6.18      0.000      0.696      1.232
[13:56:29] I:MissionFormationMarkerTargetVM.Refresh[post]     2072       5.83      0.003      0.025      0.227
[13:56:29] creen:MBSubModuleBase.AfterAsyncTickTick[post]    77715       5.74      0.000      0.310      0.565
[13:56:29] CinematicCombatMasterstrikeLogic.OnMissionTick      786       5.43      0.007      0.020      0.797
[13:56:29] Screen:MBSubModuleBase.OnApplicationTick[post]    53460       5.30      0.000      0.397      2.446
[13:56:29] erLib:MBSubModuleBase.AfterAsyncTickTick[post]    77715       5.23      0.000      0.375      7.673
[13:56:29] tem:SquareFormation.GetSideOfUnitPosition[pre]    66594       5.17      0.000      0.441      0.441
[13:56:29] omacy:MBSubModuleBase.AfterAsyncTickTick[post]    77715       4.26      0.000      0.308      0.735
[13:56:29] NBash.AIKickNBashMissionBehavior.OnMissionTick      785       4.21      0.005      0.249      1.630
[13:56:29] rderTroopPlacer.HideOrderPositionEntities[pre]      291       4.10      0.014      0.419      0.446
[13:56:29] .ButterLib:MBSubModuleBase.OnNetworkTick[post]    55836       4.01      0.000      0.332      3.333
[13:56:29] m:SquareFormation.GetLocalDirectionOfUnit[pre]    18127       4.00      0.000      0.822      0.822
[13:56:29] logue:MBSubModuleBase.AfterAsyncTickTick[post]    77715       3.72      0.000      0.324      0.727
[13:56:29] ssionViews.MissionAgentLabelView.OnMissionTick      786       3.66      0.005      0.421      1.251
[13:56:29] v.RTSCamera.Logic.RTSCameraLogic.OnMissionTick      786       3.60      0.005      0.016     11.233
[13:56:29] Patch:MBSubModuleBase.AfterAsyncTickTick[post]    77715       3.53      0.000      0.230      0.691
[13:56:29] :RBMAI:HumanAIComponent.GetFormationFrame[pre]    40137       3.52      0.000      1.052      1.110
[13:56:29] v.Immersive_Battlefields.IB_Core.OnMissionTick      785       3.41      0.004      0.548      5.263
[13:56:29] lPatch:MBSubModuleBase.OnApplicationTick[post]    53460       3.27      0.000      0.372      2.948
[13:56:29] onHandler.TryGetFormationDistanceToCenter[pre]     2355       3.19      0.001      0.020      0.377
[13:56:29] letFormationMarker.UpdateMarkerPositions[post]      585       3.01      0.005      0.026      0.026
[13:56:29] lomacy:MBSubModuleBase.OnApplicationTick[post]    53460       2.92      0.000      0.373      0.826
[13:56:29] CPatch:MBSubModuleBase.OnApplicationTick[post]    53460       2.88      0.000      0.494      0.601
[13:56:29] Patch:MBSubModuleBase.AfterAsyncTickTick[post]    77715       2.83      0.000      0.303      0.746
[13:56:29] ation.SwitchUnitLocationsWithBackMostUnit[pre]     1357       2.69      0.002      0.005      0.211
[13:56:29] ges.CinematicChargesMissionLogic.OnMissionTick      786       2.58      0.003      0.008      2.317
[13:56:29] .StaminaSystem.StaminaUIBehavior.OnMissionTick     1571       2.56      0.002      0.012      0.246
[13:56:29] alogue:MBSubModuleBase.OnApplicationTick[post]    53460       2.51      0.000      0.374      0.724
[13:56:29] terLib:MBSubModuleBase.OnApplicationTick[post]    53460       2.51      0.000      0.325      2.438
[13:56:29] e.MissionBoundaryCrossingHandler.OnMissionTick      786       2.26      0.003      0.008      0.292
[13:56:29] tinues:FormationQuerySystem.get_MainClass[pre]     3144       1.87      0.001      0.004      0.283
[13:56:29] temsLivelyAnimationsMissionLogic.OnMissionTick      786       1.73      0.002      0.009      1.019
[13:56:29] aultBattleMissionAgentSpawnLogic.OnMissionTick      786       1.67      0.002      0.007      1.267
[13:56:29] onGauntletSpectatorControl.OnMissionTick[post]      786       1.54      0.002      0.349      0.349
[13:56:29] nBoundaryCrossingHandler.TickForMainAgent[pre]      786       1.47      0.002      0.007      0.290
[13:56:29] s.RealisticSoundsMissionBehavior.OnMissionTick      785       1.43      0.002      0.009      0.549
[13:56:29] sionViews.Order.OrderTroopPlacer.OnMissionTick      786       1.43      0.002      0.008      0.163
[13:56:29] CH:BetterPikes:Formation.SetMovementOrder[pre]      146       1.42      0.010      0.025      0.053
[13:56:29] ltItemValueModel.CalculateTierMeleeWeapon[pre]      786       1.04      0.001      0.003      0.008
[13:56:29] ssionGauntletCategoryLoadManager.OnMissionTick      786       0.93      0.001      0.002      0.019
[13:56:29] PATCH:RBMAI:Agent.UpdateFormationOrders[pre]      34460       0.86      0.000      0.257      0.355
[13:56:29] lds.MountAndBlade.BattleEndLogic.OnMissionTick      786       0.79      0.001      0.004      1.165
[13:56:29] ehaviorProtectFlank.CalculateCurrentOrder[pre]       92       0.78      0.009      0.019      0.260
[13:56:29] untAndBlade.HighlightsController.OnMissionTick      786       0.73      0.001      0.002      1.026
[13:56:29] CH:RTSCamera:Mission.UpdateSceneTimeSpeed[pre]      594       0.71      0.001      0.006      0.008
[13:56:29] ic.DismembermentPlusMissionLogic.OnMissionTick      785       0.71      0.001      0.006      0.494
[13:56:29] MissionBehav.SiegeArcherPoints.OnMissionTick        785       0.70      0.001      0.014      0.014
[13:56:29] egeMorale.SiegeNoRetreatBehavior.OnMissionTick      786       0.68      0.001      0.007      0.007
[13:56:29] .MountAndBlade.AgentVictoryLogic.OnMissionTick      786       0.63      0.001      0.005      0.005
[13:56:29] rrangementOrder.GetShieldDirectionOfUnit[post]    34460       0.63      0.000      0.262      0.347
[13:56:29] PATCH:RBMAI:Formation.GetDirectionOfUnit[post]    40137       0.62      0.000      0.020      1.976
[13:56:29] PATCH:BetterPikes:Formation.SetFormOrder[pre]       123       0.62      0.005      0.029      0.338
[13:56:29] RTSCamera:MissionOrderVM.CheckCanBeOpened[pre]      520       0.60      0.001      0.005      0.022
[13:56:29] onGauntletOrderOfBattleUIHandler.OnMissionTick      786       0.60      0.001      0.005      3.856
[13:56:29] :RTSCamera:CrosshairVM.SetArrowProperties[pre]      594       0.60      0.001      0.004      0.287
[13:56:29] PATCH:RBMAI:Formation.SetPositioning[pre]          3314       0.59      0.000      0.024      0.038
[13:56:29] lter.Logics.FormationFilterLogic.OnMissionTick      786       0.59      0.001      0.002      0.005
[13:56:29] andSystem:OrderTroopPlacer.OnMissionTick[post]      786       0.59      0.001      0.006      0.125
[13:56:29] nSieges.SiegeLootMissionBehavior.OnMissionTick      786       0.59      0.001      0.001      0.008
[13:56:29] erListPanel.GetDistanceRelatedAlphaTarget[pre]     2072       0.58      0.000      0.004      0.007
[13:56:29] sionLogics.MissionObjectiveLogic.OnMissionTick      786       0.57      0.001      0.002      0.010
[13:56:29] RTSCamera:OrderTroopPlacer.GetScreenPoint[pre]     1377       0.57      0.000      0.003      0.412
[13:56:29] BetterPikes:Formation.SetArrangementOrder[pre]       98       0.55      0.006      0.014      0.104
[13:56:29] .MountAndBlade.BannerBearerLogic.OnMissionTick      786       0.53      0.001      0.005      0.009
[13:56:29] etFormationMarker.RefreshTargetProperties[pre]      518       0.52      0.001      0.002      0.067
[13:56:29] MAI:BehaviorAdvance.CalculateCurrentOrder[pre]       46       0.47      0.010      0.042      0.042
[13:56:29] tleReinforcementsSpawnController.OnMissionTick      786       0.44      0.001      0.001      0.016
[13:56:29] a:OrderTroopPlacer.UpdateFormationDrawing[pre]      144       0.42      0.003      0.006      0.026
[13:56:29] edSiegeMorale.SiegeMoraleTracker.OnMissionTick      786       0.38      0.000      0.001      0.003
[13:56:29] FrontlineModFork:LineFormation.RemoveUnit[pre]     1005       0.37      0.000      0.357      0.357
[13:56:29] CommandSystem:FacingOrder.GetDirectionAux[pre]     3140       0.37      0.000      0.006      0.426
[13:56:29] derController.GetActiveArrangementOrderOf[pre]      518       0.36      0.001      0.004      1.707
[13:56:29] erPikes:BehaviorAdvance.TickOccasionally[post]       23       0.32      0.014      0.014      0.061
[13:56:29] TCH:Retinues:SubModule.TryRegisterWithMCM[fin]      594       0.29      0.000      0.001      0.002
[13:56:29] mandSystem:MissionOrderVM.get_CursorState[pre]     1040       0.21      0.000      0.001      0.003
[13:56:29] mmandSystem:Formation.get_MinimumInterval[pre]      265       0.20      0.001      0.004      0.004
[13:56:29] ionBehaviors.MissionLibraryLogic.OnMissionTick      786       0.19      0.000      0.002      0.003
[13:56:29] :OrderController.GetActiveMovementOrderOf[pre]      246       0.18      0.001      0.008      0.461
[13:56:29] PATCH:RTSCamera:OrderFlag.GetFlagPosition[pre]      518       0.12      0.000      0.012      0.020
[13:56:29] em:OrderController.GetActiveRidingOrderOf[pre]      130       0.10      0.001      0.001      0.006
[13:56:29] PATCH:RBMAI:BehaviorRegroup.GetAiWeight[pre]         23       0.10      0.004      0.007      0.153
[13:56:29] em:OrderController.GetActiveFiringOrderOf[pre]      130       0.10      0.001      0.003      0.004
[13:56:29] ra.CommandSystem:OrderSetVM.RefreshOrders[pre]       20       0.08      0.004      0.014      1.083
[13:56:29] efields:OrderController.PlayOrderGestures[pre]        2       0.07      0.036      0.041      1.208
[13:56:29] em:OrderController.GetActiveFacingOrderOf[pre]       94       0.07      0.001      0.001      0.004
[13:56:29] MAI:HumanAIComponent.SetBehaviorValueSet[post]     5450       0.06      0.000      0.001      0.564
[13:56:29] PATCH:RBMAI:Formation.SetMovementOrder[pre]         146       0.06      0.000      0.001      0.019
[13:56:29] ork:HumanAIComponent.SetBehaviorValueSet[post]     5450       0.05      0.000      0.003      0.515
[13:56:29] :BehaviorProtectFlank.CheckAndChangeState[pre]       46       0.05      0.001      0.004      0.007
[13:56:29] CH:RBMAI:BehaviorProtectFlank.GetAiWeight[pre]       46       0.04      0.001      0.001      0.002
[13:56:29] andSystem:ArrangementOrder.GetArrangement[pre]       28       0.03      0.001      0.001      0.001
[13:56:29] PATCH:RBMAI:LineFormation.RemoveUnit[pre]          1005       0.01      0.000      0.001      0.002
[13:56:29] ndSystem:OrderTroopPlacer.HandleMouseDown[pre]        2       0.01      0.006      0.007      0.021
[13:56:29] d.UIExtenderEx:WidgetFactory.IsCustomType[pre]      742       0.01      0.000      0.002      0.006
[13:56:29] ttleSizeResized:GameTextManager.FindText[post]       37       0.01      0.000      0.002      0.008
[13:56:29] erlord.UIExtenderEx:BrushFactory.GetBrush[pre]      596       0.01      0.000      0.002      1.639
[13:56:29] DefensiveLine.IsTacticalPositionEligible[post]       42       0.01      0.000      0.003      0.003
[13:56:29] :TacticCoordinatedRetreat.GetTacticWeight[pre]        5       0.01      0.001      0.002      0.002
[13:56:29] leOrderTweaks:Mission.AddTimeSpeedRequest[pre]        2       0.01      0.003      0.003      0.007
[13:56:29] .UIExtenderEx:WidgetFactory.GetCustomType[pre]      126       0.01      0.000      0.002      0.004
[13:56:29] AI:TacticFullScaleAttack.GetTacticWeight[post]        5       0.01      0.001      0.001      0.003
[13:56:29] Camera:MissionOrderVM.TryCloseToggleOrder[pre]       11       0.01      0.000      0.002      0.003
[13:56:29] H:Bannerlord.UIExtenderEx:ViewModel..ctor[pre]       88       0.00      0.000      0.002      0.080
[13:56:29] TroopItemVM.FormationOnOnUnitCountChanged[pre]        4       0.00      0.001      0.001      0.137
[13:56:29] enderEx:WidgetFactory.CreateBuiltinWidget[pre]      616       0.00      0.000      0.001      0.004
[13:56:29] ra:MissionAgentLabelView.IsAllyInAllyTeam[pre]     1200       0.00      0.000      0.001      0.326
[13:56:29] era.CommandSystem:MissionOrderVM.OnEscape[pre]        1       0.00      0.001      0.001      0.001
[13:56:29] H:RBMAI:LineFormation.SwitchUnitLocations[pre]       10       0.00      0.000      0.000      0.002
[13:56:29] ModFork:LineFormation.SwitchUnitLocations[pre]       10       0.00      0.000      0.000      0.003
[13:56:29] === END REPORT ===
[13:56:29] === PER-MOD TOTALS (this window, ms — overlapping/nested, not additive) ===
[13:56:29]       17719.79  RTSCamera.CommandSystem
[13:56:29]        1120.82  (engine/unattributed)
[13:56:29]         622.50  ArtemsCinematicCombat
[13:56:29]         596.25  RBMAI
[13:56:29]         519.33  RBM
[13:56:29]         125.44  BetterPikes
[13:56:29]          72.52  StaminaSystem
[13:56:29]          60.33  FrontlineModFork
[13:56:29]          45.90  BattleOrderTweaks
[13:56:29]          37.72  RTSCamera
[13:56:29]          37.07  BreakablePolearms
[13:56:29]          15.04  AIKickNBashFork
[13:56:29]          13.38  ArtemsCinematicCharges
[13:56:29]          11.75  Bannerlord.ButterLib
[13:56:29]          11.04  Bannerlord.MBOptionScreen
[13:56:29]           7.18  Bannerlord.Diplomacy
[13:56:29]           6.75  ProperShieldWalls
[13:56:29]           6.42  Bannerlord.DiplomacyNavalDLCPatch
[13:56:29]           6.24  MBFastDialogue
[13:56:29]           6.10  zzzUniversalPatch
[13:56:29]           5.43  CinematicCombatMasterstrikeLogic
[13:56:29]           4.21  AIKickNBash
[13:56:29]           3.41  Immersive_Battlefields
[13:56:29]           2.16  Retinues
[13:56:29]           1.73  ArtemsLivelyAnimations
[13:56:29]           1.43  RealisticCombatSounds
[13:56:29]           1.06  EnhancedSiegeMorale
[13:56:29]           1.04  RBMCombat
[13:56:29]           0.71  DismembermentPlus
[13:56:29]           0.70  SiegeArcherPoints
[13:56:29]           0.59  FormationFilter
[13:56:29]           0.59  LootBetweenSieges
[13:56:29]           0.19  MissionSharedLibrary
[13:56:29]           0.07  Immersive Battlefields
[13:56:29]           0.03  Bannerlord.UIExtenderEx
[13:56:29]           0.01  BattleSizeResized
[13:56:29] === END PER-MOD TOTALS ===
[13:56:39] === PERFORMANCE REPORT ===
[13:56:39] Method                                            Calls  Total(ms)    Avg(ms)    Max(ms) SessMax(ms)
[13:56:39] --------------------------------------------------------------------------------------------------
[13:56:39] et_CalculateHasSignificantNumberOfMounted[pre] 25233681   45657.16      0.002      6.619      9.740
[13:56:39] odFork:HumanAIComponent.GetFormationFrame[pre]    87191   11024.70      0.126     20.895     35.245
[13:56:39] Mission.Frame(all)                                  720    1183.09      1.643     37.204     37.204
[13:56:39] omponent.ParallelUpdateFormationMovement[post]    87205     683.81      0.008      2.489      6.535
[13:56:39] icCombat.CCShieldTauntTroopsData.OnMissionTick      719     571.72      0.795      1.419      3.870
[13:56:39] tStatusBar.UnitStatusMissionView.OnMissionTick      720     397.98      0.553      1.373     53.810
[13:56:39] Pikes.BetterPikesMissionBehavior.OnMissionTick      719     110.19      0.153      0.540      1.342
[13:56:39] TCH:RBMAI:Formation.ApplyActionOnEachUnit[pre]      546     104.67      0.192      3.772      7.282
[13:56:39] eModFork:Formation.GetOrderPositionOfUnit[pre]    87191      78.27      0.001      1.362      1.874
[13:56:39] PATCH:RBMAI:Agent.IsInWater[pre]                 479158      64.69      0.000      1.313      1.516
[13:56:39] mbat.CinematicCombatMissionLogic.OnMissionTick      719      59.77      0.083      0.193     26.632
[13:56:39] inaSystem.StaminaMissionBehavior.OnMissionTick      719      53.33      0.074      0.284      0.469
[13:56:39] CH:RBMAI:BehaviorAdvance.TickOccasionally[pre]       36      40.49      1.125      3.565      5.706
[13:56:39] CH:RBMAI:Formation.GetOrderPositionOfUnit[pre]    87191      35.90      0.000      1.272      1.272
[13:56:39] PATCH:RBMAI:HumanAIComponent.OnTick[post]        432000      30.39      0.000      0.506      1.787
[13:56:39] BreakablePolearmsMissionBehavior.OnMissionTick      719      28.03      0.039      0.213      0.568
[13:56:39] manAIComponent.GetDesiredSpeedInFormation[pre]    87191      20.73      0.000      1.146      2.048
[13:56:39] at:Mission.HandleMissileCollisionReaction[pre]       33      17.79      0.539     11.719     11.719
[13:56:39] H:RBMAI:HumanAIComponent.AdjustSpeedLimit[pre]    87205      15.38      0.000      0.940      1.289
[13:56:39] PATCH:RBMAI:Agent.UpdateFormationOrders[pre]      80718      13.72      0.000      0.466      0.466
[13:56:39] lineModFork:Formation.GetDirectionOfUnit[post]    73567      13.42      0.000      0.929      1.232
[13:56:39] m:SquareFormation.GetLocalDirectionOfUnit[pre]    40278      10.45      0.000      0.915      0.915
[13:56:39] stem:OrderTroopPlacer.OnMissionScreenTick[pre]      301      10.42      0.035      0.053     38.336
[13:56:39] andSystem:OrderTroopPlacer.GetCursorState[pre]      301       9.57      0.032      0.049      1.709
[13:56:39] .MissionGauntletSpectatorControl.OnMissionTick      719       9.28      0.013      0.093      0.365
[13:56:39] rderTweaks.VolleyMissionBehavior.OnMissionTick      719       9.26      0.013      0.027      4.498
[13:56:39] NBash.AIKickNBashMissionBehavior.OnMissionTick      720       9.24      0.013      0.256      1.630
[13:56:39] PATCH:AIKickNBashFork:Agent.OnAIInputSet[post]   432000       9.00      0.000      1.022      1.022
[13:56:39] ssionViews.MissionAgentLabelView.OnMissionTick      719       7.67      0.011      0.347      1.251
[13:56:39] BMAI:BehaviorCharge.CalculateCurrentOrder[pre]      116       7.26      0.063      2.170      2.170
[13:56:39] tatCalculateModel.SetAiRelatedProperties[post]     1381       6.51      0.005      0.932      0.932
[13:56:39] :RBMAI:HumanAIComponent.GetFormationFrame[pre]    73549       6.33      0.000      1.140      1.140
[13:56:39] ehaviours.ShieldRotationBehavior.OnMissionTick      720       6.14      0.009      0.580      3.236
[13:56:39] CinematicCombatMasterstrikeLogic.OnMissionTick      719       5.18      0.007      0.028      0.797
[13:56:39] creen:MBSubModuleBase.AfterAsyncTickTick[post]    71280       5.08      0.000      0.241      0.565
[13:56:39] sCinematicCharges.SprintBehavior.OnMissionTick      719       4.97      0.007      0.014      0.979
[13:56:39] omacy:MBSubModuleBase.AfterAsyncTickTick[post]    71280       4.63      0.000      0.322      0.735
[13:56:39] erLib:MBSubModuleBase.AfterAsyncTickTick[post]    71280       4.27      0.000      0.250      7.673
[13:56:39] Patch:MBSubModuleBase.AfterAsyncTickTick[post]    71280       3.88      0.000      0.258      0.691
[13:56:39] CH:BetterPikes:Formation.SetMovementOrder[pre]      354       3.37      0.010      0.032      0.053
[13:56:39] .StaminaSystem.StaminaUIBehavior.OnMissionTick     1438       3.28      0.002      0.014      0.246
[13:56:39] PATCH:RBMAI:Formation.GetDirectionOfUnit[post]    73567       3.27      0.000      0.998      1.976
[13:56:39] ges.CinematicChargesMissionLogic.OnMissionTick      719       2.89      0.004      0.220      2.317
[13:56:39] v.RTSCamera.Logic.RTSCameraLogic.OnMissionTick      719       2.85      0.004      0.034     11.233
[13:56:39] Patch:MBSubModuleBase.AfterAsyncTickTick[post]    71280       2.79      0.000      0.248      0.746
[13:56:39] logue:MBSubModuleBase.AfterAsyncTickTick[post]    71280       2.59      0.000      0.274      0.727
[13:56:39] AgentStatCalculateModel.UpdateHumanStats[post]     1381       2.33      0.002      0.020      0.502
[13:56:39] temsLivelyAnimationsMissionLogic.OnMissionTick      719       2.24      0.003      0.020      1.019
[13:56:39] tatCalculateModel.SetAiRelatedProperties[post]     1381       2.22      0.002      1.350      1.350
[13:56:39] onCombatMechanicsHelper.ComputeBlowDamage[pre]        5       2.11      0.421      0.929      0.929
[13:56:39] Screen:MBSubModuleBase.OnApplicationTick[post]    27090       1.90      0.000      0.283      2.446
[13:56:39] e.MissionBoundaryCrossingHandler.OnMissionTick      719       1.90      0.003      0.009      0.292
[13:56:39] BetterPikes:Formation.SetArrangementOrder[pre]      224       1.78      0.008      0.027      0.104
[13:56:39] terLib:MBSubModuleBase.OnApplicationTick[post]    27090       1.73      0.000      0.465      2.438
[13:56:39] tinues:FormationQuerySystem.get_MainClass[pre]     2913       1.72      0.001      0.013      0.283
[13:56:39] .ButterLib:MBSubModuleBase.OnNetworkTick[post]    28294       1.59      0.000      0.006      3.333
[13:56:39] MAI:BehaviorAdvance.CalculateCurrentOrder[pre]       72       1.56      0.022      0.771      0.771
[13:56:39] lPatch:MBSubModuleBase.OnApplicationTick[post]    27090       1.36      0.000      0.006      2.948
[13:56:39] MCombat:CustomBattleAgentLogic.OnAgentHit[pre]       33       1.26      0.038      1.231      1.231
[13:56:39] ehaviorProtectFlank.CalculateCurrentOrder[pre]      144       1.23      0.009      0.019      0.260
[13:56:39] aultBattleMissionAgentSpawnLogic.OnMissionTick      719       1.22      0.002      0.007      1.267
[13:56:39] CPatch:MBSubModuleBase.OnApplicationTick[post]    27090       1.20      0.000      0.275      0.601
[13:56:39] v.Immersive_Battlefields.IB_Core.OnMissionTick      720       1.19      0.002      0.009      5.263
[13:56:39] nBoundaryCrossingHandler.TickForMainAgent[pre]      719       1.18      0.002      0.008      0.290
[13:56:39] rrangementOrder.GetShieldDirectionOfUnit[post]    67076       1.14      0.000      0.238      0.347
[13:56:39] onHandler.TryGetFormationDistanceToCenter[pre]     2160       1.13      0.001      0.007      0.377
[13:56:39] ux:Mission.HandleMissileCollisionReaction[pre]       33       1.11      0.034      0.785      0.785
[13:56:39] alogue:MBSubModuleBase.OnApplicationTick[post]    27090       1.07      0.000      0.312      0.724
[13:56:39] sionViews.Order.OrderTroopPlacer.OnMissionTick      719       1.04      0.001      0.006      0.163
[13:56:39] s.RealisticSoundsMissionBehavior.OnMissionTick      720       0.96      0.001      0.005      0.549
[13:56:39] onGauntletSpectatorControl.OnMissionTick[post]      719       0.92      0.001      0.008      0.349
[13:56:39] lomacy:MBSubModuleBase.OnApplicationTick[post]    27090       0.91      0.000      0.006      0.826
[13:56:39] PATCH:BetterPikes:Formation.SetFormOrder[pre]        49       0.84      0.017      0.038      0.338
[13:56:39] PATCH:RBMAI:Agent.OnShieldDamaged[pre]               28       0.83      0.030      0.205      0.205
[13:56:39] ssionGauntletCategoryLoadManager.OnMissionTick      719       0.82      0.001      0.002      0.019
[13:56:39] ltItemValueModel.CalculateTierMeleeWeapon[pre]      719       0.79      0.001      0.003      0.008
[13:56:39] PATCH:RBMAI:Formation.SetPositioning[pre]          2953       0.76      0.000      0.311      0.311
[13:56:39] lds.MountAndBlade.BattleEndLogic.OnMissionTick      719       0.73      0.001      0.004      1.165
[13:56:39] egeMorale.SiegeNoRetreatBehavior.OnMissionTick      719       0.70      0.001      0.247      0.247
[13:56:39] :RTSCamera:CrosshairVM.SetArrowProperties[pre]      301       0.61      0.002      0.309      0.309
[13:56:39] CombatSounds:BlowWeaponRecord.GetHitSound[pre]        5       0.58      0.116      0.545      0.545
[13:56:39] nSieges.SiegeLootMissionBehavior.OnMissionTick      719       0.58      0.001      0.252      0.252
[13:56:39] TCH:RBMCombat:Mission.OnAgentShootMissile[pre]       51       0.52      0.010      0.242      0.242
[13:56:39] erPikes:BehaviorAdvance.TickOccasionally[post]       36       0.50      0.014      0.014      0.061
[13:56:39] MissionBehav.SiegeArcherPoints.OnMissionTick        720       0.49      0.001      0.002      0.014
[13:56:39] ic.DismembermentPlusMissionLogic.OnMissionTick      720       0.48      0.001      0.011      0.494
[13:56:39] untAndBlade.HighlightsController.OnMissionTick      719       0.46      0.001      0.002      1.026
[13:56:39] terPikes:BehaviorCharge.TickOccasionally[post]       58       0.44      0.008      0.022      0.034
[13:56:39] CH:RTSCamera:Mission.UpdateSceneTimeSpeed[pre]      301       0.42      0.001      0.004      0.008
[13:56:39] andSystem:OrderTroopPlacer.OnMissionTick[post]      719       0.38      0.001      0.003      0.125
[13:56:39] .MountAndBlade.AgentVictoryLogic.OnMissionTick      719       0.36      0.001      0.003      0.005
[13:56:39] RBMCombat:Agent.OnWieldedItemIndexChange[post]        7       0.35      0.050      0.097      0.515
[13:56:39] lter.Logics.FormationFilterLogic.OnMissionTick      719       0.34      0.000      0.001      0.005
[13:56:39] onGauntletOrderOfBattleUIHandler.OnMissionTick      719       0.32      0.000      0.006      3.856
[13:56:39] chanicsHelper.ComputeBlowMagnitudeMissile[pre]       33       0.31      0.010      0.274      0.274
[13:56:39] .MountAndBlade.BannerBearerLogic.OnMissionTick      719       0.31      0.000      0.007      0.009
[13:56:39] RTSCamera:OrderTroopPlacer.GetScreenPoint[pre]      602       0.31      0.001      0.004      0.412
[13:56:39] .CommandSystem:Formation.ReapplyFormOrder[pre]       13       0.30      0.023      0.031     22.781
[13:56:39] PATCH:RBMAI:LineFormation.RemoveUnit[pre]           756       0.29      0.000      0.279      0.279
[13:56:39] sionLogics.MissionObjectiveLogic.OnMissionTick      719       0.29      0.000      0.018      0.018
[13:56:39] mera.CommandSystem:Formation.SetFormOrder[pre]       49       0.26      0.005      0.011     22.749
[13:56:39] tleReinforcementsSpawnController.OnMissionTick      719       0.21      0.000      0.001      0.016
[13:56:39] TCH:Retinues:SubModule.TryRegisterWithMCM[fin]      301       0.21      0.001      0.001      0.002
[13:56:39] TCH:RBMCombat:Mission.MissileHitCallback[post]       33       0.20      0.006      0.174      0.174
[13:56:39] edSiegeMorale.SiegeMoraleTracker.OnMissionTick      719       0.19      0.000      0.001      0.003
[13:56:39] PATCH:RBMAI:TacticFullScaleAttack.Attack[post]        1       0.16      0.161      0.161      0.161
[13:56:39] ork:HumanAIComponent.SetBehaviorValueSet[post]     6800       0.16      0.000      0.005      0.515
[13:56:39] PATCH:RBMAI:BehaviorRegroup.GetAiWeight[pre]         36       0.15      0.004      0.005      0.153
[13:56:39] CH:RBMCombat:Mission.OnAgentShootMissile[post]      102       0.12      0.001      0.004      0.004
[13:56:39] MAI:HumanAIComponent.SetBehaviorValueSet[post]     6800       0.12      0.000      0.014      0.564
[13:56:39] CommandSystem:FacingOrder.GetDirectionAux[pre]     2880       0.11      0.000      0.001      0.426
[13:56:39] H:RBMAI:Agent.UpdateLastAttackAndHitTimes[pre]       33       0.11      0.003      0.041      0.041
[13:56:39] ionBehaviors.MissionLibraryLogic.OnMissionTick      719       0.10      0.000      0.001      0.003
[13:56:39] PATCH:RBMAI:Formation.SetMovementOrder[pre]         354       0.09      0.000      0.001      0.019
[13:56:39] amageAndBlocksAttackBecauseOfNonEnemyCase[pre]       33       0.09      0.003      0.020      0.020
[13:56:39] :BehaviorProtectFlank.CheckAndChangeState[pre]       72       0.07      0.001      0.001      0.007
[13:56:39] CH:RBMAI:BehaviorProtectFlank.GetAiWeight[pre]       72       0.07      0.001      0.001      0.002
[13:56:39] PATCH:RBMAI:Mission.OnAgentHit[post]                 33       0.06      0.002      0.020      0.020
[13:56:39] PATCH:RBMAI:Mission.OnAgentShootMissile[pre]         51       0.06      0.001      0.003      0.003
[13:56:39] eAgentStatCalculateModel.UpdateHumanStats[fin]     1381       0.05      0.000      0.002      0.007
[13:56:39] ATCH:RBMCombat:Mission.MissileHitCallback[pre]       33       0.04      0.001      0.004      0.004
[13:56:39] PATCH:RBMAI:BehaviorCharge.GetAiWeight[post]         58       0.03      0.001      0.001      0.003
[13:56:39] mbatMechanicsHelper.ComputeBlowMagnitude[post]       33       0.03      0.001      0.002      0.002
[13:56:39] es:BehaviorComponent.OnBehaviorActivated[post]        3       0.03      0.009      0.015      0.022
[13:56:39] Combat:Mission.GetAttackCollisionResults[post]       33       0.03      0.001      0.003      0.003
[13:56:39] PATCH:RBMAI:Mission.OnAgentShootMissile[post]        51       0.03      0.001      0.001      0.001
[13:56:39] FrontlineModFork:LineFormation.RemoveUnit[pre]      756       0.02      0.000      0.002      0.357
[13:56:39] nCombatMechanicsHelper.ComputeBlowDamage[post]        5       0.02      0.003      0.004      0.004
[13:56:39] IComponent.DisablePickUpForAgentIfNeeded[post]        7       0.01      0.002      0.003      0.442
[13:56:39] :TacticCoordinatedRetreat.GetTacticWeight[pre]       11       0.01      0.001      0.002      0.002
[13:56:39] AI:TacticFullScaleAttack.GetTacticWeight[post]       11       0.01      0.001      0.001      0.003
[13:56:39] ModFork:LineFormation.SwitchUnitLocations[pre]       22       0.01      0.000      0.002      0.003
[13:56:39] PATCH:RBMCombat:Mission.RegisterBlow[pre]             5       0.01      0.002      0.003      0.003
[13:56:39] H:RBMAI:LineFormation.SwitchUnitLocations[pre]       22       0.01      0.000      0.001      0.002
[13:56:39] ttleSizeResized:GameTextManager.FindText[post]        3       0.01      0.003      0.005      0.008
[13:56:39] CH:RealisticCombatSounds:Agent.HandleBlow[pre]        5       0.01      0.001      0.002      0.002
[13:56:39] PATCH:RBMCombat:Agent.WeaponEquipped[pre]             5       0.01      0.001      0.002      2.472
[13:56:39] TCH:RBMAI:Agent.OnWieldedItemIndexChange[post]        7       0.01      0.001      0.001      0.001
[13:56:39] PATCH:RBMCombat:Agent.HandleBlow[post]                5       0.01      0.001      0.002      0.002
[13:56:39] DefensiveLine.IsTacticalPositionEligible[post]       70       0.01      0.000      0.001      0.003
[13:56:39] TacticComponent.SetDefaultBehaviorWeights[pre]        1       0.00      0.002      0.002      0.281
[13:56:39] l.CanBannerBearerProvideEffectToFormation[pre]       50       0.00      0.000      0.001      0.003
[13:56:39] === END REPORT ===
[13:56:39] === PER-MOD TOTALS (this window, ms — overlapping/nested, not additive) ===
[13:56:39]       45709.37  RTSCamera.CommandSystem
[13:56:39]       11116.57  FrontlineModFork
[13:56:39]        1207.69  (engine/unattributed)
[13:56:39]        1019.22  RBMAI
[13:56:39]         631.50  ArtemsCinematicCombat
[13:56:39]         397.98  RBM
[13:56:39]         117.18  BetterPikes
[13:56:39]          56.61  StaminaSystem
[13:56:39]          28.03  BreakablePolearms
[13:56:39]          25.76  RBMCombat
[13:56:39]           9.26  BattleOrderTweaks
[13:56:39]           9.24  AIKickNBash
[13:56:39]           9.00  AIKickNBashFork
[13:56:39]           7.85  ArtemsCinematicCharges
[13:56:39]           7.59  Bannerlord.ButterLib
[13:56:39]           7.43  RTSCamera
[13:56:39]           6.99  Bannerlord.MBOptionScreen
[13:56:39]           6.14  ProperShieldWalls
[13:56:39]           5.54  Bannerlord.Diplomacy
[13:56:39]           5.18  CinematicCombatMasterstrikeLogic
[13:56:39]           5.08  Bannerlord.DiplomacyNavalDLCPatch
[13:56:39]           4.15  zzzUniversalPatch
[13:56:39]           3.66  MBFastDialogue
[13:56:39]           2.37  RealisticWeather
[13:56:39]           2.24  ArtemsLivelyAnimations
[13:56:39]           1.92  Retinues
[13:56:39]           1.55  RealisticCombatSounds
[13:56:39]           1.19  Immersive_Battlefields
[13:56:39]           1.11  NoMoreStuckProjectilesRedux
[13:56:39]           0.90  EnhancedSiegeMorale
[13:56:39]           0.58  LootBetweenSieges
[13:56:39]           0.49  SiegeArcherPoints
[13:56:39]           0.48  DismembermentPlus
[13:56:39]           0.34  FormationFilter
[13:56:39]           0.10  MissionSharedLibrary
[13:56:39]           0.09  XorberaxLegacy
[13:56:39]           0.02  StaminaSystemFork
[13:56:39]           0.01  PickupMeleeWeapons
[13:56:39]           0.01  BattleSizeResized
[13:56:39] === END PER-MOD TOTALS ===
[13:56:49] === PERFORMANCE REPORT ===
[13:56:49] Method                                            Calls  Total(ms)    Avg(ms)    Max(ms) SessMax(ms)
[13:56:49] --------------------------------------------------------------------------------------------------
[13:56:49] et_CalculateHasSignificantNumberOfMounted[pre]  7825620   11754.16      0.002      5.118      9.740
[13:56:49] odFork:HumanAIComponent.GetFormationFrame[pre]    38341    1875.39      0.049     14.739     35.245
[13:56:49] Mission.Frame(all)                                  724    1475.93      2.039     17.560     37.204
[13:56:49] icCombat.CCShieldTauntTroopsData.OnMissionTick      724     588.39      0.813      1.411      3.870
[13:56:49] tStatusBar.UnitStatusMissionView.OnMissionTick      723     550.98      0.762      1.761     53.810
[13:56:49] omponent.ParallelUpdateFormationMovement[post]    38341     152.61      0.004      2.392      6.535
[13:56:49] Pikes.BetterPikesMissionBehavior.OnMissionTick      724     111.98      0.155      0.576      1.342
[13:56:49] PATCH:RBMAI:Agent.IsInWater[pre]                 496682      94.59      0.000      1.533      1.533
[13:56:49] mbat.CinematicCombatMissionLogic.OnMissionTick      724      63.47      0.088      0.632     26.632
[13:56:49] inaSystem.StaminaMissionBehavior.OnMissionTick      724      55.55      0.077      0.174      0.469
[13:56:49] eModFork:Formation.GetOrderPositionOfUnit[pre]    38341      49.59      0.001      1.417      1.874
[13:56:49] PATCH:RBMAI:HumanAIComponent.OnTick[post]        434251      41.45      0.000      0.637      1.787
[13:56:49] at:Mission.HandleMissileCollisionReaction[pre]      208      39.97      0.192      0.610     11.719
[13:56:49] CH:RBMAI:Formation.GetOrderPositionOfUnit[pre]    38330      36.02      0.001      1.458      1.458
[13:56:49] BreakablePolearmsMissionBehavior.OnMissionTick      724      33.06      0.046      0.077      0.568
[13:56:49] PATCH:AIKickNBashFork:Agent.OnAIInputSet[post]   428411      30.81      0.000      3.704      3.704
[13:56:49] stem:OrderTroopPlacer.OnMissionScreenTick[pre]      724      20.23      0.028      0.146     38.336
[13:56:49] tatCalculateModel.SetAiRelatedProperties[post]     3713      18.59      0.005      0.885      0.932
[13:56:49] andSystem:OrderTroopPlacer.GetCursorState[pre]      724      18.28      0.025      0.140      1.709
[13:56:49] manAIComponent.GetDesiredSpeedInFormation[pre]    38341      17.36      0.000      1.482      2.048
[13:56:49] H:RBMAI:HumanAIComponent.AdjustSpeedLimit[pre]    38341      15.32      0.000      1.412      1.412
[13:56:49] lineModFork:Formation.GetDirectionOfUnit[post]    30197      10.93      0.000      1.418      1.418
[13:56:49] .MissionGauntletSpectatorControl.OnMissionTick      724      10.70      0.015      0.093      0.365
[13:56:49] rderTweaks.VolleyMissionBehavior.OnMissionTick      724       9.90      0.014      0.032      4.498
[13:56:49] PATCH:RBMAI:Agent.UpdateFormationOrders[pre]      38141       9.45      0.000      0.018      0.466
[13:56:49] m:SquareFormation.GetLocalDirectionOfUnit[pre]    18899       8.99      0.000      1.144      1.144
[13:56:49] tatCalculateModel.SetAiRelatedProperties[post]     3713       8.84      0.002      1.472      1.472
[13:56:49] TCH:RBMAI:Formation.ApplyActionOnEachUnit[pre]      203       8.82      0.043      5.795      7.282
[13:56:49] ssionViews.MissionAgentLabelView.OnMissionTick      724       7.20      0.010      0.048      1.251
[13:56:49] .ButterLib:MBSubModuleBase.OnNetworkTick[post]    68056       6.92      0.000      0.604      3.333
[13:56:49] AgentStatCalculateModel.UpdateHumanStats[post]     3713       6.85      0.002      0.024      0.502
[13:56:49] nicsHelper.DecideWeaponCollisionReaction[post]        1       6.09      6.085      6.085      6.085
[13:56:49] temsLivelyAnimationsMissionLogic.OnMissionTick      724       5.92      0.008      2.596      2.596
[13:56:49] creen:MBSubModuleBase.AfterAsyncTickTick[post]    71676       5.71      0.000      0.483      0.565
[13:56:49] NBash.AIKickNBashMissionBehavior.OnMissionTick      723       5.71      0.008      0.420      1.630
[13:56:49] erLib:MBSubModuleBase.AfterAsyncTickTick[post]    71676       5.68      0.000      0.514      7.673
[13:56:49] sCinematicCharges.SprintBehavior.OnMissionTick      724       5.55      0.008      0.025      0.979
[13:56:49] Patch:MBSubModuleBase.AfterAsyncTickTick[post]    71676       5.47      0.000      0.635      0.691
[13:56:49] CinematicCombatMasterstrikeLogic.OnMissionTick      724       5.33      0.007      0.031      0.797
[13:56:49] omacy:MBSubModuleBase.AfterAsyncTickTick[post]    71676       5.15      0.000      0.621      0.735
[13:56:49] Screen:MBSubModuleBase.OnApplicationTick[post]    65160       5.04      0.000      0.560      2.446
[13:56:49] lPatch:MBSubModuleBase.OnApplicationTick[post]    65160       4.52      0.000      0.467      2.948
[13:56:49] BMAI:BehaviorCharge.CalculateCurrentOrder[pre]      120       4.24      0.035      0.551      2.170
[13:56:49] ehaviours.ShieldRotationBehavior.OnMissionTick      723       4.16      0.006      0.162      3.236
[13:56:49] :RBMAI:HumanAIComponent.GetFormationFrame[pre]    30169       4.00      0.000      1.616      1.616
[13:56:49] logue:MBSubModuleBase.AfterAsyncTickTick[post]    71676       3.95      0.000      0.611      0.727
[13:56:49] v.RTSCamera.Logic.RTSCameraLogic.OnMissionTick      724       3.72      0.005      0.007     11.233
[13:56:49] Patch:MBSubModuleBase.AfterAsyncTickTick[post]    71676       3.69      0.000      0.479      0.746
[13:56:49] alogue:MBSubModuleBase.OnApplicationTick[post]    65160       3.61      0.000      0.538      0.724
[13:56:49] lomacy:MBSubModuleBase.OnApplicationTick[post]    65160       3.10      0.000      0.462      0.826
[13:56:49] ges.CinematicChargesMissionLogic.OnMissionTick      724       2.95      0.004      0.009      2.317
[13:56:49] PATCH:RBMAI:Agent.OnShieldDamaged[pre]              146       2.77      0.019      0.201      0.205
[13:56:49] gic.AgentMoraleInteractionLogic.OnAgentRemoved        1       2.59      2.591      2.591      2.591
[13:56:49] .StaminaSystem.StaminaUIBehavior.OnMissionTick     1448       2.50      0.002      0.012      0.246
[13:56:49] terLib:MBSubModuleBase.OnApplicationTick[post]    65160       2.42      0.000      0.314      2.438
[13:56:49] e.MissionBoundaryCrossingHandler.OnMissionTick      724       2.23      0.003      0.006      0.292
[13:56:49] PATCH:RBMAI:Formation.GetDirectionOfUnit[post]    30197       2.19      0.000      1.271      1.976
[13:56:49] tinues:FormationQuerySystem.get_MainClass[pre]     3085       1.96      0.001      0.012      0.283
[13:56:49] CPatch:MBSubModuleBase.OnApplicationTick[post]    65160       1.92      0.000      0.015      0.601
[13:56:49] v.Immersive_Battlefields.IB_Core.OnMissionTick      723       1.90      0.003      0.004      5.263
[13:56:49] aultBattleMissionAgentSpawnLogic.OnMissionTick      724       1.65      0.002      0.007      1.267
[13:56:49] TCH:RBMCombat:Mission.OnAgentShootMissile[pre]      237       1.57      0.007      0.013      0.242
[13:56:49] s.RealisticSoundsMissionBehavior.OnMissionTick      723       1.56      0.002      0.005      0.549
[13:56:49] RBMCombat:Agent.OnWieldedItemIndexChange[post]       40       1.56      0.039      0.098      0.515
[13:56:49] sionViews.Order.OrderTroopPlacer.OnMissionTick      724       1.53      0.002      0.010      0.163
[13:56:49] onHandler.TryGetFormationDistanceToCenter[pre]     2169       1.49      0.001      0.004      0.377
[13:56:49] nBoundaryCrossingHandler.TickForMainAgent[pre]      724       1.46      0.002      0.004      0.290
[13:56:49] ux:Mission.HandleMissileCollisionReaction[pre]      208       1.37      0.007      0.016      0.785
[13:56:49] eAgentStatCalculateModel.UpdateHumanStats[fin]     3713       1.29      0.000      1.113      1.113
[13:56:49] MCombat:CustomBattleAgentLogic.OnAgentHit[pre]      188       1.23      0.007      1.014      1.231
[13:56:49] ssionGauntletCategoryLoadManager.OnMissionTick      724       1.10      0.002      0.005      0.019
[13:56:49] onGauntletSpectatorControl.OnMissionTick[post]      724       1.05      0.001      0.004      0.349
[13:56:49] onCombatMechanicsHelper.ComputeBlowDamage[pre]       30       1.01      0.034      0.259      0.929
[13:56:49] CH:BetterPikes:Formation.SetMovementOrder[pre]      146       0.94      0.006      0.023      0.053
[13:56:49] es.CinematicChargesMissionLogic.OnAgentRemoved        1       0.86      0.863      0.863      0.863
[13:56:49] CommandSystem:FacingOrder.GetDirectionAux[pre]     2896       0.85      0.000      0.447      0.447
[13:56:49] CH:RTSCamera:Mission.UpdateSceneTimeSpeed[pre]      724       0.85      0.001      0.005      0.008
[13:56:49] rrangementOrder.GetShieldDirectionOfUnit[post]    29969       0.80      0.000      0.009      0.347
[13:56:49] ltItemValueModel.CalculateTierMeleeWeapon[pre]      724       0.79      0.001      0.007      0.008
[13:56:49] lds.MountAndBlade.BattleEndLogic.OnMissionTick      724       0.76      0.001      0.004      1.165
[13:56:49] egeMorale.SiegeNoRetreatBehavior.OnMissionTick      724       0.76      0.001      0.003      0.247
[13:56:49] ic.DismembermentPlusMissionLogic.OnMissionTick      723       0.75      0.001      0.002      0.494
[13:56:49] .RTSCamera.Logic.RTSCameraLogic.OnAgentRemoved        1       0.75      0.750      0.750      0.750
[13:56:49] MissionBehav.SiegeArcherPoints.OnMissionTick        723       0.75      0.001      0.002      0.014
[13:56:49] untAndBlade.HighlightsController.OnMissionTick      724       0.74      0.001      0.002      1.026
[13:56:49] .MountAndBlade.AgentVictoryLogic.OnMissionTick      724       0.73      0.001      0.002      0.005
[13:56:49] :RTSCamera:CrosshairVM.SetArrowProperties[pre]      724       0.73      0.001      0.002      0.309
[13:56:49] onGauntletOrderOfBattleUIHandler.OnMissionTick      724       0.72      0.001      0.002      3.856
[13:56:49] nSieges.SiegeLootMissionBehavior.OnMissionTick      724       0.70      0.001      0.001      0.252
[13:56:49] lter.Logics.FormationFilterLogic.OnMissionTick      724       0.69      0.001      0.002      0.005
[13:56:49] RTSCamera:OrderTroopPlacer.GetScreenPoint[pre]     1448       0.68      0.000      0.003      0.412
[13:56:49] andSystem:OrderTroopPlacer.OnMissionTick[post]      724       0.65      0.001      0.001      0.125
[13:56:49] sionLogics.MissionObjectiveLogic.OnMissionTick      724       0.64      0.001      0.001      0.018
[13:56:49] CH:RBMCombat:Mission.OnAgentShootMissile[post]      474       0.63      0.001      0.005      0.005
[13:56:49] .MountAndBlade.BannerBearerLogic.OnMissionTick      724       0.59      0.001      0.005      0.009
[13:56:49] PATCH:RBMAI:Formation.SetPositioning[pre]          2897       0.53      0.000      0.001      0.311
[13:56:49] BetterPikes:Formation.SetArrangementOrder[pre]       86       0.53      0.006      0.039      0.104
[13:56:49] H:RBMAI:Agent.UpdateLastAttackAndHitTimes[pre]      188       0.51      0.003      0.035      0.041
[13:56:49] terPikes:BehaviorCharge.TickOccasionally[post]       60       0.47      0.008      0.022      0.034
[13:56:49] amageAndBlocksAttackBecauseOfNonEnemyCase[pre]      188       0.44      0.002      0.008      0.020
[13:56:49] PATCH:RBMCombat:Mission.CreateMeleeBlow[post]         6       0.41      0.069      0.404      0.404
[13:56:49] edSiegeMorale.SiegeMoraleTracker.OnMissionTick      724       0.38      0.001      0.001      0.003
[13:56:49] CombatSounds:BlowWeaponRecord.GetHitSound[pre]       31       0.35      0.011      0.057      0.545
[13:56:49] TCH:Retinues:SubModule.TryRegisterWithMCM[fin]      724       0.33      0.000      0.001      0.002
[13:56:49] l.CanBannerBearerProvideEffectToFormation[pre]      346       0.33      0.001      0.002      0.003
[13:56:49] tleReinforcementsSpawnController.OnMissionTick      724       0.31      0.000      0.001      0.016
[13:56:49] ATCH:RBMCombat:Mission.MissileHitCallback[pre]      208       0.31      0.001      0.004      0.004
[13:56:49] BMCombat:Mission.DecideAgentHitParticles[post]        1       0.29      0.286      0.286      0.286
[13:56:49] PATCH:RBMAI:Mission.OnAgentShootMissile[pre]        237       0.28      0.001      0.006      0.006
[13:56:49] chanicsHelper.ComputeBlowMagnitudeMissile[pre]      186       0.26      0.001      0.003      0.274
[13:56:49] roperShieldWalls:Mission.MeleeHitCallback[pre]        1       0.25      0.252      0.252      0.252
[13:56:49] ionBehaviors.MissionLibraryLogic.OnMissionTick      724       0.24      0.000      0.001      0.003
[13:56:49] .MissionBoundaryCrossingHandler.OnAgentRemoved        1       0.24      0.237      0.237      0.237
[13:56:49] s.MountAndBlade.CasualtyHandler.OnAgentRemoved        1       0.22      0.222      0.222      0.222
[13:56:49] StatusBar.UnitStatusMissionView.OnAgentRemoved        1       0.22      0.218      0.218      0.218
[13:56:49] PATCH:RBMAI:Mission.OnAgentHit[post]                188       0.22      0.001      0.005      0.020
[13:56:49] mbatMechanicsHelper.ComputeBlowMagnitude[post]      187       0.21      0.001      0.003      0.003
[13:56:49] TCH:RBMCombat:Mission.MissileHitCallback[post]      208       0.18      0.001      0.004      0.174
[13:56:49] Combat:Mission.GetAttackCollisionResults[post]      187       0.18      0.001      0.002      0.003
[13:56:49] PATCH:RBMAI:Mission.OnAgentShootMissile[post]       237       0.17      0.001      0.003      0.003
[13:56:49] PATCH:RBMCombat:ItemModifier.ModifyArmor[pre]        16       0.13      0.008      0.122      0.122
[13:56:49] System.Logic.CommandSystemLogic.OnAgentRemoved        1       0.12      0.120      0.120      0.120
[13:56:49] ws.Sound.MusicBattleMissionView.OnAgentRemoved        1       0.10      0.103      0.103      0.103
[13:56:49] lade.BattleObserverMissionLogic.OnAgentRemoved        1       0.10      0.102      0.102      0.102
[13:56:49] IComponent.DisablePickUpForAgentIfNeeded[post]       38       0.08      0.002      0.003      0.442
[13:56:49] lade.BattleHighlightsController.OnAgentRemoved        1       0.08      0.078      0.078      0.078
[13:56:49] nCombatMechanicsHelper.ComputeBlowDamage[post]       30       0.07      0.002      0.003      0.004
[13:56:49] ineMod.FrontlineCleanupBehavior.OnAgentRemoved        1       0.06      0.061      0.061      0.061
[13:56:49] PATCH:RBMAI:Formation.SetMovementOrder[pre]         146       0.06      0.000      0.001      0.019
[13:56:49] PATCH:RBMAI:BehaviorCharge.GetAiWeight[post]         60       0.06      0.001      0.001      0.003
[13:56:49] ticCombatSounds:Mission.MeleeHitCallback[post]        1       0.05      0.054      0.054      0.054
[13:56:49] AndBlade.CustomBattleAgentLogic.OnAgentRemoved        1       0.05      0.046      0.046      0.046
[13:56:49] TCH:RBMAI:Agent.OnWieldedItemIndexChange[post]       40       0.04      0.001      0.002      0.002
[13:56:49] PATCH:RBMCombat:Agent.WeaponEquipped[pre]            20       0.04      0.002      0.008      2.472
[13:56:49] CH:RealisticCombatSounds:Agent.HandleBlow[pre]       31       0.03      0.001      0.003      0.003
[13:56:49] PATCH:RBMCombat:Mission.RegisterBlow[pre]            30       0.03      0.001      0.002      0.003
[13:56:49] PATCH:RBMCombat:Agent.HandleBlow[post]               31       0.03      0.001      0.002      0.002
[13:56:49] .CommandSystem:Formation.ReapplyFormOrder[pre]        1       0.02      0.015      0.015     22.781
[13:56:49] sionViews.MissionAgentLabelView.OnAgentRemoved        1       0.01      0.013      0.013      0.013
[13:56:49] H:RBMAI:LineFormation.SwitchUnitLocations[pre]       44       0.01      0.000      0.002      0.002
[13:56:49] :XorberaxLegacy:Mission.MeleeHitCallback[post]        1       0.01      0.012      0.012      0.012
[13:56:49] ModFork:LineFormation.SwitchUnitLocations[pre]       44       0.01      0.000      0.001      0.003
[13:56:49] PATCH:BetterPikes:Formation.SetFormOrder[pre]         1       0.01      0.009      0.009      0.338
[13:56:49] d.UIExtenderEx:WidgetFactory.IsCustomType[pre]       10       0.01      0.001      0.003      0.006
[13:56:49] anicsHelper.DecideWeaponCollisionReaction[pre]        1       0.01      0.006      0.006      0.006
[13:56:49] icsHelper.CalculateBaseMeleeBlowMagnitude[pre]        2       0.01      0.003      0.004      0.004
[13:56:49] :TacticCoordinatedRetreat.GetTacticWeight[pre]        4       0.01      0.001      0.002      0.002
[13:56:49] ntAndBlade.HighlightsController.OnAgentRemoved        1       0.00      0.004      0.004      0.004
[13:56:49] DefensiveLine.IsTacticalPositionEligible[post]       28       0.00      0.000      0.002      0.003
[13:56:49] echanicsHelper.GetDefendCollisionResults[post]        1       0.00      0.004      0.004      0.004
[13:56:49] mera.CommandSystem:Formation.SetFormOrder[pre]        1       0.00      0.004      0.004     22.749
[13:56:49] AI:TacticFullScaleAttack.GetTacticWeight[post]        4       0.00      0.001      0.001      0.003
[13:56:49] H:Bannerlord.UIExtenderEx:ViewModel..ctor[pre]        1       0.00      0.003      0.003      0.080
[13:56:49] erlord.UIExtenderEx:BrushFactory.GetBrush[pre]        3       0.00      0.001      0.002      1.639
[13:56:49] ame:EquipmentElement.GetModifiedItemName[post]        2       0.00      0.002      0.002      0.002
[13:56:49] echanicsHelper.GetDefendCollisionResults[post]        1       0.00      0.003      0.003      0.003
[13:56:49] naSystem.StaminaMissionBehavior.OnAgentRemoved        1       0.00      0.003      0.003      0.003
[13:56:49] FrontlineModFork:LineFormation.RemoveUnit[pre]        1       0.00      0.003      0.003      0.357
[13:56:49] ternativeAttacks:Mission.CreateMeleeBlow[post]        2       0.00      0.002      0.002      0.002
[13:56:49] PATCH:RBMAI:Mission.CreateMeleeBlow[post]             2       0.00      0.001      0.001      0.001
[13:56:49] geMorale.SiegeNoRetreatBehavior.OnAgentRemoved        1       0.00      0.002      0.002      0.002
[13:56:49] echanicsHelper.GetDefendCollisionResults[post]        1       0.00      0.002      0.002      0.002
[13:56:49] PATCH:RBMAI:Agent.SetFiringOrder[pre]                 1       0.00      0.002      0.002      0.002
[13:56:49] PATCH:RBMCombat:Mission.MeleeHitCallback[pre]         1       0.00      0.001      0.001      0.001
[13:56:49] iews.MissionMainAgentController.OnAgentRemoved        1       0.00      0.001      0.001      0.001
[13:56:49] gic.ApplyMoraleEffectOnAgentIncapacitated[pre]        1       0.00      0.001      0.001      0.001
[13:56:49] Views.MissionGamepadEffectsView.OnAgentRemoved        1       0.00      0.001      0.001      0.001
[13:56:49] MountAndBlade.AgentVictoryLogic.OnAgentRemoved        1       0.00      0.001      0.001      0.001
[13:56:49] echanicsHelper.GetDefendCollisionResults[post]        1       0.00      0.001      0.001      0.001
[13:56:49] amera.View.FlyCameraMissionView.OnAgentRemoved        1       0.00      0.001      0.001      0.001
[13:56:49] enderEx:WidgetFactory.CreateBuiltinWidget[pre]       10       0.00      0.000      0.001      0.004
[13:56:49] PATCH:RBMAI:LineFormation.RemoveUnit[pre]             1       0.00      0.001      0.001      0.279
[13:56:49] nGauntletMainAgentEquipDropView.OnAgentRemoved        1       0.00      0.001      0.001      0.001
[13:56:49] PATCH:BattleSizeResized:Agent.Die[pre]                1       0.00      0.001      0.001      0.001
[13:56:49] MountAndBlade.BannerBearerLogic.OnAgentRemoved        1       0.00      0.001      0.001      0.001
[13:56:49] nicsHelper.DecideWeaponCollisionReaction[post]        1       0.00      0.001      0.001      0.001
[13:56:49] MAI:HumanAIComponent.SetBehaviorValueSet[post]      200       0.00      0.000      0.001      0.564
[13:56:49] ork:HumanAIComponent.SetBehaviorValueSet[post]      200       0.00      0.000      0.001      0.515
[13:56:49] ateMaxMoraleChangeDueToAgentIncapacitated[fin]        1       0.00      0.001      0.001      0.001
[13:56:49] auntletMainAgentControlModeView.OnAgentRemoved        1       0.00      0.001      0.001      0.001
[13:56:49] Sieges.SiegeLootMissionBehavior.OnAgentRemoved        1       0.00      0.001      0.001      0.001
[13:56:49] ds.MountAndBlade.BattleEndLogic.OnAgentRemoved        1       0.00      0.000      0.000      0.000
[13:56:49] === END REPORT ===
[13:56:49] === PER-MOD TOTALS (this window, ms — overlapping/nested, not additive) ===
[13:56:49]       11820.53  RTSCamera.CommandSystem
[13:56:49]        1935.92  FrontlineModFork
[13:56:49]        1508.24  (engine/unattributed)
[13:56:49]         651.86  ArtemsCinematicCombat
[13:56:49]         551.20  RBM
[13:56:49]         392.74  RBMAI
[13:56:49]         114.13  BetterPikes
[13:56:49]          58.05  StaminaSystem
[13:56:49]          57.45  RBMCombat
[13:56:49]          33.06  BreakablePolearms
[13:56:49]          30.81  AIKickNBashFork
[13:56:49]          15.02  Bannerlord.ButterLib
[13:56:49]          11.17  RTSCamera
[13:56:49]          10.75  Bannerlord.MBOptionScreen
[13:56:49]           9.90  BattleOrderTweaks
[13:56:49]           9.36  ArtemsCinematicCharges
[13:56:49]           8.24  Bannerlord.Diplomacy
[13:56:49]           8.21  zzzUniversalPatch
[13:56:49]           8.14  RealisticWeather
[13:56:49]           7.56  MBFastDialogue
[13:56:49]           7.39  Bannerlord.DiplomacyNavalDLCPatch
[13:56:49]           6.54  XorberaxLegacy
[13:56:49]           5.92  ArtemsLivelyAnimations
[13:56:49]           5.71  AIKickNBash
[13:56:49]           5.33  CinematicCombatMasterstrikeLogic
[13:56:49]           4.42  ProperShieldWalls
[13:56:49]           2.29  Retinues
[13:56:49]           1.99  RealisticCombatSounds
[13:56:49]           1.90  Immersive_Battlefields
[13:56:49]           1.37  NoMoreStuckProjectilesRedux
[13:56:49]           1.14  EnhancedSiegeMorale
[13:56:49]           0.75  DismembermentPlus
[13:56:49]           0.75  SiegeArcherPoints
[13:56:49]           0.70  LootBetweenSieges
[13:56:49]           0.69  FormationFilter
[13:56:49]           0.24  MissionSharedLibrary
[13:56:49]           0.08  StaminaSystemFork
[13:56:49]           0.08  PickupMeleeWeapons
[13:56:49]           0.06  FrontlineMod
[13:56:49]           0.01  Bannerlord.UIExtenderEx
[13:56:49]           0.00  BetterSmithingContinued.MainFrame
[13:56:49]           0.00  RealisticCombatAdjustments
[13:56:49]           0.00  Bannerlord.UsefulAlternativeAttacks
[13:56:49]           0.00  UnblockableThrust
[13:56:49]           0.00  BattleSizeResized
[13:56:49] === END PER-MOD TOTALS ===
[13:56:59] === PERFORMANCE REPORT ===
[13:56:59] Method                                            Calls  Total(ms)    Avg(ms)    Max(ms) SessMax(ms)
[13:56:59] --------------------------------------------------------------------------------------------------
[13:56:59] et_CalculateHasSignificantNumberOfMounted[pre]  7907806   11863.88      0.002      6.451      9.740
[13:56:59] odFork:HumanAIComponent.GetFormationFrame[pre]    38600    4053.25      0.105     16.282     35.245
[13:56:59] Mission.Frame(all)                                  729    1578.55      2.165      6.387     37.204
[13:56:59] icCombat.CCShieldTauntTroopsData.OnMissionTick      730     600.28      0.822      1.421      3.870
[13:56:59] tStatusBar.UnitStatusMissionView.OnMissionTick      730     469.73      0.643      1.324     53.810
[13:56:59] omponent.ParallelUpdateFormationMovement[post]    38587     144.43      0.004      1.684      6.535
[13:56:59] Pikes.BetterPikesMissionBehavior.OnMissionTick      730     109.90      0.151      0.524      1.342
[13:56:59] PATCH:RBMAI:Agent.IsInWater[pre]                 479681      86.63      0.000      1.353      1.533
[13:56:59] tatCalculateModel.SetAiRelatedProperties[post]     5958      63.99      0.011      1.907      1.907
[13:56:59] mbat.CinematicCombatMissionLogic.OnMissionTick      730      63.55      0.087      0.430     26.632
[13:56:59] eModFork:Formation.GetOrderPositionOfUnit[pre]    38600      51.68      0.001      1.276      1.874
[13:56:59] inaSystem.StaminaMissionBehavior.OnMissionTick      730      50.11      0.069      0.108      0.469
[13:56:59] PATCH:RBMAI:HumanAIComponent.OnTick[post]        435445      41.79      0.000      0.342      1.787
[13:56:59] PATCH:AIKickNBashFork:Agent.OnAIInputSet[post]   424322      38.76      0.000      0.708      3.704
[13:56:59] at:Mission.HandleMissileCollisionReaction[pre]      219      37.75      0.172      0.340     11.719
[13:56:59] CH:RBMAI:Formation.GetOrderPositionOfUnit[pre]    37962      30.14      0.001      1.313      1.458
[13:56:59] BreakablePolearmsMissionBehavior.OnMissionTick      730      29.56      0.040      0.095      0.568
[13:56:59] ssionViews.MissionAgentLabelView.OnMissionTick      730      23.99      0.033      0.114      1.251
[13:56:59] stem:OrderTroopPlacer.OnMissionScreenTick[pre]      730      17.11      0.023      0.342     38.336
[13:56:59] manAIComponent.GetDesiredSpeedInFormation[pre]    38600      16.76      0.000      1.145      2.048
[13:56:59] H:RBMAI:HumanAIComponent.AdjustSpeedLimit[pre]    38587      15.70      0.000      1.312      1.412
[13:56:59] andSystem:OrderTroopPlacer.GetCursorState[pre]      730      15.30      0.021      0.339      1.709
[13:56:59] TCH:RBMAI:Formation.ApplyActionOnEachUnit[pre]      163      13.88      0.085      4.833      7.282
[13:56:59] RBMCombat:Agent.OnWieldedItemIndexChange[post]      308      11.68      0.038      0.128      0.515
[13:56:59] PATCH:RBMAI:Agent.UpdateFormationOrders[pre]      38362      11.34      0.000      0.322      0.466
[13:56:59] .MissionGauntletSpectatorControl.OnMissionTick      730      10.55      0.014      0.337      0.365
[13:56:59] AgentStatCalculateModel.UpdateHumanStats[post]     5958       9.92      0.002      0.079      0.502
[13:56:59] lineModFork:Formation.GetDirectionOfUnit[post]    28630       9.82      0.000      1.172      1.418
[13:56:59] BMAI:BehaviorCharge.CalculateCurrentOrder[pre]      118       9.40      0.080      5.106      5.106
[13:56:59] rderTweaks.VolleyMissionBehavior.OnMissionTick      730       8.93      0.012      0.094      4.498
[13:56:59] m:SquareFormation.GetLocalDirectionOfUnit[pre]    19108       8.43      0.000      0.903      1.144
[13:56:59] tatCalculateModel.SetAiRelatedProperties[post]     5958       6.20      0.001      1.147      1.472
[13:56:59] creen:MBSubModuleBase.AfterAsyncTickTick[post]    72171       5.78      0.000      0.460      0.565
[13:56:59] NBash.AIKickNBashMissionBehavior.OnMissionTick      730       5.66      0.008      0.355      1.630
[13:56:59] CinematicCombatMasterstrikeLogic.OnMissionTick      730       5.21      0.007      0.029      0.797
[13:56:59] sCinematicCharges.SprintBehavior.OnMissionTick      730       4.94      0.007      0.025      0.979
[13:56:59] omacy:MBSubModuleBase.AfterAsyncTickTick[post]    72171       4.60      0.000      0.316      0.735
[13:56:59] erLib:MBSubModuleBase.AfterAsyncTickTick[post]    72171       4.43      0.000      0.454      7.673
[13:56:59] temsLivelyAnimationsMissionLogic.OnMissionTick      730       4.38      0.006      0.801      2.596
[13:56:59] .ButterLib:MBSubModuleBase.OnNetworkTick[post]    68526       4.31      0.000      0.290      3.333
[13:56:59] ehaviours.ShieldRotationBehavior.OnMissionTick      730       3.92      0.005      0.164      3.236
[13:56:59] Screen:MBSubModuleBase.OnApplicationTick[post]    65700       3.84      0.000      0.304      2.446
[13:56:59] Patch:MBSubModuleBase.AfterAsyncTickTick[post]    72171       3.78      0.000      0.324      0.691
[13:56:59] PATCH:RBMAI:Agent.OnShieldDamaged[pre]              131       3.42      0.026      0.242      0.242
[13:56:59] lPatch:MBSubModuleBase.OnApplicationTick[post]    65700       3.33      0.000      0.434      2.948
[13:56:59] v.RTSCamera.Logic.RTSCameraLogic.OnMissionTick      730       3.31      0.005      0.023     11.233
[13:56:59] logue:MBSubModuleBase.AfterAsyncTickTick[post]    72171       3.31      0.000      0.299      0.727
[13:56:59] :RBMAI:HumanAIComponent.GetFormationFrame[pre]    28593       3.03      0.000      1.243      1.616
[13:56:59] onCombatMechanicsHelper.ComputeBlowDamage[pre]       78       3.01      0.039      1.865      1.865
[13:56:59] Patch:MBSubModuleBase.AfterAsyncTickTick[post]    72171       2.76      0.000      0.314      0.746
[13:56:59] ges.CinematicChargesMissionLogic.OnMissionTick      730       2.76      0.004      0.021      2.317
[13:56:59] terLib:MBSubModuleBase.OnApplicationTick[post]    65700       2.51      0.000      0.327      2.438
[13:56:59] .StaminaSystem.StaminaUIBehavior.OnMissionTick     1460       2.43      0.002      0.013      0.246
[13:56:59] lomacy:MBSubModuleBase.OnApplicationTick[post]    65700       2.41      0.000      0.316      0.826
[13:56:59] CPatch:MBSubModuleBase.OnApplicationTick[post]    65700       2.08      0.000      0.312      0.601
[13:56:59] e.MissionBoundaryCrossingHandler.OnMissionTick      730       2.01      0.003      0.008      0.292
[13:56:59] tinues:FormationQuerySystem.get_MainClass[pre]     3148       1.97      0.001      0.006      0.283
[13:56:59] ternativeAttacks:Mission.CreateMeleeBlow[post]       75       1.92      0.026      0.868      0.868
[13:56:59] onHandler.TryGetFormationDistanceToCenter[pre]     2190       1.65      0.001      0.004      0.377
[13:56:59] v.Immersive_Battlefields.IB_Core.OnMissionTick      730       1.63      0.002      0.004      5.263
[13:56:59] alogue:MBSubModuleBase.OnApplicationTick[post]    65700       1.61      0.000      0.283      0.724
[13:56:59] aultBattleMissionAgentSpawnLogic.OnMissionTick      730       1.53      0.002      0.003      1.267
[13:56:59] s.RealisticSoundsMissionBehavior.OnMissionTick      730       1.44      0.002      0.005      0.549
[13:56:59] nBoundaryCrossingHandler.TickForMainAgent[pre]      730       1.41      0.002      0.005      0.290
[13:56:59] PATCH:RBMAI:Formation.GetDirectionOfUnit[post]    28630       1.40      0.000      0.541      1.976
[13:56:59] sionViews.Order.OrderTroopPlacer.OnMissionTick      730       1.40      0.002      0.003      0.163
[13:56:59] TCH:RBMCombat:Mission.OnAgentShootMissile[pre]      216       1.39      0.006      0.010      0.242
[13:56:59] ux:Mission.HandleMissileCollisionReaction[pre]      219       1.28      0.006      0.015      0.785
[13:56:59] onGauntletSpectatorControl.OnMissionTick[post]      730       1.17      0.002      0.253      0.349
[13:56:59] eAgentStatCalculateModel.UpdateHumanStats[fin]     5958       1.13      0.000      0.811      1.113
[13:56:59] .MountAndBlade.AgentVictoryLogic.OnMissionTick      730       1.08      0.001      0.356      0.356
[13:56:59] :RTSCamera:CrosshairVM.SetArrowProperties[pre]      730       1.01      0.001      0.288      0.309
[13:56:59] CH:BetterPikes:Formation.SetMovementOrder[pre]      115       0.97      0.008      0.020      0.053
[13:56:59] icsHelper.CalculateBaseMeleeBlowMagnitude[pre]       56       0.96      0.017      0.501      0.501
[13:56:59] ssionGauntletCategoryLoadManager.OnMissionTick      730       0.90      0.001      0.003      0.019
[13:56:59] roperShieldWalls:Mission.MeleeHitCallback[pre]      115       0.81      0.007      0.209      0.252
[13:56:59] CH:RTSCamera:Mission.UpdateSceneTimeSpeed[pre]      729       0.80      0.001      0.004      0.008
[13:56:59] CombatSounds:BlowWeaponRecord.GetHitSound[pre]       94       0.79      0.008      0.052      0.545
[13:56:59] l.CanBannerBearerProvideEffectToFormation[pre]     1157       0.77      0.001      0.002      0.003
[13:56:59] ltItemValueModel.CalculateTierMeleeWeapon[pre]      730       0.77      0.001      0.007      0.008
[13:56:59] MissionBehav.SiegeArcherPoints.OnMissionTick        730       0.76      0.001      0.006      0.014
[13:56:59] ic.DismembermentPlusMissionLogic.OnMissionTick      730       0.75      0.001      0.002      0.494
[13:56:59] lds.MountAndBlade.BattleEndLogic.OnMissionTick      730       0.75      0.001      0.005      1.165
[13:56:59] egeMorale.SiegeNoRetreatBehavior.OnMissionTick      730       0.74      0.001      0.002      0.247
[13:56:59] untAndBlade.HighlightsController.OnMissionTick      730       0.73      0.001      0.002      1.026
[13:56:59] lter.Logics.FormationFilterLogic.OnMissionTick      730       0.65      0.001      0.001      0.005
[13:56:59] onGauntletOrderOfBattleUIHandler.OnMissionTick      730       0.64      0.001      0.001      3.856
[13:56:59] echanicsHelper.GetDefendCollisionResults[post]       42       0.63      0.015      0.427      0.427
[13:56:59] rrangementOrder.GetShieldDirectionOfUnit[post]    28423       0.63      0.000      0.010      0.347
[13:56:59] andSystem:OrderTroopPlacer.OnMissionTick[post]      730       0.58      0.001      0.001      0.125
[13:56:59] H:RBMAI:Agent.UpdateLastAttackAndHitTimes[pre]      222       0.53      0.002      0.005      0.041
[13:56:59] CH:RBMCombat:Mission.OnAgentShootMissile[post]      432       0.53      0.001      0.004      0.005
[13:56:59] amageAndBlocksAttackBecauseOfNonEnemyCase[pre]      296       0.52      0.002      0.004      0.020
[13:56:59] nSieges.SiegeLootMissionBehavior.OnMissionTick      730       0.51      0.001      0.001      0.252
[13:56:59] IComponent.DisablePickUpForAgentIfNeeded[post]      303       0.50      0.002      0.004      0.442
[13:56:59] .MountAndBlade.BannerBearerLogic.OnMissionTick      730       0.50      0.001      0.005      0.009
[13:56:59] BetterPikes:Formation.SetArrangementOrder[pre]       56       0.50      0.009      0.017      0.104
[13:56:59] terPikes:BehaviorCharge.TickOccasionally[post]       59       0.45      0.008      0.015      0.034
[13:56:59] .CommandSystem:Formation.ReapplyFormOrder[pre]        4       0.44      0.110      0.309     22.781
[13:56:59] sionLogics.MissionObjectiveLogic.OnMissionTick      730       0.43      0.001      0.001      0.018
[13:56:59] RTSCamera:OrderTroopPlacer.GetScreenPoint[pre]     1058       0.43      0.000      0.002      0.412
[13:56:59] PATCH:RBMAI:Formation.SetPositioning[pre]          2919       0.40      0.000      0.001      0.311
[13:56:59] lade.BattleObserverMissionLogic.OnAgentRemoved        4       0.40      0.099      0.131      0.131
[13:56:59] PATCH:RBMCombat:Mission.CreateMeleeBlow[post]       225       0.38      0.002      0.011      0.404
[13:56:59] MCombat:CustomBattleAgentLogic.OnAgentHit[pre]      228       0.34      0.001      0.010      1.231
[13:56:59] mera.CommandSystem:Formation.SetFormOrder[pre]        4       0.34      0.085      0.300     22.749
[13:56:59] gic.AgentMoraleInteractionLogic.OnAgentRemoved        4       0.33      0.084      0.265      2.591
[13:56:59] PATCH:RBMCombat:Agent.HandleBlow[post]               94       0.32      0.003      0.086      0.086
[13:56:59] PATCH:RBMAI:Mission.OnAgentHit[post]                228       0.31      0.001      0.008      0.020
[13:56:59] ATCH:RBMCombat:Mission.MissileHitCallback[pre]      219       0.30      0.001      0.006      0.006
[13:56:59] echanicsHelper.GetDefendCollisionResults[post]       42       0.26      0.006      0.206      0.206
[13:56:59] TCH:RBMAI:Agent.OnWieldedItemIndexChange[post]      308       0.24      0.001      0.003      0.003
[13:56:59] PATCH:RBMAI:Mission.OnAgentShootMissile[pre]        216       0.23      0.001      0.003      0.006
[13:56:59] chanicsHelper.ComputeBlowMagnitudeMissile[pre]      179       0.23      0.001      0.003      0.274
[13:56:59] mbatMechanicsHelper.ComputeBlowMagnitude[post]      221       0.23      0.001      0.002      0.003
[13:56:59] CommandSystem:FacingOrder.GetDirectionAux[pre]     2916       0.21      0.000      0.002      0.447
[13:56:59] tleReinforcementsSpawnController.OnMissionTick      730       0.21      0.000      0.001      0.016
[13:56:59] nCombatMechanicsHelper.ComputeBlowDamage[post]       78       0.20      0.003      0.006      0.006
[13:56:59] Combat:Mission.GetAttackCollisionResults[post]      221       0.20      0.001      0.002      0.003
[13:56:59] TCH:RBMCombat:Mission.MissileHitCallback[post]      219       0.19      0.001      0.002      0.174
[13:56:59] TCH:Retinues:SubModule.TryRegisterWithMCM[fin]      730       0.18      0.000      0.001      0.002
[13:56:59] PATCH:RBMAI:Mission.OnAgentShootMissile[post]       216       0.18      0.001      0.022      0.022
[13:56:59] ionBehaviors.MissionLibraryLogic.OnMissionTick      730       0.18      0.000      0.005      0.005
[13:56:59] ticCombatSounds:Mission.MeleeHitCallback[post]      115       0.17      0.001      0.014      0.054
[13:56:59] nicsHelper.DecideWeaponCollisionReaction[post]       58       0.15      0.003      0.005      6.085
[13:56:59] edSiegeMorale.SiegeMoraleTracker.OnMissionTick      730       0.14      0.000      0.001      0.003
[13:56:59] :XorberaxLegacy:Mission.MeleeHitCallback[post]      115       0.12      0.001      0.008      0.012
[13:56:59] echanicsHelper.GetDefendCollisionResults[post]       42       0.12      0.003      0.021      0.021
[13:56:59] TroopItemVM.FormationOnOnUnitCountChanged[pre]        6       0.11      0.018      0.036      0.137
[13:56:59] culator.CalculateStrikeMagnitudeForThrust[pre]       40       0.10      0.002      0.005      0.005
[13:56:59] PATCH:BetterPikes:Formation.SetFormOrder[pre]         4       0.10      0.025      0.031      0.338
[13:56:59] PATCH:RBMCombat:Mission.MeleeHitCallback[pre]       115       0.10      0.001      0.002      0.002
[13:56:59] PATCH:RBMCombat:Mission.RegisterBlow[pre]            92       0.09      0.001      0.002      0.003
[13:56:59] CH:RealisticCombatSounds:Agent.HandleBlow[pre]       94       0.09      0.001      0.002      0.003
[13:56:59] PATCH:RBMAI:Mission.CreateMeleeBlow[post]            75       0.08      0.001      0.002      0.002
[13:56:59] anicsHelper.DecideWeaponCollisionReaction[pre]       58       0.07      0.001      0.003      0.006
[13:56:59] BMCombat:Mission.DecideAgentHitParticles[post]       58       0.07      0.001      0.003      0.286
[13:56:59] PATCH:RBMAI:BehaviorCharge.GetAiWeight[post]         59       0.06      0.001      0.001      0.003
[13:56:59] PATCH:RBMAI:Formation.SetMovementOrder[pre]         115       0.06      0.001      0.001      0.019
[13:56:59] nicsHelper.DecideWeaponCollisionReaction[post]       58       0.05      0.001      0.003      0.003
[13:56:59] echanicsHelper.GetDefendCollisionResults[post]       42       0.05      0.001      0.004      0.004
[13:56:59] PATCH:RBMCombat:Agent.WeaponEquipped[pre]            29       0.05      0.002      0.006      2.472
[13:56:59] es.CinematicChargesMissionLogic.OnAgentRemoved        4       0.05      0.012      0.014      0.863
[13:56:59] PATCH:RBMCombat:ItemModifier.ModifyArmor[pre]        48       0.03      0.001      0.002      0.122
[13:56:59] ork:HumanAIComponent.SetBehaviorValueSet[post]      394       0.03      0.000      0.003      0.515
[13:56:59] ation.SwitchUnitLocationsWithBackMostUnit[pre]        9       0.03      0.003      0.004      0.211
[13:56:59] sionViews.MissionAgentLabelView.OnAgentRemoved        4       0.02      0.005      0.006      0.013
[13:56:59] erlord.UIExtenderEx:BrushFactory.GetBrush[pre]       12       0.02      0.001      0.003      1.639
[13:56:59] H:RBMAI:LineFormation.SwitchUnitLocations[pre]       42       0.02      0.000      0.002      0.002
[13:56:59] ModFork:LineFormation.SwitchUnitLocations[pre]       42       0.02      0.000      0.003      0.003
[13:56:59] ws.Sound.MusicBattleMissionView.OnAgentRemoved        4       0.01      0.003      0.004      0.103
[13:56:59] AndBlade.CustomBattleAgentLogic.OnAgentRemoved        4       0.01      0.003      0.009      0.046
[13:56:59] d.UIExtenderEx:WidgetFactory.IsCustomType[pre]       40       0.01      0.000      0.002      0.006
[13:56:59] s.MountAndBlade.CasualtyHandler.OnAgentRemoved        4       0.01      0.003      0.003      0.222
[13:56:59] ntAndBlade.HighlightsController.OnAgentRemoved        4       0.01      0.002      0.003      0.004
[13:56:59] naSystem.StaminaMissionBehavior.OnAgentRemoved        4       0.01      0.002      0.002      0.003
[13:56:59] MAI:HumanAIComponent.SetBehaviorValueSet[post]      394       0.01      0.000      0.001      0.564
[13:56:59] lade.BattleHighlightsController.OnAgentRemoved        4       0.01      0.002      0.002      0.078
[13:56:59] H:Bannerlord.UIExtenderEx:ViewModel..ctor[pre]        4       0.01      0.002      0.002      0.080
[13:56:59] PATCH:BattleSizeResized:Agent.Die[pre]                4       0.01      0.002      0.002      0.002
[13:56:59] ineMod.FrontlineCleanupBehavior.OnAgentRemoved        4       0.01      0.002      0.002      0.061
[13:56:59] ord.UIExtenderEx:ViewModel.ExecuteCommand[pre]        3       0.01      0.002      0.002      0.002
[13:56:59] StatusBar.UnitStatusMissionView.OnAgentRemoved        4       0.01      0.001      0.002      0.218
[13:56:59] .RTSCamera.Logic.RTSCameraLogic.OnAgentRemoved        4       0.01      0.001      0.002      0.750
[13:56:59] gic.ApplyMoraleEffectOnAgentIncapacitated[pre]        4       0.01      0.001      0.002      0.002
[13:56:59] iews.MissionMainAgentController.OnAgentRemoved        4       0.01      0.001      0.002      0.002
[13:56:59] MountAndBlade.AgentVictoryLogic.OnAgentRemoved        4       0.00      0.001      0.001      0.001
[13:56:59] PATCH:RBMAI:Agent.SetFiringOrder[pre]                 4       0.00      0.001      0.001      0.002
[13:56:59] AI:TacticFullScaleAttack.GetTacticWeight[post]        4       0.00      0.001      0.001      0.003
[13:56:59] :TacticCoordinatedRetreat.GetTacticWeight[pre]        4       0.00      0.001      0.001      0.002
[13:56:59] Views.MissionGamepadEffectsView.OnAgentRemoved        4       0.00      0.001      0.001      0.001
[13:56:59] FrontlineModFork:LineFormation.RemoveUnit[pre]       52       0.00      0.000      0.001      0.357
[13:56:59] PATCH:RBMAI:LineFormation.RemoveUnit[pre]            52       0.00      0.000      0.001      0.279
[13:56:59] auntletMainAgentControlModeView.OnAgentRemoved        4       0.00      0.001      0.001      0.001
[13:56:59] ateMaxMoraleChangeDueToAgentIncapacitated[fin]        4       0.00      0.001      0.001      0.001
[13:56:59] .MissionBoundaryCrossingHandler.OnAgentRemoved        4       0.00      0.001      0.001      0.237
[13:56:59] System.Logic.CommandSystemLogic.OnAgentRemoved        4       0.00      0.001      0.001      0.120
[13:56:59] amera.View.FlyCameraMissionView.OnAgentRemoved        4       0.00      0.001      0.001      0.001
[13:56:59] Sieges.SiegeLootMissionBehavior.OnAgentRemoved        4       0.00      0.001      0.001      0.001
[13:56:59] MountAndBlade.BannerBearerLogic.OnAgentRemoved        4       0.00      0.001      0.001      0.001
[13:56:59] nGauntletMainAgentEquipDropView.OnAgentRemoved        4       0.00      0.001      0.001      0.001
[13:56:59] enderEx:WidgetFactory.CreateBuiltinWidget[pre]       40       0.00      0.000      0.001      0.004
[13:56:59] geMorale.SiegeNoRetreatBehavior.OnAgentRemoved        4       0.00      0.001      0.001      0.002
[13:56:59] DefensiveLine.IsTacticalPositionEligible[post]       28       0.00      0.000      0.001      0.003
[13:56:59] ds.MountAndBlade.BattleEndLogic.OnAgentRemoved        4       0.00      0.000      0.001      0.001
[13:56:59] ame:EquipmentElement.GetModifiedItemName[post]        1       0.00      0.001      0.001      0.002
[13:56:59] === END REPORT ===
[13:56:59] === PER-MOD TOTALS (this window, ms — overlapping/nested, not additive) ===
[13:56:59]       11923.04  RTSCamera.CommandSystem
[13:56:59]        4114.79  FrontlineModFork
[13:56:59]        1624.09  (engine/unattributed)
[13:56:59]         663.83  ArtemsCinematicCombat
[13:56:59]         469.73  RBM
[13:56:59]         427.89  RBMAI
[13:56:59]         112.15  BetterPikes
[13:56:59]          64.71  RBMCombat
[13:56:59]          52.55  StaminaSystem
[13:56:59]          38.76  AIKickNBashFork
[13:56:59]          29.56  BreakablePolearms
[13:56:59]          11.25  Bannerlord.ButterLib
[13:56:59]          11.04  RealisticWeather
[13:56:59]          10.70  RTSCamera
[13:56:59]           9.63  Bannerlord.MBOptionScreen
[13:56:59]           8.93  BattleOrderTweaks
[13:56:59]           7.75  ArtemsCinematicCharges
[13:56:59]           7.01  Bannerlord.Diplomacy
[13:56:59]           6.09  zzzUniversalPatch
[13:56:59]           5.86  Bannerlord.DiplomacyNavalDLCPatch
[13:56:59]           5.66  AIKickNBash
[13:56:59]           5.21  CinematicCombatMasterstrikeLogic
[13:56:59]           4.92  MBFastDialogue
[13:56:59]           4.78  ProperShieldWalls
[13:56:59]           4.38  ArtemsLivelyAnimations
[13:56:59]           2.49  RealisticCombatSounds
[13:56:59]           2.15  Retinues
[13:56:59]           1.92  Bannerlord.UsefulAlternativeAttacks
[13:56:59]           1.63  Immersive_Battlefields
[13:56:59]           1.28  NoMoreStuckProjectilesRedux
[13:56:59]           0.88  EnhancedSiegeMorale
[13:56:59]           0.79  XorberaxLegacy
[13:56:59]           0.76  SiegeArcherPoints
[13:56:59]           0.75  DismembermentPlus
[13:56:59]           0.65  FormationFilter
[13:56:59]           0.63  UnblockableThrust
[13:56:59]           0.52  LootBetweenSieges
[13:56:59]           0.50  PickupMeleeWeapons
[13:56:59]           0.39  StaminaSystemFork
[13:56:59]           0.26  RealisticCombatAdjustments
[13:56:59]           0.18  MissionSharedLibrary
[13:56:59]           0.04  Bannerlord.UIExtenderEx
[13:56:59]           0.01  FrontlineMod
[13:56:59]           0.01  BattleSizeResized
[13:56:59]           0.00  BetterSmithingContinued.MainFrame
[13:56:59] === END PER-MOD TOTALS ===
[13:57:08] SLOW MISSIONBEH MissionBehav.ArtemsCinematicCombat.CinematicCombatMissionLogic.OnMissionTick 5.0ms
[13:57:09] === PERFORMANCE REPORT ===
[13:57:09] Method                                            Calls  Total(ms)    Avg(ms)    Max(ms) SessMax(ms)
[13:57:09] --------------------------------------------------------------------------------------------------
[13:57:09] et_CalculateHasSignificantNumberOfMounted[pre]  7949191   11343.11      0.001      4.607      9.740
[13:57:09] odFork:HumanAIComponent.GetFormationFrame[pre]    39144    2169.03      0.055     12.746     35.245
[13:57:09] Mission.Frame(all)                                  723    1911.36      2.644      7.271     37.204
[13:57:09] tStatusBar.UnitStatusMissionView.OnMissionTick      723     598.16      0.827      3.273     53.810
[13:57:09] icCombat.CCShieldTauntTroopsData.OnMissionTick      723     583.57      0.807      1.347      3.870
[13:57:09] omponent.ParallelUpdateFormationMovement[post]    39157     188.61      0.005      3.193      6.535
[13:57:09] Pikes.BetterPikesMissionBehavior.OnMissionTick      723     110.66      0.153      0.529      1.342
[13:57:09] PATCH:RBMAI:Agent.IsInWater[pre]                 449531      79.27      0.000      1.484      1.533
[13:57:09] PATCH:AIKickNBashFork:Agent.OnAIInputSet[post]   411547      78.18      0.000      0.447      3.704
[13:57:09] mbat.CinematicCombatMissionLogic.OnMissionTick      723      75.76      0.105      5.031     26.632
[13:57:09] inaSystem.StaminaMissionBehavior.OnMissionTick      723      59.60      0.082      0.140      0.469
[13:57:09] at:Mission.HandleMissileCollisionReaction[pre]      303      52.90      0.175      0.309     11.719
[13:57:09] PATCH:RBMAI:HumanAIComponent.OnTick[post]        427218      48.85      0.000      0.492      1.787
[13:57:09] tatCalculateModel.SetAiRelatedProperties[post]     5401      48.40      0.009      1.350      1.907
[13:57:09] eModFork:Formation.GetOrderPositionOfUnit[pre]    39144      47.19      0.001      3.172      3.172
[13:57:09] BreakablePolearmsMissionBehavior.OnMissionTick      723      33.92      0.047      0.312      0.568
[13:57:09] CH:RBMAI:Formation.GetOrderPositionOfUnit[pre]    37253      30.69      0.001      1.189      1.458
[13:57:09] ssionViews.MissionAgentLabelView.OnMissionTick      723      23.23      0.032      0.100      1.251
[13:57:09] TCH:RBMAI:Formation.ApplyActionOnEachUnit[pre]      162      18.61      0.115      5.403      7.282
[13:57:09] stem:OrderTroopPlacer.OnMissionScreenTick[pre]      723      16.93      0.023      0.067     38.336
[13:57:09] manAIComponent.GetDesiredSpeedInFormation[pre]    39144      16.56      0.000      1.262      2.048
[13:57:09] RBMCombat:Agent.OnWieldedItemIndexChange[post]      407      16.45      0.040      0.242      0.515
[13:57:09] andSystem:OrderTroopPlacer.GetCursorState[pre]      723      14.78      0.020      0.060      1.709
[13:57:09] H:RBMAI:HumanAIComponent.AdjustSpeedLimit[pre]    39157      14.63      0.000      1.333      1.412
[13:57:09] ges.CinematicChargesMissionLogic.OnMissionTick      723      14.59      0.020      4.389      4.389
[13:57:09] lineModFork:Formation.GetDirectionOfUnit[post]    32808      11.62      0.000      1.311      1.418
[13:57:09] .MissionGauntletSpectatorControl.OnMissionTick      723      11.14      0.015      0.039      0.365
[13:57:09] rderTweaks.VolleyMissionBehavior.OnMissionTick      723       9.84      0.014      0.041      4.498
[13:57:09] AgentStatCalculateModel.UpdateHumanStats[post]     5401       9.14      0.002      0.050      0.502
[13:57:09] BMAI:BehaviorCharge.CalculateCurrentOrder[pre]      120       8.95      0.075      2.107      5.106
[13:57:09] PATCH:RBMAI:Agent.OnShieldDamaged[pre]              174       8.85      0.051      0.386      0.386
[13:57:09] PATCH:RBMAI:Agent.UpdateFormationOrders[pre]      38865       7.99      0.000      0.314      0.466
[13:57:09] m:SquareFormation.GetLocalDirectionOfUnit[pre]    19050       7.98      0.000      0.715      1.144
[13:57:09] Screen:MBSubModuleBase.OnApplicationTick[post]    65070       7.65      0.000      2.163      2.446
[13:57:09] creen:MBSubModuleBase.AfterAsyncTickTick[post]    71577       6.12      0.000      0.359      0.565
[13:57:09] .ButterLib:MBSubModuleBase.OnNetworkTick[post]    67962       6.12      0.000      0.334      3.333
[13:57:09] sCinematicCharges.SprintBehavior.OnMissionTick      723       5.91      0.008      0.012      0.979
[13:57:09] NBash.AIKickNBashMissionBehavior.OnMissionTick      723       5.80      0.008      0.275      1.630
[13:57:09] CinematicCombatMasterstrikeLogic.OnMissionTick      723       5.36      0.007      0.019      0.797
[13:57:09] Patch:MBSubModuleBase.AfterAsyncTickTick[post]    71577       4.83      0.000      0.365      0.691
[13:57:09] ehaviours.ShieldRotationBehavior.OnMissionTick      723       4.50      0.006      0.167      3.236
[13:57:09] terLib:MBSubModuleBase.OnApplicationTick[post]    65070       4.48      0.000      2.166      2.438
[13:57:09] omacy:MBSubModuleBase.AfterAsyncTickTick[post]    71577       4.17      0.000      0.320      0.735
[13:57:09] erLib:MBSubModuleBase.AfterAsyncTickTick[post]    71577       4.10      0.000      0.346      7.673
[13:57:09] v.RTSCamera.Logic.RTSCameraLogic.OnMissionTick      723       4.01      0.006      0.012     11.233
[13:57:09] logue:MBSubModuleBase.AfterAsyncTickTick[post]    71577       3.98      0.000      0.371      0.727
[13:57:09] lPatch:MBSubModuleBase.OnApplicationTick[post]    65070       3.94      0.000      0.320      2.948
[13:57:09] CPatch:MBSubModuleBase.OnApplicationTick[post]    65070       3.83      0.000      0.364      0.601
[13:57:09] lomacy:MBSubModuleBase.OnApplicationTick[post]    65070       3.67      0.000      0.403      0.826
[13:57:09] Patch:MBSubModuleBase.AfterAsyncTickTick[post]    71577       3.54      0.000      0.412      0.746
[13:57:09] tatCalculateModel.SetAiRelatedProperties[post]     5401       3.23      0.001      0.028      1.472
[13:57:09] temsLivelyAnimationsMissionLogic.OnMissionTick      723       2.89      0.004      0.354      2.596
[13:57:09] tinues:FormationQuerySystem.get_MainClass[pre]     3275       2.82      0.001      0.441      0.441
[13:57:09] .StaminaSystem.StaminaUIBehavior.OnMissionTick     1446       2.63      0.002      0.016      0.246
[13:57:09] alogue:MBSubModuleBase.OnApplicationTick[post]    65070       2.41      0.000      0.369      0.724
[13:57:09] :RBMAI:HumanAIComponent.GetFormationFrame[pre]    32777       2.40      0.000      0.582      1.616
[13:57:09] e.MissionBoundaryCrossingHandler.OnMissionTick      723       2.37      0.003      0.049      0.292
[13:57:09] PATCH:RBMAI:Formation.GetDirectionOfUnit[post]    32808       2.28      0.000      1.122      1.976
[13:57:09] TCH:RBMCombat:Mission.OnAgentShootMissile[pre]      288       2.14      0.007      0.027      0.242
[13:57:09] v.Immersive_Battlefields.IB_Core.OnMissionTick      723       1.96      0.003      0.006      5.263
[13:57:09] onCombatMechanicsHelper.ComputeBlowDamage[pre]      154       1.93      0.013      0.168      1.865
[13:57:09] onHandler.TryGetFormationDistanceToCenter[pre]     2169       1.84      0.001      0.006      0.377
[13:57:09] aultBattleMissionAgentSpawnLogic.OnMissionTick      723       1.82      0.003      0.004      1.267
[13:57:09] CombatSounds:BlowWeaponRecord.GetHitSound[pre]      202       1.72      0.009      0.023      0.545
[13:57:09] ux:Mission.HandleMissileCollisionReaction[pre]      303       1.65      0.005      0.014      0.785
[13:57:09] sionViews.Order.OrderTroopPlacer.OnMissionTick      723       1.59      0.002      0.020      0.163
[13:57:09] nBoundaryCrossingHandler.TickForMainAgent[pre]      723       1.51      0.002      0.045      0.290
[13:57:09] s.RealisticSoundsMissionBehavior.OnMissionTick      723       1.47      0.002      0.005      0.549
[13:57:09] ssionGauntletCategoryLoadManager.OnMissionTick      723       1.31      0.002      0.007      0.019
[13:57:09] onGauntletSpectatorControl.OnMissionTick[post]      723       1.15      0.002      0.010      0.349
[13:57:09] CH:RTSCamera:Mission.UpdateSceneTimeSpeed[pre]      723       0.90      0.001      0.009      0.009
[13:57:09] PATCH:RBMCombat:Mission.CreateMeleeBlow[post]       528       0.90      0.002      0.012      0.404
[13:57:09] CH:BetterPikes:Formation.SetMovementOrder[pre]      112       0.90      0.008      0.030      0.053
[13:57:09] ltItemValueModel.CalculateTierMeleeWeapon[pre]      723       0.89      0.001      0.004      0.008
[13:57:09] rrangementOrder.GetShieldDirectionOfUnit[post]    32484       0.88      0.000      0.009      0.347
[13:57:09] MissionBehav.SiegeArcherPoints.OnMissionTick        723       0.85      0.001      0.003      0.014
[13:57:09] H:RBMAI:Agent.UpdateLastAttackAndHitTimes[pre]      356       0.83      0.002      0.005      0.041
[13:57:09] amageAndBlocksAttackBecauseOfNonEnemyCase[pre]      491       0.83      0.002      0.005      0.020
[13:57:09] untAndBlade.HighlightsController.OnMissionTick      723       0.77      0.001      0.015      1.026
[13:57:09] egeMorale.SiegeNoRetreatBehavior.OnMissionTick      723       0.77      0.001      0.002      0.247
[13:57:09] lds.MountAndBlade.BattleEndLogic.OnMissionTick      723       0.75      0.001      0.004      1.165
[13:57:09] CH:RBMCombat:Mission.OnAgentShootMissile[post]      576       0.75      0.001      0.005      0.005
[13:57:09] ic.DismembermentPlusMissionLogic.OnMissionTick      723       0.75      0.001      0.003      0.494
[13:57:09] RTSCamera:OrderTroopPlacer.GetScreenPoint[pre]      723       0.74      0.001      0.022      0.412
[13:57:09] :RTSCamera:CrosshairVM.SetArrowProperties[pre]      723       0.73      0.001      0.005      0.309
[13:57:09] .MountAndBlade.AgentVictoryLogic.OnMissionTick      723       0.73      0.001      0.002      0.356
[13:57:09] lter.Logics.FormationFilterLogic.OnMissionTick      723       0.72      0.001      0.002      0.005
[13:57:09] andSystem:OrderTroopPlacer.OnMissionTick[post]      723       0.72      0.001      0.003      0.125
[13:57:09] onGauntletOrderOfBattleUIHandler.OnMissionTick      723       0.72      0.001      0.001      3.856
[13:57:09] nSieges.SiegeLootMissionBehavior.OnMissionTick      723       0.71      0.001      0.002      0.252
[13:57:09] IComponent.DisablePickUpForAgentIfNeeded[post]      398       0.69      0.002      0.004      0.442
[13:57:09] sionLogics.MissionObjectiveLogic.OnMissionTick      723       0.68      0.001      0.001      0.018
[13:57:09] .MountAndBlade.BannerBearerLogic.OnMissionTick      723       0.68      0.001      0.007      0.009
[13:57:09] roperShieldWalls:Mission.MeleeHitCallback[pre]      261       0.66      0.003      0.012      0.252
[13:57:09] PATCH:RBMAI:Formation.SetPositioning[pre]          2895       0.66      0.000      0.001      0.311
[13:57:09] ternativeAttacks:Mission.CreateMeleeBlow[post]      176       0.62      0.004      0.028      0.868
[13:57:09] TCH:Retinues:SubModule.TryRegisterWithMCM[fin]      723       0.61      0.001      0.002      0.002
[13:57:09] Combat:Mission.GetAttackCollisionResults[post]      349       0.60      0.002      0.303      0.303
[13:57:09] lade.BattleObserverMissionLogic.OnAgentRemoved        6       0.59      0.099      0.148      0.148
[13:57:09] MCombat:CustomBattleAgentLogic.OnAgentHit[pre]      377       0.59      0.002      0.011      1.231
[13:57:09] ionBehaviors.MissionLibraryLogic.OnMissionTick      723       0.57      0.001      0.002      0.005
[13:57:09] l.CanBannerBearerProvideEffectToFormation[pre]      823       0.56      0.001      0.005      0.005
[13:57:09] CommandSystem:FacingOrder.GetDirectionAux[pre]     2892       0.53      0.000      0.010      0.447
[13:57:09] PATCH:RBMCombat:Agent.HandleBlow[post]              200       0.50      0.002      0.020      0.086
[13:57:09] PATCH:RBMAI:Mission.OnAgentHit[post]                377       0.49      0.001      0.014      0.020
[13:57:09] terPikes:BehaviorCharge.TickOccasionally[post]       60       0.48      0.008      0.019      0.034
[13:57:09] edSiegeMorale.SiegeMoraleTracker.OnMissionTick      723       0.48      0.001      0.001      0.003
[13:57:09] tleReinforcementsSpawnController.OnMissionTick      723       0.47      0.001      0.001      0.016
[13:57:09] ATCH:RBMCombat:Mission.MissileHitCallback[pre]      303       0.46      0.002      0.005      0.006
[13:57:09] mbatMechanicsHelper.ComputeBlowMagnitude[post]      349       0.39      0.001      0.002      0.003
[13:57:09] nCombatMechanicsHelper.ComputeBlowDamage[post]      154       0.38      0.002      0.005      0.006
[13:57:09] BetterPikes:Formation.SetArrangementOrder[pre]       52       0.38      0.007      0.016      0.104
[13:57:09] ticCombatSounds:Mission.MeleeHitCallback[post]      261       0.37      0.001      0.021      0.054
[13:57:09] chanicsHelper.ComputeBlowMagnitudeMissile[pre]      267       0.36      0.001      0.003      0.274
[13:57:09] PATCH:RBMAI:Mission.OnAgentShootMissile[pre]        288       0.34      0.001      0.004      0.006
[13:57:09] gic.AgentMoraleInteractionLogic.OnAgentRemoved        6       0.34      0.057      0.235      2.591
[13:57:09] nicsHelper.DecideWeaponCollisionReaction[post]      126       0.32      0.003      0.005      6.085
[13:57:09] TCH:RBMAI:Agent.OnWieldedItemIndexChange[post]      407       0.30      0.001      0.002      0.003
[13:57:09] eAgentStatCalculateModel.UpdateHumanStats[fin]     5401       0.29      0.000      0.011      1.113
[13:57:09] echanicsHelper.GetDefendCollisionResults[post]       90       0.29      0.003      0.007      0.427
[13:57:09] culator.CalculateStrikeMagnitudeForThrust[pre]       82       0.29      0.003      0.017      0.017
[13:57:09] TCH:RBMCombat:Mission.MissileHitCallback[post]      303       0.26      0.001      0.003      0.174
[13:57:09] icsHelper.CalculateBaseMeleeBlowMagnitude[pre]      118       0.25      0.002      0.005      0.501
[13:57:09] :XorberaxLegacy:Mission.MeleeHitCallback[post]      261       0.23      0.001      0.005      0.012
[13:57:09] echanicsHelper.GetDefendCollisionResults[post]       90       0.22      0.002      0.006      0.021
[13:57:09] PATCH:RBMCombat:Mission.MeleeHitCallback[pre]       261       0.22      0.001      0.002      0.002
[13:57:09] .CommandSystem:Formation.ReapplyFormOrder[pre]        6       0.22      0.036      0.051     22.781
[13:57:09] PATCH:RBMAI:Mission.OnAgentShootMissile[post]       288       0.22      0.001      0.002      0.022
[13:57:09] PATCH:RBMAI:Mission.CreateMeleeBlow[post]           176       0.19      0.001      0.003      0.003
[13:57:09] CH:RealisticCombatSounds:Agent.HandleBlow[pre]      200       0.19      0.001      0.004      0.004
[13:57:09] PATCH:RBMCombat:Mission.RegisterBlow[pre]           196       0.17      0.001      0.002      0.003
[13:57:09] anicsHelper.DecideWeaponCollisionReaction[pre]      126       0.16      0.001      0.005      0.006
[13:57:09] PATCH:BetterPikes:Formation.SetFormOrder[pre]         6       0.15      0.025      0.036      0.338
[13:57:09] echanicsHelper.GetDefendCollisionResults[post]       90       0.15      0.002      0.005      0.206
[13:57:09] TroopItemVM.FormationOnOnUnitCountChanged[pre]        8       0.15      0.019      0.036      0.137
[13:57:09] echanicsHelper.GetDefendCollisionResults[post]       90       0.14      0.002      0.003      0.004
[13:57:09] BMCombat:Mission.DecideAgentHitParticles[post]      126       0.13      0.001      0.003      0.286
[13:57:09] PATCH:RBMCombat:Agent.WeaponEquipped[pre]            67       0.11      0.002      0.011      2.472
[13:57:09] nicsHelper.DecideWeaponCollisionReaction[post]      126       0.11      0.001      0.002      0.003
[13:57:09] ation.SwitchUnitLocationsWithBackMostUnit[pre]       44       0.10      0.002      0.005      0.211
[13:57:09] PATCH:RBMCombat:ItemModifier.ModifyArmor[pre]       111       0.07      0.001      0.003      0.122
[13:57:09] es.CinematicChargesMissionLogic.OnAgentRemoved        6       0.06      0.011      0.013      0.863
[13:57:09] PATCH:RBMAI:BehaviorCharge.GetAiWeight[post]         60       0.06      0.001      0.002      0.003
[13:57:09] PATCH:RBMAI:Formation.SetMovementOrder[pre]         112       0.06      0.001      0.001      0.019
[13:57:09] mera.CommandSystem:Formation.SetFormOrder[pre]        6       0.05      0.009      0.012     22.749
[13:57:09] ork:HumanAIComponent.SetBehaviorValueSet[post]      494       0.03      0.000      0.002      0.515
[13:57:09] sionViews.MissionAgentLabelView.OnAgentRemoved        6       0.03      0.004      0.005      0.013
[13:57:09] H:RBMAI:LineFormation.SwitchUnitLocations[pre]       87       0.02      0.000      0.001      0.002
[13:57:09] ModFork:LineFormation.SwitchUnitLocations[pre]       87       0.02      0.000      0.001      0.003
[13:57:09] ws.Sound.MusicBattleMissionView.OnAgentRemoved        6       0.02      0.003      0.004      0.103
[13:57:09] erlord.UIExtenderEx:BrushFactory.GetBrush[pre]       18       0.02      0.001      0.003      1.639
[13:57:09] d.UIExtenderEx:WidgetFactory.IsCustomType[pre]       60       0.02      0.000      0.003      0.006
[13:57:09] s.MountAndBlade.CasualtyHandler.OnAgentRemoved        6       0.02      0.003      0.004      0.222
[13:57:09] ntAndBlade.HighlightsController.OnAgentRemoved        6       0.01      0.002      0.003      0.004
[13:57:09] ord.UIExtenderEx:ViewModel.ExecuteCommand[pre]        7       0.01      0.002      0.002      0.002
[13:57:09] H:Bannerlord.UIExtenderEx:ViewModel..ctor[pre]        6       0.01      0.002      0.002      0.080
[13:57:09] naSystem.StaminaMissionBehavior.OnAgentRemoved        6       0.01      0.002      0.002      0.003
[13:57:09] .RTSCamera.Logic.RTSCameraLogic.OnAgentRemoved        6       0.01      0.002      0.005      0.750
[13:57:09] lade.BattleHighlightsController.OnAgentRemoved        6       0.01      0.002      0.002      0.078
[13:57:09] iews.MissionMainAgentController.OnAgentRemoved        6       0.01      0.002      0.002      0.002
[13:57:09] PATCH:BattleSizeResized:Agent.Die[pre]                6       0.01      0.002      0.002      0.002
[13:57:09] MAI:HumanAIComponent.SetBehaviorValueSet[post]      494       0.01      0.000      0.001      0.564
[13:57:09] geMorale.SiegeNoRetreatBehavior.OnAgentRemoved        6       0.01      0.001      0.003      0.003
[13:57:09] amera.View.FlyCameraMissionView.OnAgentRemoved        6       0.01      0.001      0.002      0.002
[13:57:09] System.Logic.CommandSystemLogic.OnAgentRemoved        6       0.01      0.001      0.002      0.120
[13:57:09] Sieges.SiegeLootMissionBehavior.OnAgentRemoved        6       0.01      0.001      0.002      0.002
[13:57:09] ateMaxMoraleChangeDueToAgentIncapacitated[fin]        6       0.01      0.001      0.002      0.002
[13:57:09] PATCH:RBMAI:Agent.SetFiringOrder[pre]                 6       0.01      0.001      0.001      0.002
[13:57:09] enderEx:WidgetFactory.CreateBuiltinWidget[pre]       60       0.01      0.000      0.001      0.004
[13:57:09] AndBlade.CustomBattleAgentLogic.OnAgentRemoved        6       0.01      0.001      0.001      0.046
[13:57:09] Views.MissionGamepadEffectsView.OnAgentRemoved        6       0.01      0.001      0.001      0.001
[13:57:09] FrontlineModFork:LineFormation.RemoveUnit[pre]        6       0.01      0.001      0.001      0.357
[13:57:09] gic.ApplyMoraleEffectOnAgentIncapacitated[pre]        6       0.01      0.001      0.001      0.002
[13:57:09] PATCH:RBMAI:LineFormation.RemoveUnit[pre]             6       0.01      0.001      0.001      0.279
[13:57:09] ineMod.FrontlineCleanupBehavior.OnAgentRemoved        6       0.01      0.001      0.001      0.061
[13:57:09] MountAndBlade.AgentVictoryLogic.OnAgentRemoved        6       0.01      0.001      0.001      0.001
[13:57:09] nGauntletMainAgentEquipDropView.OnAgentRemoved        6       0.01      0.001      0.001      0.001
[13:57:09] .MissionBoundaryCrossingHandler.OnAgentRemoved        6       0.01      0.001      0.001      0.237
[13:57:09] auntletMainAgentControlModeView.OnAgentRemoved        6       0.01      0.001      0.001      0.001
[13:57:09] StatusBar.UnitStatusMissionView.OnAgentRemoved        6       0.01      0.001      0.001      0.218
[13:57:09] MountAndBlade.BannerBearerLogic.OnAgentRemoved        6       0.01      0.001      0.001      0.001
[13:57:09] ame:EquipmentElement.GetModifiedItemName[post]        3       0.00      0.001      0.002      0.002
[13:57:09] AI:TacticFullScaleAttack.GetTacticWeight[post]        4       0.00      0.001      0.001      0.003
[13:57:09] :TacticCoordinatedRetreat.GetTacticWeight[pre]        4       0.00      0.001      0.001      0.002
[13:57:09] DefensiveLine.IsTacticalPositionEligible[post]       28       0.00      0.000      0.001      0.003
[13:57:09] ds.MountAndBlade.BattleEndLogic.OnAgentRemoved        6       0.00      0.000      0.001      0.001
[13:57:09] === END REPORT ===
[13:57:09] === PER-MOD TOTALS (this window, ms — overlapping/nested, not additive) ===
[13:57:09]       11400.87  RTSCamera.CommandSystem
[13:57:09]        2227.89  FrontlineModFork
[13:57:09]        1958.69  (engine/unattributed)
[13:57:09]         659.33  ArtemsCinematicCombat
[13:57:09]         598.16  RBM
[13:57:09]         463.62  RBMAI
[13:57:09]         112.96  BetterPikes
[13:57:09]          83.30  RBMCombat
[13:57:09]          78.18  AIKickNBashFork
[13:57:09]          62.24  StaminaSystem
[13:57:09]          33.92  BreakablePolearms
[13:57:09]          20.56  ArtemsCinematicCharges
[13:57:09]          14.70  Bannerlord.ButterLib
[13:57:09]          13.78  Bannerlord.MBOptionScreen
[13:57:09]          11.72  RTSCamera
[13:57:09]           9.84  BattleOrderTweaks
[13:57:09]           9.43  RealisticWeather
[13:57:09]           8.66  Bannerlord.DiplomacyNavalDLCPatch
[13:57:09]           7.83  Bannerlord.Diplomacy
[13:57:09]           7.48  zzzUniversalPatch
[13:57:09]           6.39  MBFastDialogue
[13:57:09]           5.80  AIKickNBash
[13:57:09]           5.36  CinematicCombatMasterstrikeLogic
[13:57:09]           5.30  ProperShieldWalls
[13:57:09]           3.74  RealisticCombatSounds
[13:57:09]           3.43  Retinues
[13:57:09]           2.89  ArtemsLivelyAnimations
[13:57:09]           1.96  Immersive_Battlefields
[13:57:09]           1.65  NoMoreStuckProjectilesRedux
[13:57:09]           1.38  XorberaxLegacy
[13:57:09]           1.25  EnhancedSiegeMorale
[13:57:09]           0.85  SiegeArcherPoints
[13:57:09]           0.77  StaminaSystemFork
[13:57:09]           0.75  DismembermentPlus
[13:57:09]           0.72  FormationFilter
[13:57:09]           0.71  LootBetweenSieges
[13:57:09]           0.69  PickupMeleeWeapons
[13:57:09]           0.62  Bannerlord.UsefulAlternativeAttacks
[13:57:09]           0.57  MissionSharedLibrary
[13:57:09]           0.29  UnblockableThrust
[13:57:09]           0.15  RealisticCombatAdjustments
[13:57:09]           0.06  Bannerlord.UIExtenderEx
[13:57:09]           0.01  BattleSizeResized
[13:57:09]           0.01  FrontlineMod
[13:57:09]           0.00  BetterSmithingContinued.MainFrame
[13:57:09] === END PER-MOD TOTALS ===
[13:57:19] === PERFORMANCE REPORT ===
[13:57:19] Method                                            Calls  Total(ms)    Avg(ms)    Max(ms) SessMax(ms)
[13:57:19] --------------------------------------------------------------------------------------------------
[13:57:19] et_CalculateHasSignificantNumberOfMounted[pre]  7223887   10888.60      0.002      7.758      9.740
[13:57:19] odFork:HumanAIComponent.GetFormationFrame[pre]    38633    9439.86      0.244     14.171     35.245
[13:57:19] tatCalculateModel.SetAiRelatedProperties[post]    25994    2692.10      0.104      4.629      4.629
[13:57:19] Mission.Frame(all)                                  721    2107.97      2.924      7.014     37.204
[13:57:19] tStatusBar.UnitStatusMissionView.OnMissionTick      721     637.48      0.884      2.128     53.810
[13:57:19] icCombat.CCShieldTauntTroopsData.OnMissionTick      720     577.93      0.803      1.549      3.870
[13:57:19] eModFork:Formation.GetOrderPositionOfUnit[pre]    38633     170.51      0.004      4.380      4.380
[13:57:19] PATCH:AIKickNBashFork:Agent.OnAIInputSet[post]   399657     137.12      0.000      0.845      3.704
[13:57:19] Pikes.BetterPikesMissionBehavior.OnMissionTick      720     111.48      0.155      0.832      1.342
[13:57:19] omponent.ParallelUpdateFormationMovement[post]    38633     101.02      0.003      1.862      6.535
[13:57:19] PATCH:RBMAI:Agent.IsInWater[pre]                 464517      87.16      0.000      1.699      1.699
[13:57:19] mbat.CinematicCombatMissionLogic.OnMissionTick      720      80.22      0.111      1.464     26.632
[13:57:19] inaSystem.StaminaMissionBehavior.OnMissionTick      720      68.76      0.095      3.345      3.345
[13:57:19] PATCH:RBMAI:HumanAIComponent.OnTick[post]        419694      62.68      0.000      0.683      1.787
[13:57:19] ssionViews.MissionAgentLabelView.OnMissionTick      720      43.09      0.060      0.126      1.251
[13:57:19] AgentStatCalculateModel.UpdateHumanStats[post]    25994      40.27      0.002      1.370      1.370
[13:57:19] at:Mission.HandleMissileCollisionReaction[pre]      207      39.63      0.191      0.516     11.719
[13:57:19] BreakablePolearmsMissionBehavior.OnMissionTick      720      33.73      0.047      0.489      0.568
[13:57:19] CH:RBMAI:Formation.GetOrderPositionOfUnit[pre]    33762      30.83      0.001      1.568      1.568
[13:57:19] stem:OrderTroopPlacer.OnMissionScreenTick[pre]      720      23.84      0.033      0.068     38.336
[13:57:19] RBMCombat:Agent.OnWieldedItemIndexChange[post]      624      23.07      0.037      0.149      0.515
[13:57:19] andSystem:OrderTroopPlacer.GetCursorState[pre]      720      21.74      0.030      0.063      1.709
[13:57:19] tatCalculateModel.SetAiRelatedProperties[post]    25994      21.73      0.001      1.693      1.693
[13:57:19] PATCH:RBMAI:Agent.UpdateFormationOrders[pre]      38658      21.14      0.001      0.657      0.657
[13:57:19] ges.CinematicChargesMissionLogic.OnMissionTick      720      16.31      0.023      3.258      4.389
[13:57:19] manAIComponent.GetDesiredSpeedInFormation[pre]    38633      14.77      0.000      0.474      2.048
[13:57:19] H:RBMAI:HumanAIComponent.AdjustSpeedLimit[pre]    38633      13.85      0.000      1.711      1.711
[13:57:19] .MissionGauntletSpectatorControl.OnMissionTick      720      11.63      0.016      0.060      0.365
[13:57:19] m:SquareFormation.GetLocalDirectionOfUnit[pre]    18915      11.23      0.001      1.667      1.667
[13:57:19] BMAI:BehaviorCharge.CalculateCurrentOrder[pre]      120      10.61      0.088      5.662      5.662
[13:57:19] rderTweaks.VolleyMissionBehavior.OnMissionTick      720      10.03      0.014      0.029      4.498
[13:57:19] creen:MBSubModuleBase.AfterAsyncTickTick[post]    71379       7.36      0.000      0.640      0.640
[13:57:19] TCH:RBMAI:Formation.ApplyActionOnEachUnit[pre]      284       7.36      0.026      5.384      7.282
[13:57:19] Patch:MBSubModuleBase.AfterAsyncTickTick[post]    71379       6.17      0.000      0.780      0.780
[13:57:19] erLib:MBSubModuleBase.AfterAsyncTickTick[post]    71379       5.95      0.000      0.679      7.673
[13:57:19] sCinematicCharges.SprintBehavior.OnMissionTick      720       5.92      0.008      0.031      0.979
[13:57:19] NBash.AIKickNBashMissionBehavior.OnMissionTick      721       5.83      0.008      0.291      1.630
[13:57:19] CinematicCombatMasterstrikeLogic.OnMissionTick      720       5.71      0.008      0.341      0.797
[13:57:19] .ButterLib:MBSubModuleBase.OnNetworkTick[post]    67774       5.63      0.000      0.699      3.333
[13:57:19] lPatch:MBSubModuleBase.OnApplicationTick[post]    64800       5.27      0.000      0.732      2.948
[13:57:19] omacy:MBSubModuleBase.AfterAsyncTickTick[post]    71379       5.23      0.000      0.558      0.735
[13:57:19] PATCH:RBMAI:Agent.OnShieldDamaged[pre]              107       5.15      0.048      0.511      0.511
[13:57:19] lineModFork:Formation.GetDirectionOfUnit[post]    18982       4.62      0.000      0.036      1.418
[13:57:19] ehaviours.ShieldRotationBehavior.OnMissionTick      721       4.34      0.006      0.161      3.236
[13:57:19] eAgentStatCalculateModel.UpdateHumanStats[fin]    25994       4.32      0.000      1.573      1.573
[13:57:19] Screen:MBSubModuleBase.OnApplicationTick[post]    64800       4.32      0.000      0.279      2.446
[13:57:19] v.RTSCamera.Logic.RTSCameraLogic.OnMissionTick      720       4.11      0.006      0.023     11.233
[13:57:19] logue:MBSubModuleBase.AfterAsyncTickTick[post]    71379       3.94      0.000      0.604      0.727
[13:57:19] Patch:MBSubModuleBase.AfterAsyncTickTick[post]    71379       3.55      0.000      0.280      0.691
[13:57:19] alogue:MBSubModuleBase.OnApplicationTick[post]    64800       3.49      0.000      0.672      0.724
[13:57:19] lomacy:MBSubModuleBase.OnApplicationTick[post]    64800       3.08      0.000      0.696      0.826
[13:57:19] temsLivelyAnimationsMissionLogic.OnMissionTick      720       3.00      0.004      0.378      2.596
[13:57:19] CPatch:MBSubModuleBase.OnApplicationTick[post]    64800       2.77      0.000      0.669      0.669
[13:57:19] .StaminaSystem.StaminaUIBehavior.OnMissionTick     1440       2.71      0.002      0.014      0.246
[13:57:19] CombatSounds:BlowWeaponRecord.GetHitSound[pre]      300       2.62      0.009      0.112      0.545
[13:57:19] terLib:MBSubModuleBase.OnApplicationTick[post]    64800       2.53      0.000      0.021      2.438
[13:57:19] onCombatMechanicsHelper.ComputeBlowDamage[pre]      191       2.46      0.013      0.485      1.865
[13:57:19] tinues:FormationQuerySystem.get_MainClass[pre]     3287       2.42      0.001      0.008      0.441
[13:57:19] e.MissionBoundaryCrossingHandler.OnMissionTick      720       2.41      0.003      0.006      0.292
[13:57:19] PATCH:RBMAI:Formation.GetDirectionOfUnit[post]    18982       1.98      0.000      1.463      1.976
[13:57:19] rrangementOrder.GetShieldDirectionOfUnit[post]    18996       1.97      0.000      0.664      0.664
[13:57:19] aultBattleMissionAgentSpawnLogic.OnMissionTick      720       1.89      0.003      0.010      1.267
[13:57:19] v.Immersive_Battlefields.IB_Core.OnMissionTick      721       1.88      0.003      0.005      5.263
[13:57:19] onHandler.TryGetFormationDistanceToCenter[pre]     2163       1.88      0.001      0.006      0.377
[13:57:19] PATCH:RBMCombat:Mission.CreateMeleeBlow[post]      1032       1.78      0.002      0.059      0.404
[13:57:19] s.RealisticSoundsMissionBehavior.OnMissionTick      721       1.63      0.002      0.029      0.549
[13:57:19] sionViews.Order.OrderTroopPlacer.OnMissionTick      720       1.62      0.002      0.005      0.163
[13:57:19] :RBMAI:HumanAIComponent.GetFormationFrame[pre]    18977       1.57      0.000      0.925      1.616
[13:57:19] TCH:RBMCombat:Mission.OnAgentShootMissile[pre]      188       1.54      0.008      0.015      0.242
[13:57:19] nBoundaryCrossingHandler.TickForMainAgent[pre]      720       1.53      0.002      0.005      0.290
[13:57:19] ternativeAttacks:Mission.CreateMeleeBlow[post]      344       1.36      0.004      0.017      0.868
[13:57:19] CH:BetterPikes:Formation.SetMovementOrder[pre]      180       1.35      0.008      0.024      0.053
[13:57:19] roperShieldWalls:Mission.MeleeHitCallback[pre]      595       1.29      0.002      0.007      0.252
[13:57:19] ssionGauntletCategoryLoadManager.OnMissionTick      720       1.23      0.002      0.003      0.019
[13:57:19] ux:Mission.HandleMissileCollisionReaction[pre]      207       1.20      0.006      0.020      0.785
[13:57:19] onGauntletSpectatorControl.OnMissionTick[post]      720       1.17      0.002      0.004      0.349
[13:57:19] BetterPikes:Formation.SetArrangementOrder[pre]      120       1.04      0.009      0.027      0.104
[13:57:19] lade.BattleObserverMissionLogic.OnAgentRemoved       12       1.03      0.086      0.105      0.148
[13:57:19] IComponent.DisablePickUpForAgentIfNeeded[post]      611       0.99      0.002      0.007      0.442
[13:57:19] PATCH:RBMCombat:Agent.HandleBlow[post]              296       0.98      0.003      0.023      0.086
[13:57:19] CH:RTSCamera:Mission.UpdateSceneTimeSpeed[pre]      721       0.93      0.001      0.015      0.015
[13:57:19] ltItemValueModel.CalculateTierMeleeWeapon[pre]      720       0.88      0.001      0.005      0.008
[13:57:19] amageAndBlocksAttackBecauseOfNonEnemyCase[pre]      609       0.88      0.001      0.005      0.020
[13:57:19] untAndBlade.HighlightsController.OnMissionTick      720       0.86      0.001      0.006      1.026
[13:57:19] MissionBehav.SiegeArcherPoints.OnMissionTick        721       0.82      0.001      0.003      0.014
[13:57:19] egeMorale.SiegeNoRetreatBehavior.OnMissionTick      720       0.81      0.001      0.003      0.247
[13:57:19] H:RBMAI:Agent.UpdateLastAttackAndHitTimes[pre]      345       0.80      0.002      0.010      0.041
[13:57:19] ic.DismembermentPlusMissionLogic.OnMissionTick      721       0.77      0.001      0.003      0.494
[13:57:19] PATCH:RBMCombat:Mission.RegisterBlow[pre]           281       0.76      0.003      0.535      0.535
[13:57:19] lds.MountAndBlade.BattleEndLogic.OnMissionTick      720       0.76      0.001      0.004      1.165
[13:57:19] .MountAndBlade.AgentVictoryLogic.OnMissionTick      720       0.76      0.001      0.017      0.356
[13:57:19] :RTSCamera:CrosshairVM.SetArrowProperties[pre]      720       0.74      0.001      0.004      0.309
[13:57:19] lter.Logics.FormationFilterLogic.OnMissionTick      720       0.73      0.001      0.003      0.005
[13:57:19] RTSCamera:OrderTroopPlacer.GetScreenPoint[pre]     1255       0.71      0.001      0.003      0.412
[13:57:19] andSystem:OrderTroopPlacer.OnMissionTick[post]      720       0.71      0.001      0.002      0.125
[13:57:19] onGauntletOrderOfBattleUIHandler.OnMissionTick      720       0.70      0.001      0.002      3.856
[13:57:19] nSieges.SiegeLootMissionBehavior.OnMissionTick      720       0.70      0.001      0.002      0.252
[13:57:19] sionLogics.MissionObjectiveLogic.OnMissionTick      720       0.68      0.001      0.002      0.018
[13:57:19] .MountAndBlade.BannerBearerLogic.OnMissionTick      720       0.67      0.001      0.005      0.009
[13:57:19] MCombat:CustomBattleAgentLogic.OnAgentHit[pre]      391       0.66      0.002      0.014      1.231
[13:57:19] PATCH:RBMAI:Formation.SetPositioning[pre]          2884       0.65      0.000      0.001      0.311
[13:57:19] ionBehaviors.MissionLibraryLogic.OnMissionTick      720       0.57      0.001      0.033      0.033
[13:57:19] nicsHelper.DecideWeaponCollisionReaction[post]      248       0.55      0.002      0.009      6.085
[13:57:19] CH:RBMCombat:Mission.OnAgentShootMissile[post]      376       0.53      0.001      0.014      0.014
[13:57:19] TCH:Retinues:SubModule.TryRegisterWithMCM[fin]      720       0.52      0.001      0.002      0.002
[13:57:19] PATCH:RBMAI:Mission.OnAgentHit[post]                391       0.50      0.001      0.004      0.020
[13:57:19] edSiegeMorale.SiegeMoraleTracker.OnMissionTick      720       0.49      0.001      0.014      0.014
[13:57:19] tleReinforcementsSpawnController.OnMissionTick      720       0.48      0.001      0.002      0.016
[13:57:19] echanicsHelper.GetDefendCollisionResults[post]      166       0.48      0.003      0.006      0.427
[13:57:19] CommandSystem:FacingOrder.GetDirectionAux[pre]     2884       0.48      0.000      0.003      0.447
[13:57:19] nCombatMechanicsHelper.ComputeBlowDamage[post]      191       0.48      0.003      0.005      0.006
[13:57:19] terPikes:BehaviorCharge.TickOccasionally[post]       60       0.47      0.008      0.024      0.034
[13:57:19] echanicsHelper.GetDefendCollisionResults[post]      166       0.46      0.003      0.006      0.021
[13:57:19] culator.CalculateStrikeMagnitudeForThrust[pre]      127       0.43      0.003      0.022      0.022
[13:57:19] TCH:RBMAI:Agent.OnWieldedItemIndexChange[post]      624       0.42      0.001      0.007      0.007
[13:57:19] .CommandSystem:Formation.ReapplyFormOrder[pre]       12       0.41      0.034      0.057     22.781
[13:57:19] :XorberaxLegacy:Mission.MeleeHitCallback[post]      595       0.41      0.001      0.004      0.012
[13:57:19] icsHelper.CalculateBaseMeleeBlowMagnitude[pre]      191       0.40      0.002      0.004      0.501
[13:57:19] l.CanBannerBearerProvideEffectToFormation[pre]      539       0.39      0.001      0.004      0.005
[13:57:19] PATCH:RBMCombat:Mission.MeleeHitCallback[pre]       595       0.38      0.001      0.005      0.005
[13:57:19] ticCombatSounds:Mission.MeleeHitCallback[post]      595       0.38      0.001      0.011      0.054
[13:57:19] mbatMechanicsHelper.ComputeBlowMagnitude[post]      330       0.36      0.001      0.002      0.003
[13:57:19] PATCH:RBMAI:Mission.CreateMeleeBlow[post]           344       0.33      0.001      0.003      0.003
[13:57:19] ATCH:RBMCombat:Mission.MissileHitCallback[pre]      207       0.31      0.002      0.005      0.006
[13:57:19] echanicsHelper.GetDefendCollisionResults[post]      166       0.29      0.002      0.005      0.206
[13:57:19] PATCH:BetterPikes:Formation.SetFormOrder[pre]        12       0.28      0.024      0.043      0.338
[13:57:19] anicsHelper.DecideWeaponCollisionReaction[pre]      248       0.28      0.001      0.005      0.006
[13:57:19] Combat:Mission.GetAttackCollisionResults[post]      330       0.27      0.001      0.003      0.303
[13:57:19] chanicsHelper.ComputeBlowMagnitudeMissile[pre]      176       0.26      0.001      0.004      0.274
[13:57:19] TroopItemVM.FormationOnOnUnitCountChanged[pre]       16       0.26      0.016      0.036      0.137
[13:57:19] PATCH:RBMAI:Mission.OnAgentShootMissile[pre]        188       0.25      0.001      0.003      0.006
[13:57:19] gic.AgentMoraleInteractionLogic.OnAgentRemoved       12       0.25      0.021      0.025      2.591
[13:57:19] BMCombat:Mission.DecideAgentHitParticles[post]      248       0.24      0.001      0.003      0.286
[13:57:19] CH:RealisticCombatSounds:Agent.HandleBlow[pre]      296       0.23      0.001      0.003      0.004
[13:57:19] echanicsHelper.GetDefendCollisionResults[post]      166       0.23      0.001      0.003      0.004
[13:57:19] ation.SwitchUnitLocationsWithBackMostUnit[pre]       89       0.20      0.002      0.007      0.211
[13:57:19] TCH:RBMCombat:Mission.MissileHitCallback[post]      207       0.19      0.001      0.003      0.174
[13:57:19] nicsHelper.DecideWeaponCollisionReaction[post]      248       0.18      0.001      0.002      0.003
[13:57:19] PATCH:RBMAI:Mission.OnAgentShootMissile[post]       188       0.15      0.001      0.002      0.022
[13:57:19] es.CinematicChargesMissionLogic.OnAgentRemoved       12       0.12      0.010      0.011      0.863
[13:57:19] mera.CommandSystem:Formation.SetFormOrder[pre]       12       0.10      0.009      0.012     22.749
[13:57:19] PATCH:RBMCombat:Agent.WeaponEquipped[pre]            60       0.10      0.002      0.006      2.472
[13:57:19] PATCH:RBMCombat:ItemModifier.ModifyArmor[pre]       115       0.07      0.001      0.003      0.122
[13:57:19] PATCH:RBMAI:Formation.SetMovementOrder[pre]         180       0.06      0.000      0.001      0.019
[13:57:19] PATCH:RBMAI:BehaviorCharge.GetAiWeight[post]         60       0.06      0.001      0.001      0.003
[13:57:19] sionViews.MissionAgentLabelView.OnAgentRemoved       12       0.05      0.004      0.006      0.013
[13:57:19] ws.Sound.MusicBattleMissionView.OnAgentRemoved       12       0.04      0.003      0.003      0.103
[13:57:19] erlord.UIExtenderEx:BrushFactory.GetBrush[pre]       36       0.03      0.001      0.002      1.639
[13:57:19] d.UIExtenderEx:WidgetFactory.IsCustomType[pre]      120       0.03      0.000      0.002      0.006
[13:57:19] s.MountAndBlade.CasualtyHandler.OnAgentRemoved       12       0.03      0.002      0.003      0.222
[13:57:19] ntAndBlade.HighlightsController.OnAgentRemoved       12       0.02      0.002      0.003      0.004
[13:57:19] ModFork:LineFormation.SwitchUnitLocations[pre]       43       0.02      0.001      0.003      0.003
[13:57:19] ord.UIExtenderEx:ViewModel.ExecuteCommand[pre]       11       0.02      0.002      0.002      0.002
[13:57:19] H:Bannerlord.UIExtenderEx:ViewModel..ctor[pre]       12       0.02      0.002      0.002      0.080
[13:57:19] lade.BattleHighlightsController.OnAgentRemoved       12       0.02      0.002      0.002      0.078
[13:57:19] naSystem.StaminaMissionBehavior.OnAgentRemoved       12       0.02      0.002      0.002      0.003
[13:57:19] H:RBMAI:LineFormation.SwitchUnitLocations[pre]       43       0.02      0.000      0.002      0.002
[13:57:19] ork:HumanAIComponent.SetBehaviorValueSet[post]      199       0.02      0.000      0.002      0.515
[13:57:19] PATCH:BattleSizeResized:Agent.Die[pre]               12       0.02      0.001      0.002      0.002
[13:57:19] iews.MissionMainAgentController.OnAgentRemoved       12       0.01      0.001      0.002      0.002
[13:57:19] geMorale.SiegeNoRetreatBehavior.OnAgentRemoved       12       0.01      0.001      0.002      0.003
[13:57:19] amera.View.FlyCameraMissionView.OnAgentRemoved       12       0.01      0.001      0.002      0.002
[13:57:19] AndBlade.CustomBattleAgentLogic.OnAgentRemoved       12       0.01      0.001      0.001      0.046
[13:57:19] Sieges.SiegeLootMissionBehavior.OnAgentRemoved       12       0.01      0.001      0.001      0.002
[13:57:19] nGauntletMainAgentEquipDropView.OnAgentRemoved       12       0.01      0.001      0.002      0.002
[13:57:19] .RTSCamera.Logic.RTSCameraLogic.OnAgentRemoved       12       0.01      0.001      0.001      0.750
[13:57:19] PATCH:RBMAI:LineFormation.RemoveUnit[pre]            12       0.01      0.001      0.002      0.279
[13:57:19] System.Logic.CommandSystemLogic.OnAgentRemoved       12       0.01      0.001      0.002      0.120
[13:57:19] MountAndBlade.AgentVictoryLogic.OnAgentRemoved       12       0.01      0.001      0.001      0.001
[13:57:19] StatusBar.UnitStatusMissionView.OnAgentRemoved       12       0.01      0.001      0.001      0.218
[13:57:19] gic.ApplyMoraleEffectOnAgentIncapacitated[pre]       12       0.01      0.001      0.001      0.002
[13:57:19] ineMod.FrontlineCleanupBehavior.OnAgentRemoved       12       0.01      0.001      0.001      0.061
[13:57:19] auntletMainAgentControlModeView.OnAgentRemoved       12       0.01      0.001      0.001      0.001
[13:57:19] FrontlineModFork:LineFormation.RemoveUnit[pre]       12       0.01      0.001      0.001      0.357
[13:57:19] Views.MissionGamepadEffectsView.OnAgentRemoved       12       0.01      0.001      0.001      0.001
[13:57:19] ateMaxMoraleChangeDueToAgentIncapacitated[fin]       12       0.01      0.001      0.001      0.002
[13:57:19] .MissionBoundaryCrossingHandler.OnAgentRemoved       12       0.01      0.001      0.001      0.237
[13:57:19] PATCH:RBMAI:Agent.SetFiringOrder[pre]                12       0.01      0.001      0.001      0.002
[13:57:19] MountAndBlade.BannerBearerLogic.OnAgentRemoved       12       0.01      0.001      0.001      0.001
[13:57:19] enderEx:WidgetFactory.CreateBuiltinWidget[pre]      120       0.01      0.000      0.001      0.004
[13:57:19] ame:EquipmentElement.GetModifiedItemName[post]        4       0.01      0.002      0.002      0.002
[13:57:19] ds.MountAndBlade.BattleEndLogic.OnAgentRemoved       12       0.01      0.000      0.001      0.001
[13:57:19] :TacticCoordinatedRetreat.GetTacticWeight[pre]        3       0.00      0.001      0.001      0.002
[13:57:19] AI:TacticFullScaleAttack.GetTacticWeight[post]        3       0.00      0.001      0.001      0.003
[13:57:19] DefensiveLine.IsTacticalPositionEligible[post]       28       0.00      0.000      0.001      0.003
[13:57:19] MAI:HumanAIComponent.SetBehaviorValueSet[post]      199       0.00      0.000      0.001      0.564
[13:57:19] === END REPORT ===
[13:57:19] === PER-MOD TOTALS (this window, ms — overlapping/nested, not additive) ===
[13:57:19]       10961.87  RTSCamera.CommandSystem
[13:57:19]        9615.03  FrontlineModFork
[13:57:19]        3040.69  RBMAI
[13:57:19]        2176.27  (engine/unattributed)
[13:57:19]         658.15  ArtemsCinematicCombat
[13:57:19]         637.50  RBM
[13:57:19]         137.12  AIKickNBashFork
[13:57:19]         114.99  BetterPikes
[13:57:19]          96.85  RBMCombat
[13:57:19]          71.48  StaminaSystem
[13:57:19]          44.59  RealisticWeather
[13:57:19]          33.73  BreakablePolearms
[13:57:19]          22.35  ArtemsCinematicCharges
[13:57:19]          14.11  Bannerlord.ButterLib
[13:57:19]          11.95  RTSCamera
[13:57:19]          11.68  Bannerlord.MBOptionScreen
[13:57:19]          11.43  zzzUniversalPatch
[13:57:19]          10.03  BattleOrderTweaks
[13:57:19]           8.31  Bannerlord.Diplomacy
[13:57:19]           7.43  MBFastDialogue
[13:57:19]           6.32  Bannerlord.DiplomacyNavalDLCPatch
[13:57:19]           5.86  ProperShieldWalls
[13:57:19]           5.83  AIKickNBash
[13:57:19]           5.71  CinematicCombatMasterstrikeLogic
[13:57:19]           4.86  RealisticCombatSounds
[13:57:19]           3.00  ArtemsLivelyAnimations
[13:57:19]           2.94  Retinues
[13:57:19]           1.88  Immersive_Battlefields
[13:57:19]           1.84  XorberaxLegacy
[13:57:19]           1.36  Bannerlord.UsefulAlternativeAttacks
[13:57:19]           1.31  EnhancedSiegeMorale
[13:57:19]           1.23  StaminaSystemFork
[13:57:19]           1.20  NoMoreStuckProjectilesRedux
[13:57:19]           0.99  PickupMeleeWeapons
[13:57:19]           0.82  SiegeArcherPoints
[13:57:19]           0.77  DismembermentPlus
[13:57:19]           0.73  FormationFilter
[13:57:19]           0.71  LootBetweenSieges
[13:57:19]           0.57  MissionSharedLibrary
[13:57:19]           0.48  UnblockableThrust
[13:57:19]           0.29  RealisticCombatAdjustments
[13:57:19]           0.11  Bannerlord.UIExtenderEx
[13:57:19]           0.02  BattleSizeResized
[13:57:19]           0.01  FrontlineMod
[13:57:19]           0.01  BetterSmithingContinued.MainFrame
[13:57:19] === END PER-MOD TOTALS ===
[13:57:29] === PERFORMANCE REPORT ===
[13:57:29] Method                                            Calls  Total(ms)    Avg(ms)    Max(ms) SessMax(ms)
[13:57:29] --------------------------------------------------------------------------------------------------
[13:57:29] et_CalculateHasSignificantNumberOfMounted[pre]  7381049   10786.79      0.001      3.511      9.740
[13:57:29] odFork:HumanAIComponent.GetFormationFrame[pre]    38423    8771.47      0.228     14.391     35.245
[13:57:29] tatCalculateModel.SetAiRelatedProperties[post]    18997    3621.01      0.191      3.999      4.629
[13:57:29] Mission.Frame(all)                                  725    2684.30      3.702      8.099     37.204
[13:57:29] tStatusBar.UnitStatusMissionView.OnMissionTick      724     717.02      0.990      1.593     53.810
[13:57:29] icCombat.CCShieldTauntTroopsData.OnMissionTick      725     605.72      0.835      1.448      3.870
[13:57:29] eModFork:Formation.GetOrderPositionOfUnit[pre]    38423     486.04      0.013      3.359      4.380
[13:57:29] PATCH:AIKickNBashFork:Agent.OnAIInputSet[post]   392570     257.74      0.001      0.704      3.704
[13:57:29] omponent.ParallelUpdateFormationMovement[post]    38423     123.90      0.003      2.283      6.535
[13:57:29] Pikes.BetterPikesMissionBehavior.OnMissionTick      725     111.09      0.153      0.706      1.342
[13:57:29] PATCH:RBMAI:Agent.IsInWater[pre]                 461280      86.06      0.000      1.670      1.699
[13:57:29] mbat.CinematicCombatMissionLogic.OnMissionTick      725      84.79      0.117      3.487     26.632
[13:57:29] PATCH:RBMAI:HumanAIComponent.OnTick[post]        413590      75.66      0.000      0.617      1.787
[13:57:29] inaSystem.StaminaMissionBehavior.OnMissionTick      725      70.23      0.097      0.228      3.345
[13:57:29] RBMCombat:Agent.OnWieldedItemIndexChange[post]     1062      39.76      0.037      0.644      0.644
[13:57:29] BreakablePolearmsMissionBehavior.OnMissionTick      725      35.43      0.049      0.514      0.568
[13:57:29] AgentStatCalculateModel.UpdateHumanStats[post]    18997      31.96      0.002      1.344      1.370
[13:57:29] CH:RBMAI:Formation.GetOrderPositionOfUnit[pre]    26109      27.64      0.001      1.555      1.568
[13:57:29] stem:OrderTroopPlacer.OnMissionScreenTick[pre]      725      25.06      0.035      0.070     38.336
[13:57:29] andSystem:OrderTroopPlacer.GetCursorState[pre]      725      22.81      0.031      0.066      1.709
[13:57:29] PATCH:RBMAI:Agent.UpdateFormationOrders[pre]      38143      20.18      0.001      0.025      0.657
[13:57:29] manAIComponent.GetDesiredSpeedInFormation[pre]    38423      18.04      0.000      1.669      2.048
[13:57:29] tatCalculateModel.SetAiRelatedProperties[post]    18997      16.21      0.001      1.767      1.767
[13:57:29] H:RBMAI:HumanAIComponent.AdjustSpeedLimit[pre]    38423      16.08      0.000      1.605      1.711
[13:57:29] at:Mission.HandleMissileCollisionReaction[pre]       65      14.12      0.217      0.363     11.719
[13:57:29] .MissionGauntletSpectatorControl.OnMissionTick      725      12.09      0.017      0.034      0.365
[13:57:29] ges.CinematicChargesMissionLogic.OnMissionTick      725      11.92      0.016      3.311      4.389
[13:57:29] rderTweaks.VolleyMissionBehavior.OnMissionTick      725      10.72      0.015      0.053      4.498
[13:57:29] ssionViews.MissionAgentLabelView.OnMissionTick      725       9.40      0.013      0.138      1.251
[13:57:29] m:SquareFormation.GetLocalDirectionOfUnit[pre]    18712       8.73      0.000      1.280      1.667
[13:57:29] lineModFork:Formation.GetDirectionOfUnit[post]    18712       8.44      0.000      1.381      1.418
[13:57:29] Screen:MBSubModuleBase.OnApplicationTick[post]    65250       7.00      0.000      0.618      2.446
[13:57:29] CinematicCombatMasterstrikeLogic.OnMissionTick      725       6.44      0.009      0.562      0.797
[13:57:29] sCinematicCharges.SprintBehavior.OnMissionTick      725       6.24      0.009      0.014      0.979
[13:57:29] creen:MBSubModuleBase.AfterAsyncTickTick[post]    71775       5.97      0.000      0.492      0.640
[13:57:29] NBash.AIKickNBashMissionBehavior.OnMissionTick      724       5.72      0.008      0.285      1.630
[13:57:29] omacy:MBSubModuleBase.AfterAsyncTickTick[post]    71775       5.48      0.000      0.571      0.735
[13:57:29] terLib:MBSubModuleBase.OnApplicationTick[post]    65250       5.44      0.000      0.641      2.438
[13:57:29] .ButterLib:MBSubModuleBase.OnNetworkTick[post]    68150       5.34      0.000      0.724      3.333
[13:57:29] lomacy:MBSubModuleBase.OnApplicationTick[post]    65250       5.06      0.000      0.559      0.826
[13:57:29] CPatch:MBSubModuleBase.OnApplicationTick[post]    65250       4.98      0.000      0.694      0.694
[13:57:29] lPatch:MBSubModuleBase.OnApplicationTick[post]    65250       4.89      0.000      0.521      2.948
[13:57:29] BMAI:BehaviorCharge.CalculateCurrentOrder[pre]      120       4.83      0.040      0.087      5.662
[13:57:29] Patch:MBSubModuleBase.AfterAsyncTickTick[post]    71775       4.70      0.000      0.540      0.691
[13:57:29] TCH:RBMAI:Formation.ApplyActionOnEachUnit[pre]      275       4.63      0.017      2.907      7.282
[13:57:29] temsLivelyAnimationsMissionLogic.OnMissionTick      725       4.37      0.006      0.360      2.596
[13:57:29] alogue:MBSubModuleBase.OnApplicationTick[post]    65250       4.34      0.000      0.587      0.724
[13:57:29] v.RTSCamera.Logic.RTSCameraLogic.OnMissionTick      725       4.20      0.006      0.011     11.233
[13:57:29] Patch:MBSubModuleBase.AfterAsyncTickTick[post]    71775       4.18      0.000      0.491      0.780
[13:57:29] ehaviours.ShieldRotationBehavior.OnMissionTick      724       4.00      0.006      0.135      3.236
[13:57:29] erLib:MBSubModuleBase.AfterAsyncTickTick[post]    71775       3.77      0.000      0.342      7.673
[13:57:29] logue:MBSubModuleBase.AfterAsyncTickTick[post]    71775       3.59      0.000      0.467      0.727
[13:57:29] PATCH:RBMCombat:Mission.CreateMeleeBlow[post]      2085       3.48      0.002      0.053      0.404
[13:57:29] .StaminaSystem.StaminaUIBehavior.OnMissionTick     1450       3.04      0.002      0.210      0.246
[13:57:29] e.MissionBoundaryCrossingHandler.OnMissionTick      725       3.04      0.004      0.526      0.526
[13:57:29] CombatSounds:BlowWeaponRecord.GetHitSound[pre]      404       2.99      0.007      0.021      0.545
[13:57:29] tinues:FormationQuerySystem.get_MainClass[pre]     3437       2.65      0.001      0.039      0.441
[13:57:29] PATCH:RBMAI:Formation.GetDirectionOfUnit[post]    18712       2.49      0.000      1.498      1.976
[13:57:29] ternativeAttacks:Mission.CreateMeleeBlow[post]      695       2.10      0.003      0.016      0.868
[13:57:29] onCombatMechanicsHelper.ComputeBlowDamage[pre]      217       2.06      0.009      0.028      1.865
[13:57:29] :RBMAI:HumanAIComponent.GetFormationFrame[pre]    18712       2.05      0.000      1.311      1.616
[13:57:29] roperShieldWalls:Mission.MeleeHitCallback[pre]     1308       2.05      0.002      0.008      0.252
[13:57:29] aultBattleMissionAgentSpawnLogic.OnMissionTick      725       1.97      0.003      0.018      1.267
[13:57:29] PATCH:RBMCombat:Agent.HandleBlow[post]              400       1.96      0.005      0.478      0.478
[13:57:29] v.Immersive_Battlefields.IB_Core.OnMissionTick      724       1.82      0.003      0.008      5.263
[13:57:29] sionViews.Order.OrderTroopPlacer.OnMissionTick      725       1.81      0.002      0.017      0.163
[13:57:29] onHandler.TryGetFormationDistanceToCenter[pre]     2172       1.68      0.001      0.011      0.377
[13:57:29] s.RealisticSoundsMissionBehavior.OnMissionTick      724       1.55      0.002      0.005      0.549
[13:57:29] IComponent.DisablePickUpForAgentIfNeeded[post]     1050       1.54      0.001      0.017      0.442
[13:57:29] nBoundaryCrossingHandler.TickForMainAgent[pre]      725       1.52      0.002      0.008      0.290
[13:57:29] rrangementOrder.GetShieldDirectionOfUnit[post]    18432       1.43      0.000      0.529      0.664
[13:57:29] onGauntletSpectatorControl.OnMissionTick[post]      725       1.41      0.002      0.007      0.349
[13:57:29] echanicsHelper.GetDefendCollisionResults[post]      514       1.34      0.003      0.008      0.021
[13:57:29] CH:BetterPikes:Formation.SetMovementOrder[pre]      180       1.32      0.007      0.019      0.053
[13:57:29] ssionGauntletCategoryLoadManager.OnMissionTick      725       1.32      0.002      0.005      0.019
[13:57:29] PATCH:RBMAI:Agent.OnShieldDamaged[pre]               75       1.25      0.017      0.226      0.511
[13:57:29] echanicsHelper.GetDefendCollisionResults[post]      514       1.19      0.002      0.007      0.427
[13:57:29] culator.CalculateStrikeMagnitudeForThrust[pre]      369       1.03      0.003      0.007      0.022
[13:57:29] BetterPikes:Formation.SetArrangementOrder[pre]      120       1.02      0.008      0.017      0.104
[13:57:29] eAgentStatCalculateModel.UpdateHumanStats[fin]    18997       1.00      0.000      0.008      1.573
[13:57:29] echanicsHelper.GetDefendCollisionResults[post]      514       0.99      0.002      0.286      0.286
[13:57:29] ltItemValueModel.CalculateTierMeleeWeapon[pre]      725       0.93      0.001      0.003      0.008
[13:57:29] CH:RTSCamera:Mission.UpdateSceneTimeSpeed[pre]      725       0.90      0.001      0.005      0.015
[13:57:29] untAndBlade.HighlightsController.OnMissionTick      725       0.89      0.001      0.002      1.026
[13:57:29] amageAndBlocksAttackBecauseOfNonEnemyCase[pre]      854       0.88      0.001      0.007      0.020
[13:57:29] lade.BattleObserverMissionLogic.OnAgentRemoved        9       0.86      0.095      0.114      0.148
[13:57:29] nicsHelper.DecideWeaponCollisionReaction[post]      447       0.85      0.002      0.010      6.085
[13:57:29] PATCH:RBMAI:Formation.SetPositioning[pre]          2900       0.82      0.000      0.086      0.311
[13:57:29] egeMorale.SiegeNoRetreatBehavior.OnMissionTick      725       0.80      0.001      0.003      0.247
[13:57:29] ic.DismembermentPlusMissionLogic.OnMissionTick      724       0.78      0.001      0.003      0.494
[13:57:29] MissionBehav.SiegeArcherPoints.OnMissionTick        724       0.78      0.001      0.003      0.014
[13:57:29] RTSCamera:OrderTroopPlacer.GetScreenPoint[pre]     1380       0.77      0.001      0.007      0.412
[13:57:29] lds.MountAndBlade.BattleEndLogic.OnMissionTick      725       0.77      0.001      0.005      1.165
[13:57:29] :RTSCamera:CrosshairVM.SetArrowProperties[pre]      725       0.75      0.001      0.004      0.309
[13:57:29] .MountAndBlade.AgentVictoryLogic.OnMissionTick      725       0.75      0.001      0.002      0.356
[13:57:29] ticCombatSounds:Mission.MeleeHitCallback[post]     1308       0.74      0.001      0.016      0.054
[13:57:29] lter.Logics.FormationFilterLogic.OnMissionTick      725       0.73      0.001      0.004      0.005
[13:57:29] .MountAndBlade.BannerBearerLogic.OnMissionTick      725       0.73      0.001      0.007      0.009
[13:57:29] nSieges.SiegeLootMissionBehavior.OnMissionTick      725       0.73      0.001      0.002      0.252
[13:57:29] onGauntletOrderOfBattleUIHandler.OnMissionTick      725       0.73      0.001      0.002      3.856
[13:57:29] andSystem:OrderTroopPlacer.OnMissionTick[post]      725       0.73      0.001      0.002      0.125
[13:57:29] sionLogics.MissionObjectiveLogic.OnMissionTick      725       0.73      0.001      0.002      0.018
[13:57:29] H:RBMAI:Agent.UpdateLastAttackAndHitTimes[pre]      358       0.73      0.002      0.004      0.041
[13:57:29] icsHelper.CalculateBaseMeleeBlowMagnitude[pre]      373       0.71      0.002      0.005      0.501
[13:57:29] TCH:Retinues:SubModule.TryRegisterWithMCM[fin]      725       0.71      0.001      0.002      0.002
[13:57:29] MCombat:CustomBattleAgentLogic.OnAgentHit[pre]      530       0.70      0.001      0.016      1.231
[13:57:29] edSiegeMorale.SiegeMoraleTracker.OnMissionTick      725       0.69      0.001      0.001      0.014
[13:57:29] :XorberaxLegacy:Mission.MeleeHitCallback[post]     1308       0.68      0.001      0.004      0.012
[13:57:29] echanicsHelper.GetDefendCollisionResults[post]      514       0.63      0.001      0.004      0.004
[13:57:29] tleReinforcementsSpawnController.OnMissionTick      725       0.62      0.001      0.002      0.016
[13:57:29] ionBehaviors.MissionLibraryLogic.OnMissionTick      725       0.61      0.001      0.002      0.033
[13:57:29] TCH:RBMAI:Agent.OnWieldedItemIndexChange[post]     1062       0.59      0.001      0.005      0.007
[13:57:29] CommandSystem:FacingOrder.GetDirectionAux[pre]     2900       0.57      0.000      0.004      0.447
[13:57:29] PATCH:RBMCombat:Mission.MeleeHitCallback[pre]      1308       0.56      0.000      0.005      0.005
[13:57:29] nCombatMechanicsHelper.ComputeBlowDamage[post]      217       0.54      0.002      0.006      0.006
[13:57:29] PATCH:RBMAI:Mission.OnAgentHit[post]                528       0.54      0.001      0.004      0.020
[13:57:29] PATCH:RBMAI:Mission.CreateMeleeBlow[post]           695       0.52      0.001      0.002      0.003
[13:57:29] terPikes:BehaviorCharge.TickOccasionally[post]       60       0.51      0.008      0.043      0.043
[13:57:29] erlord.UIExtenderEx:BrushFactory.GetBrush[pre]       27       0.51      0.019      0.481      1.639
[13:57:29] ux:Mission.HandleMissileCollisionReaction[pre]       65       0.49      0.008      0.011      0.785
[13:57:29] TCH:RBMCombat:Mission.OnAgentShootMissile[pre]       55       0.49      0.009      0.012      0.242
[13:57:29] l.CanBannerBearerProvideEffectToFormation[pre]      595       0.43      0.001      0.004      0.005
[13:57:29] anicsHelper.DecideWeaponCollisionReaction[pre]      447       0.42      0.001      0.005      0.006
[13:57:29] BMCombat:Mission.DecideAgentHitParticles[post]      447       0.40      0.001      0.003      0.286
[13:57:29] .CommandSystem:Formation.ReapplyFormOrder[pre]        9       0.36      0.040      0.058     22.781
[13:57:29] CH:RealisticCombatSounds:Agent.HandleBlow[pre]      402       0.31      0.001      0.002      0.004
[13:57:29] mbatMechanicsHelper.ComputeBlowMagnitude[post]      330       0.30      0.001      0.003      0.003
[13:57:29] nicsHelper.DecideWeaponCollisionReaction[post]      447       0.29      0.001      0.002      0.003
[13:57:29] Combat:Mission.GetAttackCollisionResults[post]      330       0.27      0.001      0.014      0.303
[13:57:29] PATCH:RBMCombat:Mission.RegisterBlow[pre]           377       0.27      0.001      0.002      0.535
[13:57:29] PATCH:BetterPikes:Formation.SetFormOrder[pre]         9       0.25      0.028      0.041      0.338
[13:57:29] TroopItemVM.FormationOnOnUnitCountChanged[pre]       14       0.23      0.016      0.037      0.137
[13:57:29] gic.AgentMoraleInteractionLogic.OnAgentRemoved        9       0.20      0.023      0.029      2.591
[13:57:29] CH:RBMCombat:Mission.OnAgentShootMissile[post]      110       0.17      0.002      0.005      0.014
[13:57:29] StatusBar.UnitStatusMissionView.OnAgentRemoved        9       0.12      0.013      0.112      0.218
[13:57:29] ation.SwitchUnitLocationsWithBackMostUnit[pre]       51       0.11      0.002      0.005      0.211
[13:57:29] PATCH:RBMAI:Mission.OnAgentShootMissile[pre]         55       0.10      0.002      0.004      0.006
[13:57:29] es.CinematicChargesMissionLogic.OnAgentRemoved        9       0.10      0.011      0.013      0.863
[13:57:29] ATCH:RBMCombat:Mission.MissileHitCallback[pre]       65       0.10      0.001      0.004      0.006
[13:57:29] chanicsHelper.ComputeBlowMagnitudeMissile[pre]       57       0.09      0.002      0.003      0.274
[13:57:29] mera.CommandSystem:Formation.SetFormOrder[pre]        9       0.09      0.010      0.015     22.749
[13:57:29] PATCH:RBMCombat:Agent.WeaponEquipped[pre]            34       0.07      0.002      0.010      2.472
[13:57:29] TCH:RBMCombat:Mission.MissileHitCallback[post]       65       0.06      0.001      0.001      0.174
[13:57:29] PATCH:RBMAI:BehaviorCharge.GetAiWeight[post]         60       0.06      0.001      0.001      0.003
[13:57:29] PATCH:RBMAI:Formation.SetMovementOrder[pre]         180       0.06      0.000      0.001      0.019
[13:57:29] PATCH:RBMAI:Mission.OnAgentShootMissile[post]        55       0.06      0.001      0.002      0.022
[13:57:29] PATCH:RBMCombat:ItemModifier.ModifyArmor[pre]        79       0.05      0.001      0.003      0.122
[13:57:29] sionViews.MissionAgentLabelView.OnAgentRemoved        9       0.03      0.003      0.004      0.013
[13:57:29] ws.Sound.MusicBattleMissionView.OnAgentRemoved        9       0.03      0.003      0.004      0.103
[13:57:29] d.UIExtenderEx:WidgetFactory.IsCustomType[pre]       90       0.03      0.000      0.003      0.006
[13:57:29] s.MountAndBlade.CasualtyHandler.OnAgentRemoved        9       0.02      0.002      0.003      0.222
[13:57:29] ord.UIExtenderEx:ViewModel.ExecuteCommand[pre]       10       0.02      0.002      0.002      0.002
[13:57:29] ntAndBlade.HighlightsController.OnAgentRemoved        9       0.02      0.002      0.003      0.004
[13:57:29] tem:SquareFormation.GetSideOfUnitPosition[pre]      360       0.02      0.000      0.003      0.441
[13:57:29] naSystem.StaminaMissionBehavior.OnAgentRemoved        9       0.02      0.002      0.002      0.003
[13:57:29] H:Bannerlord.UIExtenderEx:ViewModel..ctor[pre]        9       0.02      0.002      0.002      0.080
[13:57:29] H:RBMAI:LineFormation.SwitchUnitLocations[pre]       22       0.01      0.001      0.002      0.002
[13:57:29] PATCH:BattleSizeResized:Agent.Die[pre]                9       0.01      0.001      0.002      0.002
[13:57:29] MountAndBlade.AgentVictoryLogic.OnAgentRemoved        9       0.01      0.001      0.002      0.002
[13:57:29] lade.BattleHighlightsController.OnAgentRemoved        9       0.01      0.001      0.002      0.078
[13:57:29] ModFork:LineFormation.SwitchUnitLocations[pre]       22       0.01      0.001      0.001      0.003
[13:57:29] geMorale.SiegeNoRetreatBehavior.OnAgentRemoved        9       0.01      0.001      0.002      0.003
[13:57:29] iews.MissionMainAgentController.OnAgentRemoved        9       0.01      0.001      0.002      0.002
[13:57:29] gic.ApplyMoraleEffectOnAgentIncapacitated[pre]        9       0.01      0.001      0.001      0.002
[13:57:29] FrontlineModFork:LineFormation.RemoveUnit[pre]        9       0.01      0.001      0.001      0.357
[13:57:29] Views.MissionGamepadEffectsView.OnAgentRemoved        9       0.01      0.001      0.001      0.001
[13:57:29] .MissionBoundaryCrossingHandler.OnAgentRemoved        9       0.01      0.001      0.001      0.237
[13:57:29] System.Logic.CommandSystemLogic.OnAgentRemoved        9       0.01      0.001      0.001      0.120
[13:57:29] Sieges.SiegeLootMissionBehavior.OnAgentRemoved        9       0.01      0.001      0.001      0.002
[13:57:29] MountAndBlade.BannerBearerLogic.OnAgentRemoved        9       0.01      0.001      0.001      0.001
[13:57:29] PATCH:RBMAI:Agent.SetFiringOrder[pre]                 9       0.01      0.001      0.001      0.002
[13:57:29] auntletMainAgentControlModeView.OnAgentRemoved        9       0.01      0.001      0.001      0.001
[13:57:29] amera.View.FlyCameraMissionView.OnAgentRemoved        9       0.01      0.001      0.001      0.002
[13:57:29] nGauntletMainAgentEquipDropView.OnAgentRemoved        9       0.01      0.001      0.001      0.002
[13:57:29] PATCH:RBMAI:LineFormation.RemoveUnit[pre]             9       0.01      0.001      0.001      0.279
[13:57:29] ateMaxMoraleChangeDueToAgentIncapacitated[fin]        9       0.01      0.001      0.001      0.002
[13:57:29] AndBlade.CustomBattleAgentLogic.OnAgentRemoved        9       0.01      0.001      0.001      0.046
[13:57:29] ineMod.FrontlineCleanupBehavior.OnAgentRemoved        9       0.01      0.001      0.001      0.061
[13:57:29] .RTSCamera.Logic.RTSCameraLogic.OnAgentRemoved        9       0.01      0.001      0.001      0.750
[13:57:29] ds.MountAndBlade.BattleEndLogic.OnAgentRemoved        9       0.01      0.001      0.001      0.001
[13:57:29] enderEx:WidgetFactory.CreateBuiltinWidget[pre]       90       0.01      0.000      0.001      0.004
[13:57:29] ame:EquipmentElement.GetModifiedItemName[post]        4       0.00      0.001      0.001      0.002
[13:57:29] :TacticCoordinatedRetreat.GetTacticWeight[pre]        4       0.00      0.001      0.001      0.002
[13:57:29] AI:TacticFullScaleAttack.GetTacticWeight[post]        4       0.00      0.001      0.001      0.003
[13:57:29] DefensiveLine.IsTacticalPositionEligible[post]       28       0.00      0.000      0.001      0.003
[13:57:29] === END REPORT ===
[13:57:29] === PER-MOD TOTALS (this window, ms — overlapping/nested, not additive) ===
[13:57:29]       10863.20  RTSCamera.CommandSystem
[13:57:29]        9265.97  FrontlineModFork
[13:57:29]        3990.70  RBMAI
[13:57:29]        2720.40  (engine/unattributed)
[13:57:29]         717.14  RBM
[13:57:29]         690.51  ArtemsCinematicCombat
[13:57:29]         257.74  AIKickNBashFork
[13:57:29]         114.48  BetterPikes
[13:57:29]          83.75  RBMCombat
[13:57:29]          73.29  StaminaSystem
[13:57:29]          35.43  BreakablePolearms
[13:57:29]          32.96  RealisticWeather
[13:57:29]          18.25  ArtemsCinematicCharges
[13:57:29]          14.55  Bannerlord.ButterLib
[13:57:29]          12.97  Bannerlord.MBOptionScreen
[13:57:29]          12.03  RTSCamera
[13:57:29]          10.72  BattleOrderTweaks
[13:57:29]          10.53  Bannerlord.Diplomacy
[13:57:29]           9.68  Bannerlord.DiplomacyNavalDLCPatch
[13:57:29]           9.07  zzzUniversalPatch
[13:57:29]           7.94  MBFastDialogue
[13:57:29]           6.67  ProperShieldWalls
[13:57:29]           6.44  CinematicCombatMasterstrikeLogic
[13:57:29]           5.72  AIKickNBash
[13:57:29]           5.59  RealisticCombatSounds
[13:57:29]           4.37  ArtemsLivelyAnimations
[13:57:29]           3.36  Retinues
[13:57:29]           2.41  XorberaxLegacy
[13:57:29]           2.31  StaminaSystemFork
[13:57:29]           2.10  Bannerlord.UsefulAlternativeAttacks
[13:57:29]           1.82  Immersive_Battlefields
[13:57:29]           1.54  PickupMeleeWeapons
[13:57:29]           1.50  EnhancedSiegeMorale
[13:57:29]           1.19  UnblockableThrust
[13:57:29]           0.99  RealisticCombatAdjustments
[13:57:29]           0.78  DismembermentPlus
[13:57:29]           0.78  SiegeArcherPoints
[13:57:29]           0.74  LootBetweenSieges
[13:57:29]           0.73  FormationFilter
[13:57:29]           0.61  MissionSharedLibrary
[13:57:29]           0.58  Bannerlord.UIExtenderEx
[13:57:29]           0.49  NoMoreStuckProjectilesRedux
[13:57:29]           0.01  BattleSizeResized
[13:57:29]           0.01  FrontlineMod
[13:57:29]           0.00  BetterSmithingContinued.MainFrame
[13:57:29] === END PER-MOD TOTALS ===
[13:57:39] === PERFORMANCE REPORT ===
[13:57:39] Method                                            Calls  Total(ms)    Avg(ms)    Max(ms) SessMax(ms)
[13:57:39] --------------------------------------------------------------------------------------------------
[13:57:39] et_CalculateHasSignificantNumberOfMounted[pre]  9223303   14418.20      0.002      3.832      9.740
[13:57:39] odFork:HumanAIComponent.GetFormationFrame[pre]    44301   12826.60      0.290     23.383     35.245
[13:57:39] tatCalculateModel.SetAiRelatedProperties[post]    21683    5048.80      0.233      4.903      4.903
[13:57:39] Mission.Frame(all)                                  706    2836.33      4.017     24.299     37.204
[13:57:39] eModFork:Formation.GetOrderPositionOfUnit[pre]    44311     714.45      0.016      3.881      4.380
[13:57:39] tStatusBar.UnitStatusMissionView.OnMissionTick      707     661.26      0.935      1.569     53.810
[13:57:39] icCombat.CCShieldTauntTroopsData.OnMissionTick      707     590.24      0.835      1.465      3.870
[13:57:39] PATCH:AIKickNBashFork:Agent.OnAIInputSet[post]   351694     292.24      0.001      0.687      3.704
[13:57:39] omponent.ParallelUpdateFormationMovement[post]    44298     128.99      0.003      1.847      6.535
[13:57:39] Pikes.BetterPikesMissionBehavior.OnMissionTick      707     109.60      0.155      0.831      1.342
[13:57:39] mbat.CinematicCombatMissionLogic.OnMissionTick      707      99.99      0.141      3.770     26.632
[13:57:39] PATCH:RBMAI:HumanAIComponent.OnTick[post]        397432      82.37      0.000      0.769      1.787
[13:57:39] PATCH:RBMAI:Agent.IsInWater[pre]                 417774      74.24      0.000      1.830      1.830
[13:57:39] inaSystem.StaminaMissionBehavior.OnMissionTick      707      71.06      0.101      0.243      3.345
[13:57:39] RBMCombat:Agent.OnWieldedItemIndexChange[post]     1758      53.55      0.030      0.157      0.644
[13:57:39] AgentStatCalculateModel.UpdateHumanStats[post]    21683      35.11      0.002      1.137      1.370
[13:57:39] BreakablePolearmsMissionBehavior.OnMissionTick      707      32.54      0.046      0.100      0.568
[13:57:39] PATCH:RBMAI:Agent.UpdateFormationOrders[pre]      43455      24.28      0.001      0.600      0.657
[13:57:39] tatCalculateModel.SetAiRelatedProperties[post]    21683      24.09      0.001      1.649      1.767
[13:57:39] ssionViews.MissionAgentLabelView.OnMissionTick      707      23.64      0.033      0.135      1.251
[13:57:39] .CommandSystem:Formation.ReapplyFormOrder[pre]       17      22.13      1.302      7.997     22.781
[13:57:39] mera.CommandSystem:Formation.SetFormOrder[pre]       17      21.72      1.278      7.966     22.749
[13:57:39] stem:OrderTroopPlacer.OnMissionScreenTick[pre]      629      21.26      0.034      0.062     38.336
[13:57:39] CH:RBMAI:Formation.GetOrderPositionOfUnit[pre]    27926      20.32      0.001      0.231      1.568
[13:57:39] andSystem:OrderTroopPlacer.GetCursorState[pre]      629      19.27      0.031      0.057      1.709
[13:57:39] H:RBMAI:HumanAIComponent.AdjustSpeedLimit[pre]    44298      18.11      0.000      1.672      1.711
[13:57:39] manAIComponent.GetDesiredSpeedInFormation[pre]    44313      15.57      0.000      1.187      2.048
[13:57:39] .MissionGauntletSpectatorControl.OnMissionTick      707      11.58      0.016      0.069      0.365
[13:57:39] ges.CinematicChargesMissionLogic.OnMissionTick      707      11.24      0.016      3.720      4.389
[13:57:39] rderTweaks.VolleyMissionBehavior.OnMissionTick      707       9.88      0.014      0.054      4.498
[13:57:39] TCH:RBMAI:Formation.ApplyActionOnEachUnit[pre]      364       9.63      0.026      2.809      7.282
[13:57:39] m:SquareFormation.GetLocalDirectionOfUnit[pre]    21941       8.19      0.000      1.130      1.667
[13:57:39] ation.SwitchUnitLocationsWithBackMostUnit[pre]     4048       7.40      0.002      0.352      0.352
[13:57:39] NBash.AIKickNBashMissionBehavior.OnMissionTick      707       6.91      0.010      0.283      1.630
[13:57:39] creen:MBSubModuleBase.AfterAsyncTickTick[post]    69894       6.57      0.000      0.616      0.640
[13:57:39] BMAI:BehaviorCharge.CalculateCurrentOrder[pre]      156       6.07      0.039      0.098      5.662
[13:57:39] sCinematicCharges.SprintBehavior.OnMissionTick      707       5.93      0.008      0.032      0.979
[13:57:39] lineModFork:Formation.GetDirectionOfUnit[post]    21948       5.88      0.000      1.435      1.435
[13:57:39] ehaviours.ShieldRotationBehavior.OnMissionTick      707       5.37      0.008      0.970      3.236
[13:57:39] at:Mission.HandleMissileCollisionReaction[pre]       26       5.27      0.203      0.275     11.719
[13:57:39] PATCH:RBMCombat:Mission.CreateMeleeBlow[post]      3030       5.18      0.002      0.561      0.561
[13:57:39] .ButterLib:MBSubModuleBase.OnNetworkTick[post]    59126       5.08      0.000      0.706      3.333
[13:57:39] CinematicCombatMasterstrikeLogic.OnMissionTick      707       4.94      0.007      0.013      0.797
[13:57:39] omacy:MBSubModuleBase.AfterAsyncTickTick[post]    69894       4.31      0.000      0.592      0.735
[13:57:39] Screen:MBSubModuleBase.OnApplicationTick[post]    56610       4.25      0.000      0.547      2.446
[13:57:39] lomacy:MBSubModuleBase.OnApplicationTick[post]    56610       4.23      0.000      0.928      0.928
[13:57:39] v.RTSCamera.Logic.RTSCameraLogic.OnMissionTick      707       4.03      0.006      0.014     11.233
[13:57:39] erLib:MBSubModuleBase.AfterAsyncTickTick[post]    69894       3.82      0.000      0.414      7.673
[13:57:39] Patch:MBSubModuleBase.AfterAsyncTickTick[post]    69894       3.77      0.000      0.610      0.691
[13:57:39] CombatSounds:BlowWeaponRecord.GetHitSound[pre]      605       3.69      0.006      0.108      0.545
[13:57:39] tinues:FormationQuerySystem.get_MainClass[pre]     3492       3.61      0.001      0.601      0.601
[13:57:39] lPatch:MBSubModuleBase.OnApplicationTick[post]    56610       3.54      0.000      0.328      2.948
[13:57:39] logue:MBSubModuleBase.AfterAsyncTickTick[post]    69894       3.39      0.000      0.393      0.727
[13:57:39] terLib:MBSubModuleBase.OnApplicationTick[post]    56610       3.36      0.000      0.414      2.438
[13:57:39] temsLivelyAnimationsMissionLogic.OnMissionTick      707       3.23      0.005      0.351      2.596
[13:57:39] alogue:MBSubModuleBase.OnApplicationTick[post]    56610       3.06      0.000      0.435      0.724
[13:57:39] .StaminaSystem.StaminaUIBehavior.OnMissionTick     1414       2.78      0.002      0.015      0.246
[13:57:39] Patch:MBSubModuleBase.AfterAsyncTickTick[post]    69894       2.68      0.000      0.215      0.780
[13:57:39] roperShieldWalls:Mission.MeleeHitCallback[pre]     1827       2.59      0.001      0.007      0.252
[13:57:39] e.MissionBoundaryCrossingHandler.OnMissionTick      707       2.49      0.004      0.008      0.526
[13:57:39] ternativeAttacks:Mission.CreateMeleeBlow[post]     1010       2.41      0.002      0.015      0.868
[13:57:39] sionViews.Order.OrderTroopPlacer.OnMissionTick      707       2.29      0.003      0.626      0.626
[13:57:39] CPatch:MBSubModuleBase.OnApplicationTick[post]    56610       2.18      0.000      0.016      0.694
[13:57:39] onCombatMechanicsHelper.ComputeBlowDamage[pre]      287       2.13      0.007      0.019      1.865
[13:57:39] IComponent.DisablePickUpForAgentIfNeeded[post]     1748       2.02      0.001      0.010      0.442
[13:57:39] PATCH:RBMCombat:Agent.HandleBlow[post]              591       1.95      0.003      0.024      0.478
[13:57:39] aultBattleMissionAgentSpawnLogic.OnMissionTick      707       1.89      0.003      0.028      1.267
[13:57:39] v.Immersive_Battlefields.IB_Core.OnMissionTick      707       1.83      0.003      0.006      5.263
[13:57:39] rrangementOrder.GetShieldDirectionOfUnit[post]    21119       1.81      0.000      0.639      0.664
[13:57:39] CH:BetterPikes:Formation.SetMovementOrder[pre]      234       1.73      0.007      0.026      0.053
[13:57:39] onHandler.TryGetFormationDistanceToCenter[pre]     2121       1.56      0.001      0.005      0.377
[13:57:39] echanicsHelper.GetDefendCollisionResults[post]      605       1.55      0.003      0.010      0.021
[13:57:39] s.RealisticSoundsMissionBehavior.OnMissionTick      707       1.48      0.002      0.007      0.549
[13:57:39] nBoundaryCrossingHandler.TickForMainAgent[pre]      707       1.45      0.002      0.006      0.290
[13:57:39] nicsHelper.DecideWeaponCollisionReaction[post]      680       1.40      0.002      0.395      6.085
[13:57:39] echanicsHelper.GetDefendCollisionResults[post]      605       1.38      0.002      0.018      0.427
[13:57:39] BetterPikes:Formation.SetArrangementOrder[pre]      156       1.33      0.009      0.036      0.104
[13:57:39] culator.CalculateStrikeMagnitudeForThrust[pre]      440       1.29      0.003      0.046      0.046
[13:57:39] ssionGauntletCategoryLoadManager.OnMissionTick      707       1.27      0.002      0.006      0.019
[13:57:39] onGauntletSpectatorControl.OnMissionTick[post]      707       1.27      0.002      0.007      0.349
[13:57:39] TCH:RBMAI:Agent.OnWieldedItemIndexChange[post]     1758       1.14      0.001      0.566      0.566
[13:57:39] eAgentStatCalculateModel.UpdateHumanStats[fin]    21683       1.13      0.000      0.041      1.573
[13:57:39] PATCH:RBMAI:Formation.SetPositioning[pre]          2824       1.03      0.000      0.414      0.414
[13:57:39] lade.BattleObserverMissionLogic.OnAgentRemoved       11       1.01      0.091      0.110      0.148
[13:57:39] ltItemValueModel.CalculateTierMeleeWeapon[pre]      707       0.92      0.001      0.003      0.008
[13:57:39] amageAndBlocksAttackBecauseOfNonEnemyCase[pre]     1172       0.87      0.001      0.005      0.020
[13:57:39] echanicsHelper.GetDefendCollisionResults[post]      605       0.86      0.001      0.006      0.286
[13:57:39] untAndBlade.HighlightsController.OnMissionTick      707       0.86      0.001      0.017      1.026
[13:57:39] icsHelper.CalculateBaseMeleeBlowMagnitude[pre]      490       0.82      0.002      0.007      0.501
[13:57:39] MCombat:CustomBattleAgentLogic.OnAgentHit[pre]      669       0.82      0.001      0.015      1.231
[13:57:39] CH:RTSCamera:Mission.UpdateSceneTimeSpeed[pre]      629       0.81      0.001      0.006      0.015
[13:57:39] MissionBehav.SiegeArcherPoints.OnMissionTick        707       0.81      0.001      0.008      0.014
[13:57:39] egeMorale.SiegeNoRetreatBehavior.OnMissionTick      707       0.78      0.001      0.005      0.247
[13:57:39] ticCombatSounds:Mission.MeleeHitCallback[post]     1827       0.77      0.000      0.017      0.054
[13:57:39] lds.MountAndBlade.BattleEndLogic.OnMissionTick      707       0.76      0.001      0.006      1.165
[13:57:39] echanicsHelper.GetDefendCollisionResults[post]      605       0.74      0.001      0.004      0.004
[13:57:39] ic.DismembermentPlusMissionLogic.OnMissionTick      707       0.74      0.001      0.007      0.494
[13:57:39] H:RBMAI:Agent.UpdateLastAttackAndHitTimes[pre]      439       0.72      0.002      0.008      0.041
[13:57:39] :XorberaxLegacy:Mission.MeleeHitCallback[post]     1827       0.69      0.000      0.006      0.012
[13:57:39] RTSCamera:OrderTroopPlacer.GetScreenPoint[pre]      992       0.68      0.001      0.016      0.412
[13:57:39] .MountAndBlade.AgentVictoryLogic.OnMissionTick      707       0.67      0.001      0.002      0.356
[13:57:39] andSystem:OrderTroopPlacer.OnMissionTick[post]      707       0.67      0.001      0.018      0.125
[13:57:39] lter.Logics.FormationFilterLogic.OnMissionTick      707       0.66      0.001      0.002      0.005
[13:57:39] .MountAndBlade.BannerBearerLogic.OnMissionTick      707       0.66      0.001      0.006      0.009
[13:57:39] nSieges.SiegeLootMissionBehavior.OnMissionTick      707       0.65      0.001      0.005      0.252
[13:57:39] :RTSCamera:CrosshairVM.SetArrowProperties[pre]      629       0.64      0.001      0.006      0.309
[13:57:39] PATCH:RBMAI:LineFormation.RemoveUnit[pre]          1889       0.64      0.000      0.619      0.619
[13:57:39] onGauntletOrderOfBattleUIHandler.OnMissionTick      707       0.64      0.001      0.001      3.856
[13:57:39] :RBMAI:HumanAIComponent.GetFormationFrame[pre]    21943       0.63      0.000      0.008      1.616
[13:57:39] sionLogics.MissionObjectiveLogic.OnMissionTick      707       0.63      0.001      0.001      0.018
[13:57:39] nCombatMechanicsHelper.ComputeBlowDamage[post]      287       0.62      0.002      0.005      0.006
[13:57:39] TCH:Retinues:SubModule.TryRegisterWithMCM[fin]      629       0.61      0.001      0.002      0.002
[13:57:39] terPikes:BehaviorCharge.TickOccasionally[post]       78       0.61      0.008      0.016      0.043
[13:57:39] PATCH:RBMAI:Formation.GetDirectionOfUnit[post]    21948       0.60      0.000      0.036      1.976
[13:57:39] edSiegeMorale.SiegeMoraleTracker.OnMissionTick      707       0.59      0.001      0.001      0.014
[13:57:39] ionBehaviors.MissionLibraryLogic.OnMissionTick      707       0.57      0.001      0.002      0.033
[13:57:39] PATCH:RBMCombat:Mission.MeleeHitCallback[pre]      1827       0.56      0.000      0.008      0.008
[13:57:39] CommandSystem:FacingOrder.GetDirectionAux[pre]     2824       0.54      0.000      0.013      0.447
[13:57:39] PATCH:RBMAI:Mission.OnAgentHit[post]                657       0.54      0.001      0.003      0.020
[13:57:39] tleReinforcementsSpawnController.OnMissionTick      707       0.52      0.001      0.007      0.016
[13:57:39] anicsHelper.DecideWeaponCollisionReaction[pre]      680       0.52      0.001      0.004      0.006
[13:57:39] PATCH:RBMAI:Mission.CreateMeleeBlow[post]          1010       0.51      0.001      0.002      0.003
[13:57:39] PATCH:RBMAI:Agent.OnShieldDamaged[pre]               59       0.48      0.008      0.156      0.511
[13:57:39] l.CanBannerBearerProvideEffectToFormation[pre]      711       0.45      0.001      0.006      0.006
[13:57:39] BMCombat:Mission.DecideAgentHitParticles[post]      680       0.40      0.001      0.005      0.286
[13:57:39] PATCH:BetterPikes:Formation.SetFormOrder[pre]        17       0.39      0.023      0.029      0.338
[13:57:39] CH:RealisticCombatSounds:Agent.HandleBlow[pre]      603       0.31      0.001      0.005      0.005
[13:57:39] nicsHelper.DecideWeaponCollisionReaction[post]      680       0.31      0.000      0.001      0.003
[13:57:39] mbatMechanicsHelper.ComputeBlowMagnitude[post]      398       0.31      0.001      0.002      0.003
[13:57:39] tem:SquareFormation.GetSideOfUnitPosition[pre]     7488       0.29      0.000      0.003      0.441
[13:57:39] PATCH:RBMCombat:Mission.RegisterBlow[pre]           562       0.26      0.000      0.007      0.535
[13:57:39] TroopItemVM.FormationOnOnUnitCountChanged[pre]       26       0.26      0.010      0.047      0.137
[13:57:39] Combat:Mission.GetAttackCollisionResults[post]      398       0.24      0.001      0.002      0.303
[13:57:39] TCH:RBMCombat:Mission.OnAgentShootMissile[pre]       26       0.23      0.009      0.011      0.242
[13:57:39] gic.AgentMoraleInteractionLogic.OnAgentRemoved       11       0.22      0.020      0.028      2.591
[13:57:39] ux:Mission.HandleMissileCollisionReaction[pre]       26       0.16      0.006      0.011      0.785
[13:57:39] es.CinematicChargesMissionLogic.OnAgentRemoved       11       0.11      0.010      0.014      0.863
[13:57:39] PATCH:RBMCombat:ItemModifier.ModifyArmor[pre]       182       0.09      0.000      0.002      0.122
[13:57:39] CH:RBMCombat:Mission.OnAgentShootMissile[post]       52       0.08      0.002      0.003      0.014
[13:57:39] PATCH:RBMAI:BehaviorCharge.GetAiWeight[post]         78       0.07      0.001      0.001      0.003
[13:57:39] PATCH:RBMAI:Formation.SetMovementOrder[pre]         234       0.07      0.000      0.001      0.019
[13:57:39] PATCH:RBMCombat:Agent.WeaponEquipped[pre]            30       0.06      0.002      0.007      2.472
[13:57:39] PATCH:RBMAI:Mission.OnAgentShootMissile[pre]         26       0.05      0.002      0.003      0.006
[13:57:39] sionViews.MissionAgentLabelView.OnAgentRemoved       11       0.04      0.004      0.005      0.013
[13:57:39] ATCH:RBMCombat:Mission.MissileHitCallback[pre]       26       0.03      0.001      0.003      0.006
[13:57:39] ws.Sound.MusicBattleMissionView.OnAgentRemoved       11       0.03      0.003      0.003      0.103
[13:57:39] chanicsHelper.ComputeBlowMagnitudeMissile[pre]       21       0.03      0.001      0.004      0.274
[13:57:39] PATCH:RBMAI:Mission.OnAgentShootMissile[post]        26       0.03      0.001      0.001      0.022
[13:57:39] d.UIExtenderEx:WidgetFactory.IsCustomType[pre]      110       0.03      0.000      0.002      0.006
[13:57:39] TCH:RBMCombat:Mission.MissileHitCallback[post]       26       0.03      0.001      0.001      0.174
[13:57:39] s.MountAndBlade.CasualtyHandler.OnAgentRemoved       11       0.03      0.002      0.003      0.222
[13:57:39] erlord.UIExtenderEx:BrushFactory.GetBrush[pre]       33       0.03      0.001      0.002      1.639
[13:57:39] naSystem.StaminaMissionBehavior.OnAgentRemoved       11       0.02      0.002      0.004      0.004
[13:57:39] H:Bannerlord.UIExtenderEx:ViewModel..ctor[pre]       11       0.02      0.002      0.003      0.080
[13:57:39] ntAndBlade.HighlightsController.OnAgentRemoved       11       0.02      0.002      0.002      0.004
[13:57:39] FrontlineModFork:LineFormation.RemoveUnit[pre]     1889       0.02      0.000      0.002      0.357
[13:57:39] ord.UIExtenderEx:ViewModel.ExecuteCommand[pre]        8       0.02      0.002      0.002      0.002
[13:57:39] PATCH:BattleSizeResized:Agent.Die[pre]               11       0.01      0.001      0.002      0.002
[13:57:39] lade.BattleHighlightsController.OnAgentRemoved       11       0.01      0.001      0.002      0.078
[13:57:39] geMorale.SiegeNoRetreatBehavior.OnAgentRemoved       11       0.01      0.001      0.002      0.003
[13:57:39] Sieges.SiegeLootMissionBehavior.OnAgentRemoved       11       0.01      0.001      0.002      0.002
[13:57:39] MountAndBlade.AgentVictoryLogic.OnAgentRemoved       11       0.01      0.001      0.002      0.002
[13:57:39] ModFork:LineFormation.SwitchUnitLocations[pre]       74       0.01      0.000      0.002      0.003
[13:57:39] System.Logic.CommandSystemLogic.OnAgentRemoved       11       0.01      0.001      0.001      0.120
[13:57:39] amera.View.FlyCameraMissionView.OnAgentRemoved       11       0.01      0.001      0.001      0.002
[13:57:39] AndBlade.CustomBattleAgentLogic.OnAgentRemoved       11       0.01      0.001      0.001      0.046
[13:57:39] auntletMainAgentControlModeView.OnAgentRemoved       11       0.01      0.001      0.001      0.001
[13:57:39] ateMaxMoraleChangeDueToAgentIncapacitated[fin]       11       0.01      0.001      0.001      0.002
[13:57:39] Views.MissionGamepadEffectsView.OnAgentRemoved       11       0.01      0.001      0.001      0.001
[13:57:39] nGauntletMainAgentEquipDropView.OnAgentRemoved       11       0.01      0.001      0.001      0.002
[13:57:39] PATCH:RBMAI:Agent.SetFiringOrder[pre]                11       0.01      0.001      0.001      0.002
[13:57:39] ineMod.FrontlineCleanupBehavior.OnAgentRemoved       11       0.01      0.001      0.001      0.061
[13:57:39] MountAndBlade.BannerBearerLogic.OnAgentRemoved       11       0.01      0.001      0.001      0.001
[13:57:39] gic.ApplyMoraleEffectOnAgentIncapacitated[pre]       11       0.01      0.001      0.001      0.002
[13:57:39] iews.MissionMainAgentController.OnAgentRemoved       11       0.01      0.001      0.001      0.002
[13:57:39] .RTSCamera.Logic.RTSCameraLogic.OnAgentRemoved       11       0.01      0.001      0.001      0.750
[13:57:39] ds.MountAndBlade.BattleEndLogic.OnAgentRemoved       11       0.01      0.001      0.001      0.001
[13:57:39] H:RBMAI:LineFormation.SwitchUnitLocations[pre]       74       0.01      0.000      0.001      0.002
[13:57:39] .MissionBoundaryCrossingHandler.OnAgentRemoved       11       0.01      0.001      0.001      0.237
[13:57:39] StatusBar.UnitStatusMissionView.OnAgentRemoved       11       0.01      0.001      0.001      0.218
[13:57:39] :TacticCoordinatedRetreat.GetTacticWeight[pre]        6       0.01      0.001      0.002      0.002
[13:57:39] AI:TacticFullScaleAttack.GetTacticWeight[post]        6       0.01      0.001      0.002      0.003
[13:57:39] enderEx:WidgetFactory.CreateBuiltinWidget[pre]      110       0.01      0.000      0.001      0.004
[13:57:39] DefensiveLine.IsTacticalPositionEligible[post]       42       0.00      0.000      0.001      0.003
[13:57:39] ttleSizeResized:GameTextManager.FindText[post]        1       0.00      0.002      0.002      0.008
[13:57:39] ame:EquipmentElement.GetModifiedItemName[post]        1       0.00      0.001      0.001      0.002
[13:57:39] === END REPORT ===
[13:57:39] === PER-MOD TOTALS (this window, ms — overlapping/nested, not additive) ===
[13:57:39]       14527.83  RTSCamera.CommandSystem
[13:57:39]       13546.96  FrontlineModFork
[13:57:39]        5421.18  RBMAI
[13:57:39]        2885.68  (engine/unattributed)
[13:57:39]         690.23  ArtemsCinematicCombat
[13:57:39]         661.27  RBM
[13:57:39]         292.24  AIKickNBashFork
[13:57:39]         113.97  BetterPikes
[13:57:39]          98.33  RBMCombat
[13:57:39]          73.86  StaminaSystem
[13:57:39]          36.24  RealisticWeather
[13:57:39]          32.54  BreakablePolearms
[13:57:39]          18.59  RTSCamera
[13:57:39]          17.28  ArtemsCinematicCharges
[13:57:39]          12.26  Bannerlord.ButterLib
[13:57:39]          10.82  Bannerlord.MBOptionScreen
[13:57:39]           9.88  BattleOrderTweaks
[13:57:39]           8.70  ProperShieldWalls
[13:57:39]           8.54  Bannerlord.Diplomacy
[13:57:39]           6.91  AIKickNBash
[13:57:39]           6.44  MBFastDialogue
[13:57:39]           6.25  RealisticCombatSounds
[13:57:39]           6.22  zzzUniversalPatch
[13:57:39]           5.95  Bannerlord.DiplomacyNavalDLCPatch
[13:57:39]           4.94  CinematicCombatMasterstrikeLogic
[13:57:39]           4.22  Retinues
[13:57:39]           3.23  ArtemsLivelyAnimations
[13:57:39]           2.96  XorberaxLegacy
[13:57:39]           2.69  StaminaSystemFork
[13:57:39]           2.41  Bannerlord.UsefulAlternativeAttacks
[13:57:39]           2.02  PickupMeleeWeapons
[13:57:39]           1.83  Immersive_Battlefields
[13:57:39]           1.39  EnhancedSiegeMorale
[13:57:39]           1.38  UnblockableThrust
[13:57:39]           0.86  RealisticCombatAdjustments
[13:57:39]           0.81  SiegeArcherPoints
[13:57:39]           0.74  DismembermentPlus
[13:57:39]           0.67  LootBetweenSieges
[13:57:39]           0.66  FormationFilter
[13:57:39]           0.57  MissionSharedLibrary
[13:57:39]           0.16  NoMoreStuckProjectilesRedux
[13:57:39]           0.09  Bannerlord.UIExtenderEx
[13:57:39]           0.02  BattleSizeResized
[13:57:39]           0.01  FrontlineMod
[13:57:39]           0.00  BetterSmithingContinued.MainFrame
[13:57:39] === END PER-MOD TOTALS ===
[13:57:49] === PERFORMANCE REPORT ===
[13:57:49] Method                                            Calls  Total(ms)    Avg(ms)    Max(ms) SessMax(ms)
[13:57:49] --------------------------------------------------------------------------------------------------
[13:57:49] et_CalculateHasSignificantNumberOfMounted[pre] 22982412   40694.13      0.002      4.874      9.740
[13:57:49] odFork:HumanAIComponent.GetFormationFrame[pre]    83171   36215.33      0.435     20.983     35.245
[13:57:49] Mission.Frame(all)                                  649    3258.74      5.021     23.112     37.204
[13:57:49] tatCalculateModel.SetAiRelatedProperties[post]    18183    1564.96      0.086      3.035      4.903
[13:57:49] eModFork:Formation.GetOrderPositionOfUnit[pre]    83155    1024.09      0.012      3.618      4.380
[13:57:49] icCombat.CCShieldTauntTroopsData.OnMissionTick      649     498.45      0.768      1.294      3.870
[13:57:49] omponent.ParallelUpdateFormationMovement[post]    83174     396.21      0.005      2.799      6.535
[13:57:49] tStatusBar.UnitStatusMissionView.OnMissionTick      649     324.01      0.499      1.323     53.810
[13:57:49] PATCH:AIKickNBashFork:Agent.OnAIInputSet[post]   296046     251.84      0.001      0.493      3.704
[13:57:49] RBMCombat:Agent.OnWieldedItemIndexChange[post]     6134     142.00      0.023      0.326      0.644
[13:57:49] Pikes.BetterPikesMissionBehavior.OnMissionTick      649      90.15      0.139      0.438      1.342
[13:57:49] mbat.CinematicCombatMissionLogic.OnMissionTick      649      84.70      0.131      2.940     26.632
[13:57:49] inaSystem.StaminaMissionBehavior.OnMissionTick      649      60.88      0.094      0.229      3.345
[13:57:49] PATCH:RBMAI:HumanAIComponent.OnTick[post]        348248      56.33      0.000      0.396      1.787
[13:57:49] PATCH:RBMAI:Agent.IsInWater[pre]                 355202      47.77      0.000      1.377      1.830
[13:57:49] PATCH:RBMAI:Agent.UpdateFormationOrders[pre]      81818      37.14      0.000      0.220      0.657
[13:57:49] AgentStatCalculateModel.UpdateHumanStats[post]    18183      24.62      0.001      0.019      1.370
[13:57:49] .CommandSystem:Formation.ReapplyFormOrder[pre]       62      24.61      0.397      7.514     22.781
[13:57:49] mera.CommandSystem:Formation.SetFormOrder[pre]       62      23.16      0.374      7.486     22.749
[13:57:49] CH:RBMAI:Formation.GetOrderPositionOfUnit[pre]    45437      22.62      0.000      1.238      1.568
[13:57:49] BreakablePolearmsMissionBehavior.OnMissionTick      649      21.00      0.032      0.062      0.568
[13:57:49] TCH:RBMAI:Formation.ApplyActionOnEachUnit[pre]      936      19.13      0.020      2.613      7.282
[13:57:49] H:RBMAI:HumanAIComponent.AdjustSpeedLimit[pre]    83174      18.64      0.000      1.172      1.711
[13:57:49] manAIComponent.GetDesiredSpeedInFormation[pre]    83159      16.65      0.000      1.152      2.048
[13:57:49] temsLivelyAnimationsMissionLogic.OnMissionTick      649      15.97      0.025      3.261      3.261
[13:57:49] BMAI:BehaviorCharge.CalculateCurrentOrder[pre]      390      14.28      0.037      0.091      5.662
[13:57:49] NBash.AIKickNBashMissionBehavior.OnMissionTick      649      11.92      0.018      0.275      1.630
[13:57:49] tatCalculateModel.SetAiRelatedProperties[post]    18183       8.98      0.000      1.527      1.767
[13:57:49] ation.SwitchUnitLocationsWithBackMostUnit[pre]     5337       8.28      0.002      0.364      0.364
[13:57:49] m:SquareFormation.GetLocalDirectionOfUnit[pre]    40448       8.11      0.000      0.960      1.667
[13:57:49] .MissionGauntletSpectatorControl.OnMissionTick      649       7.70      0.012      0.026      0.365
[13:57:49] rderTweaks.VolleyMissionBehavior.OnMissionTick      649       7.32      0.011      0.030      4.498
[13:57:49] at:Mission.HandleMissileCollisionReaction[pre]       44       7.21      0.164      0.244     11.719
[13:57:49] lineModFork:Formation.GetDirectionOfUnit[post]    40521       7.18      0.000      1.253      1.435
[13:57:49] CombatSounds:BlowWeaponRecord.GetHitSound[pre]     2147       6.95      0.003      0.301      0.545
[13:57:49] ehaviours.ShieldRotationBehavior.OnMissionTick      649       5.73      0.009      0.114      3.236
[13:57:49] ternativeAttacks:Mission.CreateMeleeBlow[post]     3393       5.52      0.002      1.246      1.246
[13:57:49] creen:MBSubModuleBase.AfterAsyncTickTick[post]    64251       5.06      0.000      0.257      0.640
[13:57:49] PATCH:RBMCombat:Mission.CreateMeleeBlow[post]     10179       4.93      0.000      0.028      0.561
[13:57:49] lade.BattleObserverMissionLogic.OnAgentRemoved       54       4.81      0.089      0.495      0.495
[13:57:49] roperShieldWalls:Mission.MeleeHitCallback[pre]     5840       4.64      0.001      0.244      0.252
[13:57:49] IComponent.DisablePickUpForAgentIfNeeded[post]     6077       4.58      0.001      0.069      0.442
[13:57:49] CH:BetterPikes:Formation.SetMovementOrder[pre]      585       4.17      0.007      0.019      0.053
[13:57:49] echanicsHelper.GetDefendCollisionResults[post]     1831       3.91      0.002      0.009      0.021
[13:57:49] stem:OrderTroopPlacer.OnMissionScreenTick[pre]       93       3.83      0.041      0.068     38.336
[13:57:49] ssionViews.MissionAgentLabelView.OnMissionTick      649       3.80      0.006      0.024      1.251
[13:57:49] PATCH:RBMCombat:Agent.HandleBlow[post]             2125       3.75      0.002      0.018      0.478
[13:57:49] sCinematicCharges.SprintBehavior.OnMissionTick      649       3.72      0.006      0.018      0.979
[13:57:49] culator.CalculateStrikeMagnitudeForThrust[pre]     1444       3.63      0.003      0.019      0.046
[13:57:49] CinematicCombatMasterstrikeLogic.OnMissionTick      649       3.60      0.006      0.014      0.797
[13:57:49] echanicsHelper.GetDefendCollisionResults[post]     1831       3.60      0.002      0.007      0.427
[13:57:49] .StaminaSystem.StaminaUIBehavior.OnMissionTick     1298       3.54      0.003      0.039      0.246
[13:57:49] onCombatMechanicsHelper.ComputeBlowDamage[pre]     1058       3.50      0.003      0.034      1.865
[13:57:49] andSystem:OrderTroopPlacer.GetCursorState[pre]       93       3.49      0.038      0.063      1.709
[13:57:49] omacy:MBSubModuleBase.AfterAsyncTickTick[post]    64251       3.31      0.000      0.262      0.735
[13:57:49] :RBMAI:HumanAIComponent.GetFormationFrame[pre]    40452       3.28      0.000      1.238      1.616
[13:57:49] erLib:MBSubModuleBase.AfterAsyncTickTick[post]    64251       3.27      0.000      0.217      7.673
[13:57:49] BetterPikes:Formation.SetArrangementOrder[pre]      390       3.12      0.008      0.032      0.104
[13:57:49] PATCH:RBMCombat:Mission.RegisterBlow[pre]          2045       3.04      0.001      2.993      2.993
[13:57:49] tinues:FormationQuerySystem.get_MainClass[pre]     4759       2.92      0.001      0.036      0.601
[13:57:49] Patch:MBSubModuleBase.AfterAsyncTickTick[post]    64251       2.85      0.000      0.259      0.780
[13:57:49] Patch:MBSubModuleBase.AfterAsyncTickTick[post]    64251       2.76      0.000      0.252      0.691
[13:57:49] PATCH:RBMAI:Formation.GetDirectionOfUnit[post]    40521       2.76      0.000      1.051      1.976
[13:57:49] v.RTSCamera.Logic.RTSCameraLogic.OnMissionTick      649       2.49      0.004      0.011     11.233
[13:57:49] logue:MBSubModuleBase.AfterAsyncTickTick[post]    64251       2.36      0.000      0.233      0.727
[13:57:49] ges.CinematicChargesMissionLogic.OnMissionTick      649       2.18      0.003      0.012      4.389
[13:57:49] echanicsHelper.GetDefendCollisionResults[post]     1831       2.16      0.001      0.251      0.286
[13:57:49] .MountAndBlade.BannerBearerLogic.OnMissionTick      649       1.98      0.003      1.740      1.740
[13:57:49] echanicsHelper.GetDefendCollisionResults[post]     1831       1.86      0.001      0.040      0.040
[13:57:49] e.MissionBoundaryCrossingHandler.OnMissionTick      649       1.72      0.003      0.219      0.526
[13:57:49] icsHelper.CalculateBaseMeleeBlowMagnitude[pre]     1721       1.69      0.001      0.006      0.501
[13:57:49] nicsHelper.DecideWeaponCollisionReaction[post]     2458       1.66      0.001      0.213      6.085
[13:57:49] MCombat:CustomBattleAgentLogic.OnAgentHit[pre]     2132       1.62      0.001      0.008      1.231
[13:57:49] H:RBMAI:Agent.UpdateLastAttackAndHitTimes[pre]     1535       1.57      0.001      0.006      0.041
[13:57:49] terPikes:BehaviorCharge.TickOccasionally[post]      195       1.47      0.008      0.015      0.043
[13:57:49] l.CanBannerBearerProvideEffectToFormation[pre]     1544       1.38      0.001      0.754      0.754
[13:57:49] nCombatMechanicsHelper.ComputeBlowDamage[post]     1058       1.36      0.001      0.004      0.006
[13:57:49] PATCH:BetterPikes:Formation.SetFormOrder[pre]        62       1.36      0.022      0.042      0.338
[13:57:49] amageAndBlocksAttackBecauseOfNonEnemyCase[pre]     4203       1.32      0.000      0.380      0.380
[13:57:49] onHandler.TryGetFormationDistanceToCenter[pre]     1947       1.30      0.001      0.004      0.377
[13:57:49] PATCH:RBMAI:Mission.OnAgentHit[post]               2110       1.10      0.001      0.019      0.020
[13:57:49] rrangementOrder.GetShieldDirectionOfUnit[post]    39201       1.08      0.000      0.387      0.664
[13:57:49] aultBattleMissionAgentSpawnLogic.OnMissionTick      649       1.05      0.002      0.003      1.267
[13:57:49] TroopItemVM.FormationOnOnUnitCountChanged[pre]       84       1.03      0.012      0.051      0.137
[13:57:49] nBoundaryCrossingHandler.TickForMainAgent[pre]      649       1.00      0.002      0.004      0.290
[13:57:49] gic.AgentMoraleInteractionLogic.OnAgentRemoved       54       1.00      0.019      0.028      2.591
[13:57:49] anicsHelper.DecideWeaponCollisionReaction[pre]     2458       0.99      0.000      0.005      0.006
[13:57:49] .ButterLib:MBSubModuleBase.OnNetworkTick[post]     8742       0.82      0.000      0.364      3.333
[13:57:49] sionViews.Order.OrderTroopPlacer.OnMissionTick      649       0.81      0.001      0.003      0.626
[13:57:49] nicsHelper.DecideWeaponCollisionReaction[post]     2458       0.77      0.000      0.331      0.331
[13:57:49] v.Immersive_Battlefields.IB_Core.OnMissionTick      649       0.74      0.001      0.003      5.263
[13:57:49] onGauntletSpectatorControl.OnMissionTick[post]      649       0.71      0.001      0.007      0.349
[13:57:49] Screen:MBSubModuleBase.OnApplicationTick[post]     8370       0.71      0.000      0.259      2.446
[13:57:49] lds.MountAndBlade.BattleEndLogic.OnMissionTick      649       0.71      0.001      0.004      1.165
[13:57:49] ssionGauntletCategoryLoadManager.OnMissionTick      649       0.69      0.001      0.002      0.019
[13:57:49] :XorberaxLegacy:Mission.MeleeHitCallback[post]     5840       0.69      0.000      0.005      0.012
[13:57:49] ticCombatSounds:Mission.MeleeHitCallback[post]     5840       0.67      0.000      0.012      0.054
[13:57:49] ltItemValueModel.CalculateTierMeleeWeapon[pre]      649       0.67      0.001      0.008      0.008
[13:57:49] s.RealisticSoundsMissionBehavior.OnMissionTick      649       0.64      0.001      0.003      0.549
[13:57:49] BMCombat:Mission.DecideAgentHitParticles[post]     2458       0.60      0.000      0.002      0.286
[13:57:49] PATCH:RBMAI:Agent.OnShieldDamaged[pre]              188       0.59      0.003      0.142      0.511
[13:57:49] mbatMechanicsHelper.ComputeBlowMagnitude[post]     1410       0.57      0.000      0.001      0.003
[13:57:49] PATCH:RBMCombat:Mission.MeleeHitCallback[pre]      5840       0.56      0.000      0.274      0.274
[13:57:49] MissionBehav.SiegeArcherPoints.OnMissionTick        649       0.53      0.001      0.002      0.014
[13:57:49] tem:SquareFormation.GetSideOfUnitPosition[pre]     5968       0.53      0.000      0.007      0.441
[13:57:49] untAndBlade.HighlightsController.OnMissionTick      649       0.47      0.001      0.002      1.026
[13:57:49] PATCH:RBMCombat:Agent.WeaponEquipped[pre]           193       0.46      0.002      0.013      2.472
[13:57:49] ic.DismembermentPlusMissionLogic.OnMissionTick      649       0.45      0.001      0.002      0.494
[13:57:49] egeMorale.SiegeNoRetreatBehavior.OnMissionTick      649       0.44      0.001      0.002      0.247
[13:57:49] lPatch:MBSubModuleBase.OnApplicationTick[post]     8370       0.40      0.000      0.010      2.948
[13:57:49] ws.Sound.MusicBattleMissionView.OnAgentRemoved       54       0.39      0.007      0.247      0.247
[13:57:49] es.CinematicChargesMissionLogic.OnAgentRemoved       54       0.38      0.007      0.008      0.863
[13:57:49] PATCH:RBMAI:Formation.SetPositioning[pre]          2596       0.36      0.000      0.246      0.414
[13:57:49] TCH:RBMCombat:Mission.OnAgentShootMissile[pre]       44       0.36      0.008      0.015      0.242
[13:57:49] PATCH:RBMAI:Mission.CreateMeleeBlow[post]          3393       0.32      0.000      0.002      0.003
[13:57:49] eAgentStatCalculateModel.UpdateHumanStats[fin]    18183       0.29      0.000      0.009      1.573
[13:57:49] lter.Logics.FormationFilterLogic.OnMissionTick      649       0.29      0.000      0.001      0.005
[13:57:49] .MountAndBlade.AgentVictoryLogic.OnMissionTick      649       0.28      0.000      0.001      0.356
[13:57:49] terLib:MBSubModuleBase.OnApplicationTick[post]     8370       0.25      0.000      0.013      2.438
[13:57:49] ux:Mission.HandleMissileCollisionReaction[pre]       44       0.23      0.005      0.010      0.785
[13:57:49] nSieges.SiegeLootMissionBehavior.OnMissionTick      649       0.23      0.000      0.007      0.252
[13:57:49] PATCH:RBMCombat:ItemModifier.ModifyArmor[pre]       569       0.23      0.000      0.003      0.122
[13:57:49] lomacy:MBSubModuleBase.OnApplicationTick[post]     8370       0.22      0.000      0.006      0.928
[13:57:49] andSystem:OrderTroopPlacer.OnMissionTick[post]      649       0.22      0.000      0.001      0.125
[13:57:49] CPatch:MBSubModuleBase.OnApplicationTick[post]     8370       0.21      0.000      0.006      0.694
[13:57:49] CH:RTSCamera:Mission.UpdateSceneTimeSpeed[pre]       93       0.21      0.002      0.006      0.015
[13:57:49] TCH:RBMAI:Agent.OnWieldedItemIndexChange[post]     6134       0.17      0.000      0.005      0.566
[13:57:49] sionViews.MissionAgentLabelView.OnAgentRemoved       54       0.16      0.003      0.005      0.013
[13:57:49] onGauntletOrderOfBattleUIHandler.OnMissionTick      649       0.15      0.000      0.001      3.856
[13:57:49] alogue:MBSubModuleBase.OnApplicationTick[post]     8370       0.13      0.000      0.002      0.724
[13:57:49] CH:RBMCombat:Mission.OnAgentShootMissile[post]       88       0.13      0.001      0.002      0.014
[13:57:49] sionLogics.MissionObjectiveLogic.OnMissionTick      649       0.12      0.000      0.001      0.018
[13:57:49] FrontlineModFork:LineFormation.RemoveUnit[pre]     2548       0.12      0.000      0.002      0.357
[13:57:49] PATCH:RBMAI:BehaviorCharge.GetAiWeight[post]        195       0.12      0.001      0.002      0.003
[13:57:49] CommandSystem:FacingOrder.GetDirectionAux[pre]     2596       0.12      0.000      0.002      0.447
[13:57:49] PATCH:RBMAI:Formation.SetMovementOrder[pre]         585       0.12      0.000      0.001      0.019
[13:57:49] erlord.UIExtenderEx:BrushFactory.GetBrush[pre]      162       0.11      0.001      0.002      1.639
[13:57:49] Combat:Mission.GetAttackCollisionResults[post]     1410       0.11      0.000      0.001      0.303
[13:57:49] s.MountAndBlade.CasualtyHandler.OnAgentRemoved       54       0.11      0.002      0.003      0.222
[13:57:49] CH:RealisticCombatSounds:Agent.HandleBlow[pre]     2147       0.11      0.000      0.003      0.005
[13:57:49] RTSCamera:OrderTroopPlacer.GetScreenPoint[pre]      186       0.10      0.001      0.005      0.412
[13:57:49] d.UIExtenderEx:WidgetFactory.IsCustomType[pre]      540       0.10      0.000      0.002      0.006
[13:57:49] :RTSCamera:CrosshairVM.SetArrowProperties[pre]       93       0.09      0.001      0.001      0.309
[13:57:49] TCH:Retinues:SubModule.TryRegisterWithMCM[fin]       93       0.09      0.001      0.001      0.002
[13:57:49] naSystem.StaminaMissionBehavior.OnAgentRemoved       54       0.09      0.002      0.003      0.004
[13:57:49] PATCH:RBMAI:Mission.OnAgentShootMissile[pre]         44       0.08      0.002      0.003      0.006
[13:57:49] ntAndBlade.HighlightsController.OnAgentRemoved       54       0.07      0.001      0.003      0.004
[13:57:49] H:Bannerlord.UIExtenderEx:ViewModel..ctor[pre]       54       0.07      0.001      0.002      0.080
[13:57:49] PATCH:RBMAI:LineFormation.RemoveUnit[pre]          2548       0.07      0.000      0.003      0.619
[13:57:49] ord.UIExtenderEx:ViewModel.ExecuteCommand[pre]       34       0.06      0.002      0.002      0.002
[13:57:49] tleReinforcementsSpawnController.OnMissionTick      649       0.06      0.000      0.001      0.016
[13:57:49] ModFork:LineFormation.SwitchUnitLocations[pre]      234       0.06      0.000      0.001      0.003
[13:57:49] PATCH:BattleSizeResized:Agent.Die[pre]               54       0.06      0.001      0.002      0.002
[13:57:49] iews.MissionMainAgentController.OnAgentRemoved       54       0.06      0.001      0.002      0.002
[13:57:49] ionBehaviors.MissionLibraryLogic.OnMissionTick      649       0.06      0.000      0.001      0.033
[13:57:49] lade.BattleHighlightsController.OnAgentRemoved       54       0.06      0.001      0.002      0.078
[13:57:49] H:RBMAI:LineFormation.SwitchUnitLocations[pre]      234       0.05      0.000      0.001      0.002
[13:57:49] ATCH:RBMCombat:Mission.MissileHitCallback[pre]       44       0.05      0.001      0.003      0.006
[13:57:49] ineMod.FrontlineCleanupBehavior.OnAgentRemoved       54       0.05      0.001      0.001      0.061
[13:57:49] MountAndBlade.AgentVictoryLogic.OnAgentRemoved       54       0.05      0.001      0.001      0.002
[13:57:49] .RTSCamera.Logic.RTSCameraLogic.OnAgentRemoved       54       0.05      0.001      0.001      0.750
[13:57:49] gic.ApplyMoraleEffectOnAgentIncapacitated[pre]       54       0.05      0.001      0.001      0.002
[13:57:49] geMorale.SiegeNoRetreatBehavior.OnAgentRemoved       54       0.05      0.001      0.001      0.003
[13:57:49] amera.View.FlyCameraMissionView.OnAgentRemoved       54       0.05      0.001      0.001      0.002
[13:57:49] PATCH:RBMAI:Agent.SetFiringOrder[pre]                54       0.05      0.001      0.001      0.002
[13:57:49] System.Logic.CommandSystemLogic.OnAgentRemoved       54       0.05      0.001      0.001      0.120
[13:57:49] auntletMainAgentControlModeView.OnAgentRemoved       54       0.05      0.001      0.001      0.001
[13:57:49] nGauntletMainAgentEquipDropView.OnAgentRemoved       54       0.05      0.001      0.001      0.002
[13:57:49] Views.MissionGamepadEffectsView.OnAgentRemoved       54       0.05      0.001      0.001      0.001
[13:57:49] TCH:RBMCombat:Mission.MissileHitCallback[post]       44       0.05      0.001      0.002      0.174
[13:57:49] PATCH:RBMAI:Mission.OnAgentShootMissile[post]        44       0.05      0.001      0.002      0.022
[13:57:49] AndBlade.CustomBattleAgentLogic.OnAgentRemoved       54       0.04      0.001      0.001      0.046
[13:57:49] edSiegeMorale.SiegeMoraleTracker.OnMissionTick      649       0.04      0.000      0.001      0.014
[13:57:49] ateMaxMoraleChangeDueToAgentIncapacitated[fin]       54       0.04      0.001      0.001      0.002
[13:57:49] Sieges.SiegeLootMissionBehavior.OnAgentRemoved       54       0.04      0.001      0.001      0.002
[13:57:49] StatusBar.UnitStatusMissionView.OnAgentRemoved       54       0.04      0.001      0.001      0.218
[13:57:49] MountAndBlade.BannerBearerLogic.OnAgentRemoved       54       0.03      0.001      0.001      0.001
[13:57:49] chanicsHelper.ComputeBlowMagnitudeMissile[pre]       29       0.03      0.001      0.002      0.274
[13:57:49] .MissionBoundaryCrossingHandler.OnAgentRemoved       54       0.03      0.000      0.001      0.237
[13:57:49] enderEx:WidgetFactory.CreateBuiltinWidget[pre]      540       0.02      0.000      0.001      0.004
[13:57:49] ame:EquipmentElement.GetModifiedItemName[post]       17       0.02      0.001      0.001      0.002
[13:57:49] AI:TacticFullScaleAttack.GetTacticWeight[post]       13       0.01      0.001      0.001      0.003
[13:57:49] :TacticCoordinatedRetreat.GetTacticWeight[pre]       13       0.01      0.001      0.001      0.002
[13:57:49] ds.MountAndBlade.BattleEndLogic.OnAgentRemoved       54       0.01      0.000      0.001      0.001
[13:57:49] DefensiveLine.IsTacticalPositionEligible[post]       84       0.01      0.000      0.001      0.003
[13:57:49] === END REPORT ===
[13:57:49] === PER-MOD TOTALS (this window, ms — overlapping/nested, not additive) ===
[13:57:49]       40774.83  RTSCamera.CommandSystem
[13:57:49]       37246.77  FrontlineModFork
[13:57:49]        3285.23  (engine/unattributed)
[13:57:49]        2188.91  RBMAI
[13:57:49]         583.14  ArtemsCinematicCombat
[13:57:49]         324.05  RBM
[13:57:49]         251.84  AIKickNBashFork
[13:57:49]         184.34  RBMCombat
[13:57:49]         100.83  BetterPikes
[13:57:49]          64.51  StaminaSystem
[13:57:49]          24.91  RealisticWeather
[13:57:49]          21.00  BreakablePolearms
[13:57:49]          16.73  RTSCamera
[13:57:49]          15.97  ArtemsLivelyAnimations
[13:57:49]          12.23  ProperShieldWalls
[13:57:49]          11.92  AIKickNBash
[13:57:49]           8.37  RealisticCombatSounds
[13:57:49]           7.32  BattleOrderTweaks
[13:57:49]           6.31  StaminaSystemFork
[13:57:49]           6.28  ArtemsCinematicCharges
[13:57:49]           5.77  Bannerlord.MBOptionScreen
[13:57:49]           5.52  Bannerlord.UsefulAlternativeAttacks
[13:57:49]           4.58  PickupMeleeWeapons
[13:57:49]           4.34  Bannerlord.ButterLib
[13:57:49]           3.67  XorberaxLegacy
[13:57:49]           3.60  CinematicCombatMasterstrikeLogic
[13:57:49]           3.60  UnblockableThrust
[13:57:49]           3.53  Bannerlord.Diplomacy
[13:57:49]           3.26  zzzUniversalPatch
[13:57:49]           3.02  Retinues
[13:57:49]           2.98  Bannerlord.DiplomacyNavalDLCPatch
[13:57:49]           2.49  MBFastDialogue
[13:57:49]           2.16  RealisticCombatAdjustments
[13:57:49]           0.74  Immersive_Battlefields
[13:57:49]           0.53  EnhancedSiegeMorale
[13:57:49]           0.53  SiegeArcherPoints
[13:57:49]           0.45  DismembermentPlus
[13:57:49]           0.36  Bannerlord.UIExtenderEx
[13:57:49]           0.29  FormationFilter
[13:57:49]           0.27  LootBetweenSieges
[13:57:49]           0.23  NoMoreStuckProjectilesRedux
[13:57:49]           0.06  BattleSizeResized
[13:57:49]           0.06  MissionSharedLibrary
[13:57:49]           0.05  FrontlineMod
[13:57:49]           0.02  BetterSmithingContinued.MainFrame
[13:57:49] === END PER-MOD TOTALS ===
[13:57:55] SLOW MISSIONBEH MissionBehav.ArtemsCinematicCombat.CinematicCombatMissionLogic.OnMissionTick 12.8ms
[13:57:57] SLOW MISSIONBEH MissionBehav.ArtemsCinematicCombat.CinematicCombatMissionLogic.OnMissionTick 6.9ms
[13:57:59] === PERFORMANCE REPORT ===
[13:57:59] Method                                            Calls  Total(ms)    Avg(ms)    Max(ms) SessMax(ms)
[13:57:59] --------------------------------------------------------------------------------------------------
[13:57:59] odFork:HumanAIComponent.GetFormationFrame[pre]    66131   37990.64      0.574     19.062     35.245
[13:57:59] et_CalculateHasSignificantNumberOfMounted[pre] 17308422   29576.29      0.002      7.046      9.740
[13:57:59] Mission.Frame(all)                                  721    3368.73      4.672     20.867     37.204
[13:57:59] tatCalculateModel.SetAiRelatedProperties[post]    18763    1840.46      0.098      3.937      4.903
[13:57:59] eModFork:Formation.GetOrderPositionOfUnit[pre]    82179    1095.84      0.013      3.309      4.380
[13:57:59] icCombat.CCShieldTauntTroopsData.OnMissionTick      721     467.83      0.649      2.469      3.870
[13:57:59] tStatusBar.UnitStatusMissionView.OnMissionTick      721     369.04      0.512      1.267     53.810
[13:57:59] PATCH:AIKickNBashFork:Agent.OnAIInputSet[post]   275279     254.26      0.001      0.604      3.704
[13:57:59] RBMCombat:Agent.OnWieldedItemIndexChange[post]     5980     146.03      0.024      0.419      0.644
[13:57:59] mbat.CinematicCombatMissionLogic.OnMissionTick      721     126.41      0.175     12.776     26.632
[13:57:59] Pikes.BetterPikesMissionBehavior.OnMissionTick      721      93.95      0.130      0.482      1.342
[13:57:59] inaSystem.StaminaMissionBehavior.OnMissionTick      721      70.18      0.097      0.238      3.345
[13:57:59] PATCH:RBMAI:Agent.IsInWater[pre]                 347710      59.54      0.000      1.435      1.830
[13:57:59] PATCH:RBMAI:HumanAIComponent.OnTick[post]        342034      47.30      0.000      2.458      2.458
[13:57:59] stem:OrderTroopPlacer.OnMissionScreenTick[pre]      239      46.15      0.193      3.542     38.336
[13:57:59] PATCH:RBMAI:Agent.UpdateFormationOrders[pre]      65203      46.10      0.001      0.278      0.657
[13:57:59] omponent.ParallelUpdateFormationMovement[post]    66131      35.03      0.001      1.310      6.535
[13:57:59] AgentStatCalculateModel.UpdateHumanStats[post]    18763      25.91      0.001      0.021      1.370
[13:57:59] BreakablePolearmsMissionBehavior.OnMissionTick      721      25.27      0.035      0.070      0.568
[13:57:59] TCH:RBMAI:Formation.ApplyActionOnEachUnit[pre]      823      23.29      0.028      7.697      7.697
[13:57:59] H:RBMAI:HumanAIComponent.AdjustSpeedLimit[pre]    66131      18.85      0.000      1.220      1.711
[13:57:59] manAIComponent.GetDesiredSpeedInFormation[pre]    66131      17.53      0.000      0.987      2.048
[13:57:59] .CommandSystem:Formation.ReapplyFormOrder[pre]       76      12.93      0.170      5.918     22.781
[13:57:59] CH:RBMAI:Formation.GetOrderPositionOfUnit[pre]    26931      12.60      0.000      0.702      1.568
[13:57:59] temsLivelyAnimationsMissionLogic.OnMissionTick      721      12.15      0.017      0.390      3.261
[13:57:59] mera.CommandSystem:Formation.SetFormOrder[pre]       77      11.72      0.152      5.891     22.749
[13:57:59] er.UpdateFormationDrawingForMovementOrder[pre]        7      11.71      1.673      3.474     37.555
[13:57:59] tatCalculateModel.SetAiRelatedProperties[post]    18763      11.42      0.001      1.296      1.767
[13:57:59] BMAI:BehaviorCharge.CalculateCurrentOrder[pre]      350      11.42      0.033      0.108      5.662
[13:57:59] ndSystem:MissionOrderVM.PopulateOrderSets[pre]        2      10.71      5.356      5.424     12.513
[13:57:59] .MissionGauntletSpectatorControl.OnMissionTick      721       8.98      0.012      0.033      0.365
[13:57:59] CinematicCombatMasterstrikeLogic.OnMissionTick      721       8.78      0.012      0.877      0.877
[13:57:59] NBash.AIKickNBashMissionBehavior.OnMissionTick      721       8.73      0.012      0.241      1.630
[13:57:59] rderTweaks.VolleyMissionBehavior.OnMissionTick      721       8.00      0.011      0.027      4.498
[13:57:59] andSystem:OrderTroopPlacer.GetCursorState[pre]      251       7.35      0.029      0.053      1.709
[13:57:59] sCinematicCharges.SprintBehavior.OnMissionTick      721       6.57      0.009      0.021      0.979
[13:57:59] creen:MBSubModuleBase.AfterAsyncTickTick[post]    71478       5.81      0.000      0.433      0.640
[13:57:59] CombatSounds:BlowWeaponRecord.GetHitSound[pre]     1794       5.76      0.003      0.016      0.545
[13:57:59] lade.BattleObserverMissionLogic.OnAgentRemoved       70       5.64      0.081      0.122      0.495
[13:57:59] ehaviours.ShieldRotationBehavior.OnMissionTick      721       5.16      0.007      0.118      3.236
[13:57:59] ssionViews.MissionAgentLabelView.OnMissionTick      721       5.12      0.007      0.357      1.251
[13:57:59] s:OrderTroopPlacer.AddOrderPositionEntity[pre]     5247       4.83      0.001      0.007      2.367
[13:57:59] IComponent.DisablePickUpForAgentIfNeeded[post]     5925       4.45      0.001      0.005      0.442
[13:57:59] Patch:MBSubModuleBase.AfterAsyncTickTick[post]    71478       4.12      0.000      0.352      0.780
[13:57:59] PATCH:RBMCombat:Mission.CreateMeleeBlow[post]      7794       4.04      0.001      0.015      0.561
[13:57:59] .StaminaSystem.StaminaUIBehavior.OnMissionTick     1442       3.92      0.003      0.049      0.246
[13:57:59] omacy:MBSubModuleBase.AfterAsyncTickTick[post]    71478       3.91      0.000      0.336      0.735
[13:57:59] roperShieldWalls:Mission.MeleeHitCallback[pre]     4788       3.84      0.001      0.010      0.252
[13:57:59] erLib:MBSubModuleBase.AfterAsyncTickTick[post]    71478       3.78      0.000      0.241      7.673
[13:57:59] Patch:MBSubModuleBase.AfterAsyncTickTick[post]    71478       3.71      0.000      0.322      0.691
[13:57:59] ternativeAttacks:Mission.CreateMeleeBlow[post]     2598       3.66      0.001      0.223      1.246
[13:57:59] CH:BetterPikes:Formation.SetMovementOrder[pre]      501       3.42      0.007      0.033      0.053
[13:57:59] ation.SwitchUnitLocationsWithBackMostUnit[pre]     2810       3.36      0.001      0.033      0.364
[13:57:59] at:Mission.HandleMissileCollisionReaction[pre]       20       3.25      0.162      0.210     11.719
[13:57:59] ges.CinematicChargesMissionLogic.OnMissionTick      721       3.10      0.004      0.056      4.389
[13:57:59] PATCH:RBMCombat:Agent.HandleBlow[post]             1757       3.08      0.002      0.018      0.478
[13:57:59] logue:MBSubModuleBase.AfterAsyncTickTick[post]    71478       3.00      0.000      0.309      0.727
[13:57:59] tinues:FormationQuerySystem.get_MainClass[pre]     4568       2.97      0.001      0.019      0.601
[13:57:59] onCombatMechanicsHelper.ComputeBlowDamage[pre]      871       2.93      0.003      0.014      1.865
[13:57:59] v.RTSCamera.Logic.RTSCameraLogic.OnMissionTick      721       2.92      0.004      0.014     11.233
[13:57:59] echanicsHelper.GetDefendCollisionResults[post]     1255       2.78      0.002      0.009      0.021
[13:57:59] echanicsHelper.GetDefendCollisionResults[post]     1255       2.58      0.002      0.035      0.427
[13:57:59] BetterPikes:Formation.SetArrangementOrder[pre]      325       2.48      0.008      0.029      0.104
[13:57:59] culator.CalculateStrikeMagnitudeForThrust[pre]      948       2.46      0.003      0.008      0.046
[13:57:59] TCH:RTSCamera:OrderFlag.GetCollidedEntity[pre]       84       2.39      0.029      0.558      0.558
[13:57:59] eAgentStatCalculateModel.UpdateHumanStats[fin]    18763       1.92      0.000      1.271      1.573
[13:57:59] onHandler.TryGetFormationDistanceToCenter[pre]     2163       1.86      0.001      0.008      0.377
[13:57:59] e.MissionBoundaryCrossingHandler.OnMissionTick      721       1.76      0.002      0.009      0.526
[13:57:59] .ButterLib:MBSubModuleBase.OnNetworkTick[post]    22466       1.68      0.000      0.311      3.333
[13:57:59] icsHelper.CalculateBaseMeleeBlowMagnitude[pre]     1449       1.63      0.001      0.204      0.501
[13:57:59] FormationMarkerVM.RefreshFormationMarkers[pre]       84       1.60      0.019      0.041      2.393
[13:57:59] H:RBMAI:Agent.UpdateLastAttackAndHitTimes[pre]     1194       1.46      0.001      0.219      0.219
[13:57:59] Screen:MBSubModuleBase.OnApplicationTick[post]    21510       1.46      0.000      0.192      2.446
[13:57:59] echanicsHelper.GetDefendCollisionResults[post]     1255       1.41      0.001      0.008      0.286
[13:57:59] MCombat:CustomBattleAgentLogic.OnAgentHit[pre]     1642       1.36      0.001      0.007      1.231
[13:57:59] lPatch:MBSubModuleBase.OnApplicationTick[post]    21510       1.32      0.000      0.187      2.948
[13:57:59] PATCH:BetterPikes:Formation.SetFormOrder[pre]        77       1.31      0.017      0.037      0.338
[13:57:59] echanicsHelper.GetDefendCollisionResults[post]     1255       1.30      0.001      0.005      0.040
[13:57:59] aultBattleMissionAgentSpawnLogic.OnMissionTick      721       1.29      0.002      0.007      1.267
[13:57:59] nicsHelper.DecideWeaponCollisionReaction[post]     1939       1.29      0.001      0.006      6.085
[13:57:59] v.Immersive_Battlefields.IB_Core.OnMissionTick      721       1.26      0.002      0.006      5.263
[13:57:59] TCH:RBMAI:Agent.OnWieldedItemIndexChange[post]     5980       1.22      0.000      0.383      0.566
[13:57:59] gic.AgentMoraleInteractionLogic.OnAgentRemoved       70       1.21      0.017      0.026      2.591
[13:57:59] terPikes:BehaviorCharge.TickOccasionally[post]      175       1.19      0.007      0.022      0.043
[13:57:59] nBoundaryCrossingHandler.TickForMainAgent[pre]      721       1.16      0.002      0.008      0.290
[13:57:59] nCombatMechanicsHelper.ComputeBlowDamage[post]      871       1.14      0.001      0.006      0.006
[13:57:59] terLib:MBSubModuleBase.OnApplicationTick[post]    21510       1.12      0.000      0.360      2.438
[13:57:59] rderTroopPlacer.HideOrderPositionEntities[pre]       79       1.07      0.014      0.052      0.446
[13:57:59] sionViews.Order.OrderTroopPlacer.OnMissionTick      721       1.02      0.001      0.007      0.626
[13:57:59] PATCH:RBMAI:Formation.GetDirectionOfUnit[post]     2006       0.98      0.000      0.919      1.976
[13:57:59] I:MissionFormationMarkerTargetVM.Refresh[post]      336       0.96      0.003      0.022      0.227
[13:57:59] PATCH:RBMAI:Mission.OnAgentHit[post]               1608       0.93      0.001      0.002      0.020
[13:57:59] onGauntletSpectatorControl.OnMissionTick[post]      721       0.89      0.001      0.003      0.349
[13:57:59] alogue:MBSubModuleBase.OnApplicationTick[post]    21510       0.89      0.000      0.300      0.724
[13:57:59] ssionGauntletCategoryLoadManager.OnMissionTick      721       0.89      0.001      0.007      0.019
[13:57:59] anicsHelper.DecideWeaponCollisionReaction[pre]     1939       0.87      0.000      0.005      0.006
[13:57:59] amageAndBlocksAttackBecauseOfNonEnemyCase[pre]     3240       0.87      0.000      0.003      0.380
[13:57:59] s.RealisticSoundsMissionBehavior.OnMissionTick      721       0.87      0.001      0.004      0.549
[13:57:59] TroopItemVM.FormationOnOnUnitCountChanged[pre]       66       0.84      0.013      0.040      0.137
[13:57:59] letFormationMarker.UpdateMarkerPositions[post]      155       0.80      0.005      0.013      0.026
[13:57:59] lds.MountAndBlade.BattleEndLogic.OnMissionTick      721       0.78      0.001      0.021      1.165
[13:57:59] rrangementOrder.GetShieldDirectionOfUnit[post]    31735       0.73      0.000      0.278      0.664
[13:57:59] tem:SquareFormation.GetSideOfUnitPosition[pre]     4685       0.72      0.000      0.006      0.441
[13:57:59] CPatch:MBSubModuleBase.OnApplicationTick[post]    21510       0.69      0.000      0.006      0.694
[13:57:59] lomacy:MBSubModuleBase.OnApplicationTick[post]    21510       0.68      0.000      0.006      0.928
[13:57:59] ltItemValueModel.CalculateTierMeleeWeapon[pre]      608       0.65      0.001      0.003      0.008
[13:57:59] :XorberaxLegacy:Mission.MeleeHitCallback[post]     4787       0.61      0.000      0.004      0.012
[13:57:59] BMCombat:Mission.DecideAgentHitParticles[post]     1939       0.57      0.000      0.005      0.286
[13:57:59] PATCH:RBMCombat:Mission.MeleeHitCallback[pre]      4788       0.56      0.000      0.229      0.274
[13:57:59] lineModFork:Formation.GetDirectionOfUnit[post]     2006       0.54      0.000      0.034      1.435
[13:57:59] egeMorale.SiegeNoRetreatBehavior.OnMissionTick      721       0.54      0.001      0.003      0.247
[13:57:59] ticCombatSounds:Mission.MeleeHitCallback[post]     4787       0.53      0.000      0.012      0.054
[13:57:59] PATCH:RBMCombat:Agent.WeaponEquipped[pre]           234       0.52      0.002      0.012      2.472
[13:57:59] untAndBlade.HighlightsController.OnMissionTick      721       0.52      0.001      0.002      1.026
[13:57:59] ic.DismembermentPlusMissionLogic.OnMissionTick      721       0.48      0.001      0.002      0.494
[13:57:59] MissionBehav.SiegeArcherPoints.OnMissionTick        721       0.47      0.001      0.002      0.014
[13:57:59] m:SquareFormation.GetLocalDirectionOfUnit[pre]     1896       0.47      0.000      0.003      1.667
[13:57:59] mbatMechanicsHelper.ComputeBlowMagnitude[post]     1088       0.47      0.000      0.005      0.005
[13:57:59] es.CinematicChargesMissionLogic.OnAgentRemoved       70       0.45      0.006      0.010      0.863
[13:57:59] .MountAndBlade.BannerBearerLogic.OnMissionTick      721       0.42      0.001      0.038      1.740
[13:57:59] ionBehaviors.MissionLibraryLogic.OnMissionTick      721       0.41      0.001      0.244      0.244
[13:57:59] nicsHelper.DecideWeaponCollisionReaction[post]     1939       0.39      0.000      0.001      0.331
[13:57:59] .MountAndBlade.AgentVictoryLogic.OnMissionTick      721       0.37      0.001      0.006      0.356
[13:57:59] CH:RTSCamera:Mission.UpdateSceneTimeSpeed[pre]      239       0.34      0.001      0.004      0.015
[13:57:59] andSystem:OrderTroopPlacer.OnMissionTick[post]      721       0.34      0.000      0.001      0.125
[13:57:59] ra.CommandSystem:ArrangementOrder.OnApply[pre]        1       0.33      0.331      0.331     33.830
[13:57:59] lter.Logics.FormationFilterLogic.OnMissionTick      721       0.33      0.000      0.003      0.005
[13:57:59] PATCH:RBMAI:Mission.CreateMeleeBlow[post]          2598       0.32      0.000      0.002      0.003
[13:57:59] nSieges.SiegeLootMissionBehavior.OnMissionTick      721       0.31      0.000      0.002      0.252
[13:57:59] onGauntletOrderOfBattleUIHandler.OnMissionTick      721       0.29      0.000      0.002      3.856
[13:57:59] CommandSystem:FacingOrder.GetDirectionAux[pre]     2888       0.28      0.000      0.005      0.447
[13:57:59] ork:HumanAIComponent.SetBehaviorValueSet[post]      236       0.25      0.001      0.018      0.515
[13:57:59] RTSCamera:OrderTroopPlacer.GetScreenPoint[pre]      509       0.25      0.000      0.003      0.412
[13:57:59] PATCH:RBMAI:Formation.SetPositioning[pre]          2892       0.24      0.000      0.002      0.414
[13:57:59] :RTSCamera:CrosshairVM.SetArrowProperties[pre]      239       0.24      0.001      0.001      0.309
[13:57:59] PATCH:RBMAI:Agent.OnShieldDamaged[pre]              123       0.23      0.002      0.111      0.511
[13:57:59] TCH:Retinues:SubModule.TryRegisterWithMCM[fin]      239       0.23      0.001      0.002      0.002
[13:57:59] sionLogics.MissionObjectiveLogic.OnMissionTick      721       0.22      0.000      0.001      0.018
[13:57:59] sionViews.MissionAgentLabelView.OnAgentRemoved       70       0.21      0.003      0.011      0.013
[13:57:59] ws.Sound.MusicBattleMissionView.OnAgentRemoved       70       0.20      0.003      0.004      0.247
[13:57:59] PATCH:RBMCombat:ItemModifier.ModifyArmor[pre]       472       0.18      0.000      0.004      0.122
[13:57:59] erlord.UIExtenderEx:BrushFactory.GetBrush[pre]      806       0.17      0.000      0.003      1.639
[13:57:59] TCH:RBMCombat:Mission.OnAgentShootMissile[pre]       20       0.16      0.008      0.016      0.242
[13:57:59] edSiegeMorale.SiegeMoraleTracker.OnMissionTick      721       0.15      0.000      0.001      0.014
[13:57:59] derController.GetActiveArrangementOrderOf[pre]      202       0.14      0.001      0.002      1.707
[13:57:59] s.MountAndBlade.CasualtyHandler.OnAgentRemoved       70       0.14      0.002      0.003      0.222
[13:57:59] d.UIExtenderEx:WidgetFactory.IsCustomType[pre]     1442       0.14      0.000      0.003      0.006
[13:57:59] CH:RealisticCombatSounds:Agent.HandleBlow[pre]     1792       0.13      0.000      0.002      0.005
[13:57:59] Combat:Mission.GetAttackCollisionResults[post]     1088       0.13      0.000      0.002      0.303
[13:57:59] ux:Mission.HandleMissileCollisionReaction[pre]       20       0.12      0.006      0.008      0.785
[13:57:59] PATCH:RBMAI:BehaviorCharge.GetAiWeight[post]        175       0.12      0.001      0.006      0.006
[13:57:59] naSystem.StaminaMissionBehavior.OnAgentRemoved       70       0.12      0.002      0.002      0.004
[13:57:59] ord.UIExtenderEx:ViewModel.ExecuteCommand[pre]       69       0.12      0.002      0.002      0.002
[13:57:59] PATCH:RBMAI:Formation.SetMovementOrder[pre]         501       0.12      0.000      0.013      0.019
[13:57:59] RTSCamera:MissionOrderVM.CheckCanBeOpened[pre]       88       0.11      0.001      0.002      0.022
[13:57:59] tleReinforcementsSpawnController.OnMissionTick      721       0.11      0.000      0.002      0.016
[13:57:59] H:Bannerlord.UIExtenderEx:ViewModel..ctor[pre]      174       0.10      0.001      0.002      0.080
[13:57:59] erListPanel.GetDistanceRelatedAlphaTarget[pre]      336       0.10      0.000      0.003      0.007
[13:57:59] ntAndBlade.HighlightsController.OnAgentRemoved       70       0.10      0.001      0.003      0.004
[13:57:59] PATCH:RTSCamera:OrderFlag.GetFlagPosition[pre]       84       0.10      0.001      0.012      0.020
[13:57:59] :OrderController.GetActiveMovementOrderOf[pre]      110       0.10      0.001      0.004      0.461
[13:57:59] etFormationMarker.RefreshTargetProperties[pre]       84       0.09      0.001      0.005      0.067
[13:57:59] ra.CommandSystem:OrderSetVM.RefreshOrders[pre]       20       0.09      0.004      0.015      1.083
[13:57:59] FrontlineModFork:LineFormation.RemoveUnit[pre]     1507       0.08      0.000      0.006      0.357
[13:57:59] mandSystem:MissionOrderVM.get_CursorState[pre]      168       0.08      0.000      0.001      0.003
[13:57:59] PATCH:BattleSizeResized:Agent.Die[pre]               70       0.08      0.001      0.002      0.002
[13:57:59] MountAndBlade.AgentVictoryLogic.OnAgentRemoved       70       0.08      0.001      0.007      0.007
[13:57:59] lade.BattleHighlightsController.OnAgentRemoved       70       0.08      0.001      0.002      0.078
[13:57:59] iews.MissionMainAgentController.OnAgentRemoved       70       0.07      0.001      0.002      0.002
[13:57:59] geMorale.SiegeNoRetreatBehavior.OnAgentRemoved       70       0.07      0.001      0.001      0.003
[13:57:59] PATCH:RBMCombat:Mission.RegisterBlow[pre]          1685       0.07      0.000      0.005      2.993
[13:57:59] ineMod.FrontlineCleanupBehavior.OnAgentRemoved       70       0.07      0.001      0.001      0.061
[13:57:59] gic.ApplyMoraleEffectOnAgentIncapacitated[pre]       70       0.07      0.001      0.001      0.002
[13:57:59] .RTSCamera.Logic.RTSCameraLogic.OnAgentRemoved       70       0.07      0.001      0.001      0.750
[13:57:59] amera.View.FlyCameraMissionView.OnAgentRemoved       70       0.07      0.001      0.001      0.002
[13:57:59] System.Logic.CommandSystemLogic.OnAgentRemoved       70       0.06      0.001      0.002      0.120
[13:57:59] :RBMAI:HumanAIComponent.GetFormationFrame[pre]     1882       0.06      0.000      0.002      1.616
[13:57:59] Views.MissionGamepadEffectsView.OnAgentRemoved       70       0.06      0.001      0.001      0.001
[13:57:59] nGauntletMainAgentEquipDropView.OnAgentRemoved       70       0.06      0.001      0.001      0.002
[13:57:59] auntletMainAgentControlModeView.OnAgentRemoved       70       0.06      0.001      0.001      0.001
[13:57:59] PATCH:RBMAI:Agent.SetFiringOrder[pre]                70       0.06      0.001      0.001      0.002
[13:57:59] CH:RBMCombat:Mission.OnAgentShootMissile[post]       40       0.06      0.002      0.002      0.014
[13:57:59] PATCH:RBMAI:LineFormation.RemoveUnit[pre]          1507       0.06      0.000      0.001      0.619
[13:57:59] ateMaxMoraleChangeDueToAgentIncapacitated[fin]       70       0.06      0.001      0.001      0.002
[13:57:59] AndBlade.CustomBattleAgentLogic.OnAgentRemoved       70       0.05      0.001      0.002      0.046
[13:57:59] Sieges.SiegeLootMissionBehavior.OnAgentRemoved       70       0.05      0.001      0.001      0.002
[13:57:59] ModFork:LineFormation.SwitchUnitLocations[pre]      201       0.05      0.000      0.001      0.003
[13:57:59] StatusBar.UnitStatusMissionView.OnAgentRemoved       70       0.05      0.001      0.001      0.218
[13:57:59] em:OrderController.GetActiveRidingOrderOf[pre]       54       0.05      0.001      0.001      0.006
[13:57:59] em:OrderController.GetActiveFiringOrderOf[pre]       54       0.04      0.001      0.001      0.004
[13:57:59] H:RBMAI:LineFormation.SwitchUnitLocations[pre]      201       0.04      0.000      0.002      0.002
[13:57:59] MountAndBlade.BannerBearerLogic.OnAgentRemoved       70       0.04      0.001      0.001      0.001
[13:57:59] PATCH:RBMAI:Mission.OnAgentShootMissile[pre]         20       0.04      0.002      0.005      0.006
[13:57:59] em:OrderController.GetActiveFacingOrderOf[pre]       36       0.03      0.001      0.002      0.004
[13:57:59] efields:OrderController.PlayOrderGestures[pre]        1       0.03      0.030      0.030      1.208
[13:57:59] .MissionBoundaryCrossingHandler.OnAgentRemoved       70       0.03      0.000      0.001      0.237
[13:57:59] ATCH:RBMCombat:Mission.MissileHitCallback[pre]       20       0.03      0.001      0.003      0.006
[13:57:59] enderEx:WidgetFactory.CreateBuiltinWidget[pre]     1316       0.02      0.000      0.001      0.004
[13:57:59] PATCH:RBMAI:Mission.OnAgentShootMissile[post]        20       0.02      0.001      0.002      0.022
[13:57:59] a:OrderTroopPlacer.UpdateFormationDrawing[pre]        7       0.02      0.003      0.004      0.026
[13:57:59] TCH:RBMCombat:Mission.MissileHitCallback[post]       20       0.02      0.001      0.001      0.174
[13:57:59] chanicsHelper.ComputeBlowMagnitudeMissile[pre]       15       0.02      0.001      0.002      0.274
[13:57:59] ame:EquipmentElement.GetModifiedItemName[post]       16       0.02      0.001      0.001      0.002
[13:57:59] ttleSizeResized:GameTextManager.FindText[post]      201       0.02      0.000      0.002      0.008
[13:57:59] MAI:HumanAIComponent.SetBehaviorValueSet[post]      236       0.02      0.000      0.002      0.564
[13:57:59] ds.MountAndBlade.BattleEndLogic.OnAgentRemoved       70       0.02      0.000      0.001      0.001
[13:57:59] mmandSystem:Formation.get_MinimumInterval[pre]       14       0.01      0.001      0.002      0.004
[13:57:59] :TacticCoordinatedRetreat.GetTacticWeight[pre]       11       0.01      0.001      0.002      0.002
[13:57:59] AI:TacticFullScaleAttack.GetTacticWeight[post]       11       0.01      0.001      0.001      0.003
[13:57:59] leOrderTweaks:Mission.AddTimeSpeedRequest[pre]        2       0.01      0.004      0.004      0.007
[13:57:59] ra:MissionAgentLabelView.IsAllyInAllyTeam[pre]     2994       0.01      0.000      0.001      0.326
[13:57:59] .UIExtenderEx:WidgetFactory.GetCustomType[pre]      126       0.01      0.000      0.002      0.004
[13:57:59] H:RTSCamera:OrderItemBaseVM.ExecuteAction[pre]        2       0.01      0.003      0.003      0.007
[13:57:59] DefensiveLine.IsTacticalPositionEligible[post]       84       0.01      0.000      0.001      0.003
[13:57:59] Camera:MissionOrderVM.TryCloseToggleOrder[pre]        5       0.01      0.001      0.002      0.003
[13:57:59] era.CommandSystem:MissionOrderVM.OnEscape[pre]        1       0.00      0.001      0.001      0.001
[13:57:59] andSystem:ArrangementOrder.GetArrangement[pre]        1       0.00      0.001      0.001      0.001
[13:57:59] === END REPORT ===
[13:57:59] === PER-MOD TOTALS (this window, ms — overlapping/nested, not additive) ===
[13:57:59]       39087.41  FrontlineModFork
[13:57:59]       29698.24  RTSCamera.CommandSystem
[13:57:59]        3398.54  (engine/unattributed)
[13:57:59]        2102.29  RBMAI
[13:57:59]         594.24  ArtemsCinematicCombat
[13:57:59]         369.09  RBM
[13:57:59]         254.26  AIKickNBashFork
[13:57:59]         179.55  RBMCombat
[13:57:59]         102.82  BetterPikes
[13:57:59]          74.21  StaminaSystem
[13:57:59]          27.82  RealisticWeather
[13:57:59]          25.27  BreakablePolearms
[13:57:59]          17.18  RTSCamera
[13:57:59]          12.83  BattleOrderTweaks
[13:57:59]          12.15  ArtemsLivelyAnimations
[13:57:59]          10.31  ProperShieldWalls
[13:57:59]          10.11  ArtemsCinematicCharges
[13:57:59]           8.78  CinematicCombatMasterstrikeLogic
[13:57:59]           8.73  AIKickNBash
[13:57:59]           7.29  RealisticCombatSounds
[13:57:59]           7.26  Bannerlord.MBOptionScreen
[13:57:59]           6.58  Bannerlord.ButterLib
[13:57:59]           5.44  zzzUniversalPatch
[13:57:59]           4.86  StaminaSystemFork
[13:57:59]           4.58  Bannerlord.Diplomacy
[13:57:59]           4.45  PickupMeleeWeapons
[13:57:59]           4.40  Bannerlord.DiplomacyNavalDLCPatch
[13:57:59]           3.89  MBFastDialogue
[13:57:59]           3.66  Bannerlord.UsefulAlternativeAttacks
[13:57:59]           3.20  Retinues
[13:57:59]           2.77  XorberaxLegacy
[13:57:59]           2.58  UnblockableThrust
[13:57:59]           1.41  RealisticCombatAdjustments
[13:57:59]           1.26  Immersive_Battlefields
[13:57:59]           0.76  EnhancedSiegeMorale
[13:57:59]           0.56  Bannerlord.UIExtenderEx
[13:57:59]           0.48  DismembermentPlus
[13:57:59]           0.47  SiegeArcherPoints
[13:57:59]           0.41  MissionSharedLibrary
[13:57:59]           0.36  LootBetweenSieges
[13:57:59]           0.33  FormationFilter
[13:57:59]           0.12  NoMoreStuckProjectilesRedux
[13:57:59]           0.09  BattleSizeResized
[13:57:59]           0.07  FrontlineMod
[13:57:59]           0.03  Immersive Battlefields
[13:57:59]           0.02  BetterSmithingContinued.MainFrame
[13:57:59] === END PER-MOD TOTALS ===
[13:58:01] SLOW MISSIONBEH MissionBehav.ArtemsCinematicCombat.CinematicCombatMissionLogic.OnMissionTick 10.5ms
[13:58:02] SLOW MISSIONBEH MissionBehav.ArtemsCinematicCombat.CinematicCombatMissionLogic.OnMissionTick 10.6ms
[13:58:02] SLOW MISSIONBEH MissionBehav.ArtemsCinematicCombat.CinematicCombatMissionLogic.OnMissionTick 10.9ms
[13:58:09] === PERFORMANCE REPORT ===
[13:58:09] Method                                            Calls  Total(ms)    Avg(ms)    Max(ms) SessMax(ms)
[13:58:09] --------------------------------------------------------------------------------------------------
[13:58:09] odFork:HumanAIComponent.GetFormationFrame[pre]    86477   32184.68      0.372     17.619     35.245
[13:58:09] et_CalculateHasSignificantNumberOfMounted[pre] 17124611   23862.18      0.001      5.147      9.740
[13:58:09] Mission.Frame(all)                                  944    3960.45      4.195     15.966     37.204
[13:58:09] tatCalculateModel.SetAiRelatedProperties[post]    20132    1231.68      0.061      3.093      4.903
[13:58:09] eModFork:Formation.GetOrderPositionOfUnit[pre]    86477    1082.10      0.013      2.673      4.380
[13:58:09] icCombat.CCShieldTauntTroopsData.OnMissionTick      944     446.18      0.473      0.937      3.870
[13:58:09] tStatusBar.UnitStatusMissionView.OnMissionTick      944     297.36      0.315      0.856     53.810
[13:58:09] RBMCombat:Agent.OnWieldedItemIndexChange[post]    10070     238.33      0.024      0.458      0.644
[13:58:09] PATCH:AIKickNBashFork:Agent.OnAIInputSet[post]   281420     236.48      0.001      0.601      3.704
[13:58:09] mbat.CinematicCombatMissionLogic.OnMissionTick      944     165.34      0.175     10.928     26.632
[13:58:09] PATCH:RBMAI:HumanAIComponent.OnTick[post]        362245     115.09      0.000      0.807      2.458
[13:58:09] Pikes.BetterPikesMissionBehavior.OnMissionTick      944     105.54      0.112      0.399      1.342
[13:58:09] inaSystem.StaminaMissionBehavior.OnMissionTick      944      87.01      0.092      0.275      3.345
[13:58:09] PATCH:RBMAI:Agent.IsInWater[pre]                 372246      64.78      0.000      1.494      1.830
[13:58:09] PATCH:RBMAI:Agent.UpdateFormationOrders[pre]      84301      60.78      0.001      0.306      0.657
[13:58:09] .CommandSystem:Formation.ReapplyFormOrder[pre]      121      35.37      0.292      4.135     22.781
[13:58:09] mera.CommandSystem:Formation.SetFormOrder[pre]      121      33.30      0.275      4.114     22.749
[13:58:09] BreakablePolearmsMissionBehavior.OnMissionTick      944      28.77      0.030      0.077      0.568
[13:58:09] AgentStatCalculateModel.UpdateHumanStats[post]    20132      27.16      0.001      0.229      1.370
[13:58:09] manAIComponent.GetDesiredSpeedInFormation[pre]    86477      22.08      0.000      1.833      2.048
[13:58:09] temsLivelyAnimationsMissionLogic.OnMissionTick      944      20.67      0.022      0.829      3.261
[13:58:09] H:RBMAI:HumanAIComponent.AdjustSpeedLimit[pre]    86477      20.57      0.000      1.375      1.711
[13:58:09] omponent.ParallelUpdateFormationMovement[post]    86477      16.69      0.000      1.213      6.535
[13:58:09] CinematicCombatMasterstrikeLogic.OnMissionTick      944      15.88      0.017      0.060      0.877
[13:58:09] TCH:RBMAI:Formation.ApplyActionOnEachUnit[pre]      663      14.59      0.022      1.308      7.697
[13:58:09] tatCalculateModel.SetAiRelatedProperties[post]    20132      12.05      0.001      1.337      1.767
[13:58:09] ges.CinematicChargesMissionLogic.OnMissionTick      944      11.93      0.013      3.017      4.389
[13:58:09] BMAI:BehaviorCharge.CalculateCurrentOrder[pre]      568      11.85      0.021      0.079      5.662
[13:58:09] CH:RBMAI:Formation.GetOrderPositionOfUnit[pre]    14807      11.78      0.001      0.029      1.568
[13:58:09] .MissionGauntletSpectatorControl.OnMissionTick      944      10.41      0.011      0.291      0.365
[13:58:09] NBash.AIKickNBashMissionBehavior.OnMissionTick      944       9.88      0.010      0.154      1.630
[13:58:09] ation.SwitchUnitLocationsWithBackMostUnit[pre]     9172       9.87      0.001      0.343      0.364
[13:58:09] rderTweaks.VolleyMissionBehavior.OnMissionTick      944       8.51      0.009      0.022      4.498
[13:58:09] lade.BattleObserverMissionLogic.OnAgentRemoved      104       8.05      0.077      0.123      0.495
[13:58:09] sCinematicCharges.SprintBehavior.OnMissionTick      944       7.88      0.008      0.021      0.979
[13:58:09] CombatSounds:BlowWeaponRecord.GetHitSound[pre]     2462       7.84      0.003      0.101      0.545
[13:58:09] ehaviours.ShieldRotationBehavior.OnMissionTick      944       7.47      0.008      0.292      3.236
[13:58:09] IComponent.DisablePickUpForAgentIfNeeded[post]     9992       7.03      0.001      0.018      0.442
[13:58:09] at:Mission.HandleMissileCollisionReaction[pre]       47       6.52      0.139      0.203     11.719
[13:58:09] creen:MBSubModuleBase.AfterAsyncTickTick[post]    93456       6.15      0.000      0.317      0.640
[13:58:09] roperShieldWalls:Mission.MeleeHitCallback[pre]     6058       5.91      0.001      0.213      0.252
[13:58:09] PATCH:RBMCombat:Mission.CreateMeleeBlow[post]     10446       5.77      0.001      0.468      0.561
[13:58:09] ssionViews.MissionAgentLabelView.OnMissionTick      944       5.69      0.006      0.378      1.251
[13:58:09] stem:OrderTroopPlacer.OnMissionScreenTick[pre]      137       5.63      0.041      0.074     38.336
[13:58:09] erLib:MBSubModuleBase.AfterAsyncTickTick[post]    93456       5.62      0.000      0.380      7.673
[13:58:09] .StaminaSystem.StaminaUIBehavior.OnMissionTick     1888       5.60      0.003      0.045      0.246
[13:58:09] andSystem:OrderTroopPlacer.GetCursorState[pre]      137       5.17      0.038      0.068      1.709
[13:58:09] ternativeAttacks:Mission.CreateMeleeBlow[post]     3482       4.76      0.001      0.302      1.246
[13:58:09] onCombatMechanicsHelper.ComputeBlowDamage[pre]     1222       4.26      0.003      0.030      1.865
[13:58:09] Patch:MBSubModuleBase.AfterAsyncTickTick[post]    93456       4.16      0.000      0.318      0.691
[13:58:09] CH:BetterPikes:Formation.SetMovementOrder[pre]      490       4.11      0.008      0.031      0.053
[13:58:09] omacy:MBSubModuleBase.AfterAsyncTickTick[post]    93456       3.95      0.000      0.384      0.735
[13:58:09] PATCH:RBMCombat:Agent.HandleBlow[post]             2373       3.84      0.002      0.019      0.478
[13:58:09] tinues:FormationQuerySystem.get_MainClass[pre]     6101       3.71      0.001      0.023      0.601
[13:58:09] logue:MBSubModuleBase.AfterAsyncTickTick[post]    93456       3.65      0.000      0.358      0.727
[13:58:09] echanicsHelper.GetDefendCollisionResults[post]     1622       3.59      0.002      0.010      0.021
[13:58:09] Patch:MBSubModuleBase.AfterAsyncTickTick[post]    93456       3.26      0.000      0.226      0.780
[13:58:09] culator.CalculateStrikeMagnitudeForThrust[pre]     1141       3.18      0.003      0.008      0.046
[13:58:09] echanicsHelper.GetDefendCollisionResults[post]     1622       3.15      0.002      0.017      0.427
[13:58:09] v.RTSCamera.Logic.RTSCameraLogic.OnMissionTick      944       3.10      0.003      0.010     11.233
[13:58:09] BetterPikes:Formation.SetArrangementOrder[pre]      206       2.41      0.012      0.022      0.104
[13:58:09] e.MissionBoundaryCrossingHandler.OnMissionTick      944       2.32      0.002      0.344      0.526
[13:58:09] echanicsHelper.GetDefendCollisionResults[post]     1622       2.16      0.001      0.080      0.286
[13:58:09] icsHelper.CalculateBaseMeleeBlowMagnitude[pre]     2099       2.09      0.001      0.034      0.501
[13:58:09] H:RBMAI:Agent.UpdateLastAttackAndHitTimes[pre]     1731       2.09      0.001      0.348      0.348
[13:58:09] MCombat:CustomBattleAgentLogic.OnAgentHit[pre]     2298       2.02      0.001      0.008      1.231
[13:58:09] PATCH:BetterPikes:Formation.SetFormOrder[pre]       121       1.87      0.015      0.029      0.338
[13:58:09] ntAndBlade.HighlightsController.OnAgentRemoved      104       1.79      0.017      1.521      1.521
[13:58:09] nicsHelper.DecideWeaponCollisionReaction[post]     2607       1.78      0.001      0.003      6.085
[13:58:09] onHandler.TryGetFormationDistanceToCenter[pre]     2832       1.77      0.001      0.007      0.377
[13:58:09] echanicsHelper.GetDefendCollisionResults[post]     1622       1.74      0.001      0.006      0.040
[13:58:09] gic.AgentMoraleInteractionLogic.OnAgentRemoved      104       1.70      0.016      0.023      2.591
[13:58:09] nCombatMechanicsHelper.ComputeBlowDamage[post]     1222       1.66      0.001      0.006      0.006
[13:58:09] anicsHelper.DecideWeaponCollisionReaction[pre]     2607       1.64      0.001      0.378      0.378
[13:58:09] terPikes:BehaviorCharge.TickOccasionally[post]      284       1.60      0.006      0.021      0.043
[13:58:09] TroopItemVM.FormationOnOnUnitCountChanged[pre]      136       1.48      0.011      0.050      0.137
[13:58:09] onGauntletSpectatorControl.OnMissionTick[post]      944       1.33      0.001      0.281      0.349
[13:58:09] PATCH:RBMAI:Mission.OnAgentHit[post]               2221       1.32      0.001      0.003      0.020
[13:58:09] nBoundaryCrossingHandler.TickForMainAgent[pre]      944       1.25      0.001      0.007      0.290
[13:58:09] amageAndBlocksAttackBecauseOfNonEnemyCase[pre]     4424       1.24      0.000      0.003      0.380
[13:58:09] aultBattleMissionAgentSpawnLogic.OnMissionTick      944       1.19      0.001      0.007      1.267
[13:58:09] sionViews.Order.OrderTroopPlacer.OnMissionTick      944       1.02      0.001      0.002      0.626
[13:58:09] v.Immersive_Battlefields.IB_Core.OnMissionTick      944       1.00      0.001      0.004      5.263
[13:58:09] ssionGauntletCategoryLoadManager.OnMissionTick      944       0.97      0.001      0.007      0.019
[13:58:09] PATCH:RBMCombat:Agent.WeaponEquipped[pre]           416       0.96      0.002      0.016      2.472
[13:58:09] lds.MountAndBlade.BattleEndLogic.OnMissionTick      944       0.94      0.001      0.003      1.165
[13:58:09] s.RealisticSoundsMissionBehavior.OnMissionTick      944       0.94      0.001      0.004      0.549
[13:58:09] :XorberaxLegacy:Mission.MeleeHitCallback[post]     6058       0.86      0.000      0.004      0.012
[13:58:09] .ButterLib:MBSubModuleBase.OnNetworkTick[post]    12878       0.85      0.000      0.211      3.333
[13:58:09] ltItemValueModel.CalculateTierMeleeWeapon[pre]      829       0.84      0.001      0.009      0.009
[13:58:09] BMCombat:Mission.DecideAgentHitParticles[post]     2607       0.79      0.000      0.003      0.286
[13:58:09] ticCombatSounds:Mission.MeleeHitCallback[post]     6058       0.70      0.000      0.011      0.054
[13:58:09] mbatMechanicsHelper.ComputeBlowMagnitude[post]     1537       0.67      0.000      0.006      0.006
[13:58:09] lineModFork:Formation.GetDirectionOfUnit[post]      287       0.65      0.002      0.102      1.435
[13:58:09] Screen:MBSubModuleBase.OnApplicationTick[post]    12330       0.62      0.000      0.014      2.446
[13:58:09] lomacy:MBSubModuleBase.OnApplicationTick[post]    12330       0.61      0.000      0.306      0.928
[13:58:09] es.CinematicChargesMissionLogic.OnAgentRemoved      104       0.60      0.006      0.008      0.863
[13:58:09] lPatch:MBSubModuleBase.OnApplicationTick[post]    12330       0.58      0.000      0.016      2.948
[13:58:09] tem:SquareFormation.GetSideOfUnitPosition[pre]    10376       0.57      0.000      0.004      0.441
[13:58:09] nicsHelper.DecideWeaponCollisionReaction[post]     2607       0.57      0.000      0.001      0.331
[13:58:09] PATCH:RBMAI:LineFormation.RemoveUnit[pre]          4168       0.50      0.000      0.424      0.619
[13:58:09] egeMorale.SiegeNoRetreatBehavior.OnMissionTick      944       0.49      0.001      0.002      0.247
[13:58:09] PATCH:RBMCombat:Mission.MeleeHitCallback[pre]      6058       0.46      0.000      0.004      0.274
[13:58:09] PATCH:RBMCombat:Mission.RegisterBlow[pre]          2243       0.46      0.000      0.080      2.993
[13:58:09] ic.DismembermentPlusMissionLogic.OnMissionTick      944       0.42      0.000      0.002      0.494
[13:58:09] .MountAndBlade.BannerBearerLogic.OnMissionTick      944       0.41      0.000      0.028      1.740
[13:58:09] TCH:RBMCombat:Mission.OnAgentShootMissile[pre]       47       0.37      0.008      0.014      0.242
[13:58:09] untAndBlade.HighlightsController.OnMissionTick      944       0.35      0.000      0.006      1.026
[13:58:09] PATCH:RBMAI:Mission.CreateMeleeBlow[post]          3482       0.34      0.000      0.005      0.005
[13:58:09] MissionBehav.SiegeArcherPoints.OnMissionTick        944       0.32      0.000      0.001      0.014
[13:58:09] eAgentStatCalculateModel.UpdateHumanStats[fin]    20132       0.32      0.000      0.037      1.573
[13:58:09] terLib:MBSubModuleBase.OnApplicationTick[post]    12330       0.32      0.000      0.004      2.438
[13:58:09] PATCH:RBMCombat:ItemModifier.ModifyArmor[pre]       869       0.31      0.000      0.003      0.122
[13:58:09] CPatch:MBSubModuleBase.OnApplicationTick[post]    12330       0.30      0.000      0.008      0.694
[13:58:09] sionViews.MissionAgentLabelView.OnAgentRemoved      104       0.30      0.003      0.004      0.013
[13:58:09] PATCH:RBMAI:Agent.OnShieldDamaged[pre]              185       0.30      0.002      0.130      0.511
[13:58:09] ws.Sound.MusicBattleMissionView.OnAgentRemoved      104       0.29      0.003      0.006      0.247
[13:58:09] rrangementOrder.GetShieldDirectionOfUnit[post]    42101       0.28      0.000      0.015      0.664
[13:58:09] erlord.UIExtenderEx:BrushFactory.GetBrush[pre]      328       0.25      0.001      0.007      1.639
[13:58:09] TCH:RBMAI:Agent.OnWieldedItemIndexChange[post]    10070       0.24      0.000      0.015      0.566
[13:58:09] .MountAndBlade.AgentVictoryLogic.OnMissionTick      944       0.23      0.000      0.007      0.356
[13:58:09] CH:RTSCamera:Mission.UpdateSceneTimeSpeed[pre]      137       0.23      0.002      0.004      0.015
[13:58:09] lade.BattleHighlightsController.OnAgentRemoved      104       0.22      0.002      0.107      0.107
[13:58:09] alogue:MBSubModuleBase.OnApplicationTick[post]    12330       0.21      0.000      0.011      0.724
[13:58:09] ux:Mission.HandleMissileCollisionReaction[pre]       47       0.21      0.004      0.010      0.785
[13:58:09] naSystem.StaminaMissionBehavior.OnAgentRemoved      104       0.20      0.002      0.004      0.004
[13:58:09] d.UIExtenderEx:WidgetFactory.IsCustomType[pre]     1068       0.20      0.000      0.002      0.006
[13:58:09] s.MountAndBlade.CasualtyHandler.OnAgentRemoved      104       0.20      0.002      0.003      0.222
[13:58:09] nSieges.SiegeLootMissionBehavior.OnMissionTick      944       0.18      0.000      0.001      0.252
[13:58:09] Combat:Mission.GetAttackCollisionResults[post]     1537       0.17      0.000      0.003      0.303
[13:58:09] m:SquareFormation.GetLocalDirectionOfUnit[pre]      185       0.17      0.001      0.002      1.667
[13:58:09] ord.UIExtenderEx:ViewModel.ExecuteCommand[pre]      107       0.16      0.002      0.003      0.003
[13:58:09] RTSCamera:OrderTroopPlacer.GetScreenPoint[pre]      274       0.16      0.001      0.015      0.412
[13:58:09] PATCH:RBMAI:BehaviorCharge.GetAiWeight[post]        284       0.16      0.001      0.001      0.006
[13:58:09] lter.Logics.FormationFilterLogic.OnMissionTick      944       0.15      0.000      0.001      0.005
[13:58:09] CH:RealisticCombatSounds:Agent.HandleBlow[pre]     2450       0.15      0.000      0.014      0.014
[13:58:09] andSystem:OrderTroopPlacer.OnMissionTick[post]      944       0.14      0.000      0.001      0.125
[13:58:09] CH:RBMCombat:Mission.OnAgentShootMissile[post]       94       0.14      0.002      0.004      0.014
[13:58:09] PATCH:RBMAI:Formation.SetMovementOrder[pre]         490       0.14      0.000      0.001      0.019
[13:58:09] :RTSCamera:CrosshairVM.SetArrowProperties[pre]      137       0.14      0.001      0.003      0.309
[13:58:09] TCH:Retinues:SubModule.TryRegisterWithMCM[fin]      137       0.14      0.001      0.001      0.002
[13:58:09] H:Bannerlord.UIExtenderEx:ViewModel..ctor[pre]      112       0.13      0.001      0.007      0.080
[13:58:09] CommandSystem:FacingOrder.GetDirectionAux[pre]     3776       0.12      0.000      0.004      0.447
[13:58:09] onGauntletOrderOfBattleUIHandler.OnMissionTick      944       0.11      0.000      0.001      3.856
[13:58:09] PATCH:BattleSizeResized:Agent.Die[pre]              104       0.11      0.001      0.002      0.002
[13:58:09] geMorale.SiegeNoRetreatBehavior.OnAgentRemoved      104       0.11      0.001      0.008      0.008
[13:58:09] iews.MissionMainAgentController.OnAgentRemoved      104       0.11      0.001      0.002      0.002
[13:58:09] ineMod.FrontlineCleanupBehavior.OnAgentRemoved      104       0.10      0.001      0.002      0.061
[13:58:09] FrontlineModFork:LineFormation.RemoveUnit[pre]     4168       0.10      0.000      0.004      0.357
[13:58:09] MountAndBlade.AgentVictoryLogic.OnAgentRemoved      104       0.10      0.001      0.001      0.007
[13:58:09] .RTSCamera.Logic.RTSCameraLogic.OnAgentRemoved      104       0.10      0.001      0.001      0.750
[13:58:09] amera.View.FlyCameraMissionView.OnAgentRemoved      104       0.10      0.001      0.001      0.002
[13:58:09] gic.ApplyMoraleEffectOnAgentIncapacitated[pre]      104       0.09      0.001      0.001      0.002
[13:58:09] System.Logic.CommandSystemLogic.OnAgentRemoved      104       0.09      0.001      0.002      0.120
[13:58:09] Sieges.SiegeLootMissionBehavior.OnAgentRemoved      104       0.09      0.001      0.002      0.002
[13:58:09] auntletMainAgentControlModeView.OnAgentRemoved      104       0.09      0.001      0.001      0.001
[13:58:09] PATCH:RBMAI:Agent.SetFiringOrder[pre]               103       0.09      0.001      0.001      0.002
[13:58:09] nGauntletMainAgentEquipDropView.OnAgentRemoved      104       0.09      0.001      0.002      0.002
[13:58:09] Views.MissionGamepadEffectsView.OnAgentRemoved      104       0.09      0.001      0.001      0.001
[13:58:09] ateMaxMoraleChangeDueToAgentIncapacitated[fin]      104       0.08      0.001      0.001      0.002
[13:58:09] ModFork:LineFormation.SwitchUnitLocations[pre]      284       0.08      0.000      0.002      0.003
[13:58:09] StatusBar.UnitStatusMissionView.OnAgentRemoved      104       0.08      0.001      0.001      0.218
[13:58:09] PATCH:RBMAI:Mission.OnAgentShootMissile[pre]         47       0.08      0.002      0.004      0.006
[13:58:09] PATCH:RBMAI:Formation.SetPositioning[pre]          3776       0.07      0.000      0.005      0.414
[13:58:09] AndBlade.CustomBattleAgentLogic.OnAgentRemoved      104       0.06      0.001      0.001      0.046
[13:58:09] H:RBMAI:LineFormation.SwitchUnitLocations[pre]      284       0.06      0.000      0.001      0.002
[13:58:09] sionLogics.MissionObjectiveLogic.OnMissionTick      944       0.06      0.000      0.001      0.018
[13:58:09] ATCH:RBMCombat:Mission.MissileHitCallback[pre]       47       0.05      0.001      0.003      0.006
[13:58:09] TCH:RBMCombat:Mission.MissileHitCallback[post]       47       0.05      0.001      0.002      0.174
[13:58:09] PATCH:RBMAI:Mission.OnAgentShootMissile[post]        47       0.04      0.001      0.001      0.022
[13:58:09] MountAndBlade.BannerBearerLogic.OnAgentRemoved      104       0.04      0.000      0.001      0.001
[13:58:09] .MissionBoundaryCrossingHandler.OnAgentRemoved      104       0.04      0.000      0.001      0.237
[13:58:09] enderEx:WidgetFactory.CreateBuiltinWidget[pre]     1068       0.03      0.000      0.001      0.004
[13:58:09] chanicsHelper.ComputeBlowMagnitudeMissile[pre]       29       0.03      0.001      0.001      0.274
[13:58:09] PATCH:RBMAI:Formation.GetDirectionOfUnit[post]      287       0.02      0.000      0.001      1.976
[13:58:09] :TacticCoordinatedRetreat.GetTacticWeight[pre]       20       0.02      0.001      0.002      0.002
[13:58:09] tleReinforcementsSpawnController.OnMissionTick      944       0.02      0.000      0.001      0.016
[13:58:09] ionBehaviors.MissionLibraryLogic.OnMissionTick      944       0.02      0.000      0.001      0.244
[13:58:09] AI:TacticFullScaleAttack.GetTacticWeight[post]       20       0.02      0.001      0.001      0.003
[13:58:09] edSiegeMorale.SiegeMoraleTracker.OnMissionTick      944       0.02      0.000      0.002      0.014
[13:58:09] ame:EquipmentElement.GetModifiedItemName[post]       11       0.01      0.001      0.001      0.002
[13:58:09] DefensiveLine.IsTacticalPositionEligible[post]      140       0.01      0.000      0.001      0.003
[13:58:09] ds.MountAndBlade.BattleEndLogic.OnAgentRemoved      104       0.01      0.000      0.001      0.001
[13:58:09] === END REPORT ===
[13:58:09] === PER-MOD TOTALS (this window, ms — overlapping/nested, not additive) ===
[13:58:09]       33267.61  FrontlineModFork
[13:58:09]       23964.73  RTSCamera.CommandSystem
[13:58:09]        3997.34  (engine/unattributed)
[13:58:09]        1553.69  RBMAI
[13:58:09]         611.52  ArtemsCinematicCombat
[13:58:09]         297.43  RBM
[13:58:09]         283.25  RBMCombat
[13:58:09]         236.48  AIKickNBashFork
[13:58:09]         116.21  BetterPikes
[13:58:09]          92.81  StaminaSystem
[13:58:09]          28.77  BreakablePolearms
[13:58:09]          27.48  RealisticWeather
[13:58:09]          20.67  ArtemsLivelyAnimations
[13:58:09]          20.41  ArtemsCinematicCharges
[13:58:09]          19.61  RTSCamera
[13:58:09]          15.88  CinematicCombatMasterstrikeLogic
[13:58:09]          15.11  ProperShieldWalls
[13:58:09]           9.88  AIKickNBash
[13:58:09]           9.62  RealisticCombatSounds
[13:58:09]           8.51  BattleOrderTweaks
[13:58:09]           7.03  PickupMeleeWeapons
[13:58:09]           6.97  StaminaSystemFork
[13:58:09]           6.79  Bannerlord.ButterLib
[13:58:09]           6.77  Bannerlord.MBOptionScreen
[13:58:09]           4.76  Bannerlord.UsefulAlternativeAttacks
[13:58:09]           4.56  Bannerlord.Diplomacy
[13:58:09]           4.47  Bannerlord.DiplomacyNavalDLCPatch
[13:58:09]           3.87  XorberaxLegacy
[13:58:09]           3.86  MBFastDialogue
[13:58:09]           3.84  Retinues
[13:58:09]           3.84  zzzUniversalPatch
[13:58:09]           3.15  UnblockableThrust
[13:58:09]           2.16  RealisticCombatAdjustments
[13:58:09]           1.00  Immersive_Battlefields
[13:58:09]           0.77  Bannerlord.UIExtenderEx
[13:58:09]           0.62  EnhancedSiegeMorale
[13:58:09]           0.42  DismembermentPlus
[13:58:09]           0.32  SiegeArcherPoints
[13:58:09]           0.27  LootBetweenSieges
[13:58:09]           0.21  NoMoreStuckProjectilesRedux
[13:58:09]           0.15  FormationFilter
[13:58:09]           0.11  BattleSizeResized
[13:58:09]           0.10  FrontlineMod
[13:58:09]           0.02  MissionSharedLibrary
[13:58:09]           0.01  BetterSmithingContinued.MainFrame
[13:58:09] === END PER-MOD TOTALS ===
[13:58:10] SLOW MISSIONBEH MissionBehav.ArtemsCinematicCombat.CinematicCombatMissionLogic.OnMissionTick 6.8ms
[13:58:13] SLOW MISSIONBEH MissionBehav.ArtemsCinematicCombat.CinematicCombatMissionLogic.OnMissionTick 5.9ms
[13:58:19] === PERFORMANCE REPORT ===
[13:58:19] Method                                            Calls  Total(ms)    Avg(ms)    Max(ms) SessMax(ms)
[13:58:19] --------------------------------------------------------------------------------------------------
[13:58:19] odFork:HumanAIComponent.GetFormationFrame[pre]    76947   14597.17      0.190     11.456     35.245
[13:58:19] et_CalculateHasSignificantNumberOfMounted[pre] 10958948   10183.29      0.001      2.485      9.740
[13:58:19] Mission.Frame(all)                                 1456    4482.42      3.079     23.747     37.204
[13:58:19] eModFork:Formation.GetOrderPositionOfUnit[pre]    76915     754.49      0.010      1.900      4.380
[13:58:19] tatCalculateModel.SetAiRelatedProperties[post]    16390     520.51      0.032      1.807      4.903
[13:58:19] icCombat.CCShieldTauntTroopsData.OnMissionTick     1456     397.07      0.273      0.892      3.870
[13:58:19] tStatusBar.UnitStatusMissionView.OnMissionTick     1456     291.68      0.200      0.849     53.810
[13:58:19] RBMCombat:Agent.OnWieldedItemIndexChange[post]    10266     251.18      0.024      0.670      0.670
[13:58:19] mbat.CinematicCombatMissionLogic.OnMissionTick     1456     204.08      0.140      6.763     26.632
[13:58:19] PATCH:AIKickNBashFork:Agent.OnAIInputSet[post]   293852     197.18      0.001      0.573      3.704
[13:58:19] Pikes.BetterPikesMissionBehavior.OnMissionTick     1456     125.83      0.086      0.605      1.342
[13:58:19] PATCH:RBMAI:HumanAIComponent.OnTick[post]        367375     118.40      0.000      0.963      2.458
[13:58:19] inaSystem.StaminaMissionBehavior.OnMissionTick     1456      92.32      0.063      0.200      3.345
[13:58:19] PATCH:RBMAI:Agent.IsInWater[pre]                 367687      71.91      0.000      1.517      1.830
[13:58:19] PATCH:RBMAI:Agent.UpdateFormationOrders[pre]      72881      55.19      0.001      0.498      0.657
[13:58:19] .CommandSystem:Formation.ReapplyFormOrder[pre]      187      52.71      0.282      3.586     22.781
[13:58:19] mera.CommandSystem:Formation.SetFormOrder[pre]      187      50.12      0.268      3.567     22.749
[13:58:19] BreakablePolearmsMissionBehavior.OnMissionTick     1456      39.90      0.027      0.117      0.568
[13:58:19] AgentStatCalculateModel.UpdateHumanStats[post]    16390      22.52      0.001      0.429      1.370
[13:58:19] omponent.ParallelUpdateFormationMovement[post]    76947      20.89      0.000      1.400      6.535
[13:58:19] manAIComponent.GetDesiredSpeedInFormation[pre]    76915      20.20      0.000      1.405      2.048
[13:58:19] H:RBMAI:HumanAIComponent.AdjustSpeedLimit[pre]    76980      20.10      0.000      1.266      1.711
[13:58:19] temsLivelyAnimationsMissionLogic.OnMissionTick     1456      19.69      0.014      0.394      3.261
[13:58:19] TCH:RBMAI:Formation.ApplyActionOnEachUnit[pre]      834      18.77      0.023      1.021      7.697
[13:58:19] CinematicCombatMasterstrikeLogic.OnMissionTick     1456      16.57      0.011      0.317      0.877
[13:58:19] .MissionGauntletSpectatorControl.OnMissionTick     1456      15.07      0.010      0.333      0.365
[13:58:19] ges.CinematicChargesMissionLogic.OnMissionTick     1456      13.74      0.009      0.393      4.389
[13:58:19] sCinematicCharges.SprintBehavior.OnMissionTick     1456      12.97      0.009      0.027      0.979
[13:58:19] ation.SwitchUnitLocationsWithBackMostUnit[pre]    12776      12.91      0.001      0.460      0.460
[13:58:19] stem:OrderTroopPlacer.OnMissionScreenTick[pre]      373      12.27      0.033      0.394     38.336
[13:58:19] BMAI:BehaviorCharge.CalculateCurrentOrder[pre]      726      12.21      0.017      0.128      5.662
[13:58:19] tatCalculateModel.SetAiRelatedProperties[post]    16390      11.21      0.001      1.473      1.767
[13:58:19] andSystem:OrderTroopPlacer.GetCursorState[pre]      373      11.13      0.030      0.391      1.709
[13:58:19] creen:MBSubModuleBase.AfterAsyncTickTick[post]   144045      10.93      0.000      0.624      0.640
[13:58:19] lade.BattleObserverMissionLogic.OnAgentRemoved      135      10.28      0.076      0.118      0.495
[13:58:19] at:Mission.HandleMissileCollisionReaction[pre]       68       9.96      0.146      0.219     11.719
[13:58:19] rderTweaks.VolleyMissionBehavior.OnMissionTick     1456       9.90      0.007      0.037      4.498
[13:58:19] erLib:MBSubModuleBase.AfterAsyncTickTick[post]   144045       8.19      0.000      0.665      7.673
[13:58:19] CombatSounds:BlowWeaponRecord.GetHitSound[pre]     2320       8.10      0.003      0.016      0.545
[13:58:19] .StaminaSystem.StaminaUIBehavior.OnMissionTick     2912       7.69      0.003      0.045      0.246
[13:58:19] IComponent.DisablePickUpForAgentIfNeeded[post]    10157       7.58      0.001      0.007      0.442
[13:58:19] ehaviours.ShieldRotationBehavior.OnMissionTick     1456       7.57      0.005      0.079      3.236
[13:58:19] CH:RBMAI:Formation.GetOrderPositionOfUnit[pre]     8506       7.43      0.001      0.003      1.568
[13:58:19] NBash.AIKickNBashMissionBehavior.OnMissionTick     1456       7.08      0.005      0.096      1.630
[13:58:19] roperShieldWalls:Mission.MeleeHitCallback[pre]     5214       6.53      0.001      0.282      0.282
[13:58:19] PATCH:RBMCombat:Mission.CreateMeleeBlow[post]      9729       5.42      0.001      0.026      0.561
[13:58:19] logue:MBSubModuleBase.AfterAsyncTickTick[post]   144045       5.34      0.000      0.299      0.727
[13:58:19] Patch:MBSubModuleBase.AfterAsyncTickTick[post]   144045       5.16      0.000      0.311      0.780
[13:58:19] tinues:FormationQuerySystem.get_MainClass[pre]     8013       5.12      0.001      0.340      0.601
[13:58:19] Patch:MBSubModuleBase.AfterAsyncTickTick[post]   144045       5.10      0.000      0.248      0.691
[13:58:19] onCombatMechanicsHelper.ComputeBlowDamage[pre]     1228       5.08      0.004      0.013      1.865
[13:58:19] ternativeAttacks:Mission.CreateMeleeBlow[post]     3243       5.01      0.002      0.605      1.246
[13:58:19] omacy:MBSubModuleBase.AfterAsyncTickTick[post]   144045       4.89      0.000      0.316      0.735
[13:58:19] ssionViews.MissionAgentLabelView.OnMissionTick     1456       4.44      0.003      0.009      1.251
[13:58:19] v.RTSCamera.Logic.RTSCameraLogic.OnMissionTick     1456       4.26      0.003      0.020     11.233
[13:58:19] CH:BetterPikes:Formation.SetMovementOrder[pre]      605       3.98      0.007      0.020      0.053
[13:58:19] tem:SquareFormation.GetSideOfUnitPosition[pre]    19812       3.91      0.000      0.644      0.644
[13:58:19] PATCH:RBMCombat:Agent.HandleBlow[post]             2249       3.74      0.002      0.062      0.478
[13:58:19] e.MissionBoundaryCrossingHandler.OnMissionTick     1456       2.99      0.002      0.011      0.526
[13:58:19] echanicsHelper.GetDefendCollisionResults[post]     1242       2.84      0.002      0.073      0.073
[13:58:19] onHandler.TryGetFormationDistanceToCenter[pre]     4368       2.81      0.001      0.006      0.377
[13:58:19] TroopItemVM.FormationOnOnUnitCountChanged[pre]      298       2.78      0.009      0.042      0.137
[13:58:19] culator.CalculateStrikeMagnitudeForThrust[pre]      920       2.51      0.003      0.059      0.059
[13:58:19] echanicsHelper.GetDefendCollisionResults[post]     1242       2.48      0.002      0.034      0.427
[13:58:19] BetterPikes:Formation.SetArrangementOrder[pre]      242       2.46      0.010      0.078      0.104
[13:58:19] lPatch:MBSubModuleBase.OnApplicationTick[post]    33570       2.37      0.000      0.417      2.948
[13:58:19] icsHelper.CalculateBaseMeleeBlowMagnitude[pre]     2128       2.36      0.001      0.007      0.501
[13:58:19] PATCH:BetterPikes:Formation.SetFormOrder[pre]       187       2.33      0.012      0.021      0.338
[13:58:19] MCombat:CustomBattleAgentLogic.OnAgentHit[pre]     2120       2.22      0.001      0.011      1.231
[13:58:19] PATCH:RBMCombat:Mission.RegisterBlow[pre]          2112       2.20      0.001      1.551      2.993
[13:58:19] nicsHelper.DecideWeaponCollisionReaction[post]     2499       2.13      0.001      0.018      6.085
[13:58:19] gic.AgentMoraleInteractionLogic.OnAgentRemoved      135       2.09      0.015      0.024      2.591
[13:58:19] nCombatMechanicsHelper.ComputeBlowDamage[post]     1228       1.92      0.002      0.005      0.006
[13:58:19] H:RBMAI:Agent.UpdateLastAttackAndHitTimes[pre]     1697       1.88      0.001      0.006      0.348
[13:58:19] Screen:MBSubModuleBase.OnApplicationTick[post]    33570       1.88      0.000      0.278      2.446
[13:58:19] nBoundaryCrossingHandler.TickForMainAgent[pre]     1456       1.81      0.001      0.010      0.290
[13:58:19] .ButterLib:MBSubModuleBase.OnNetworkTick[post]    35062       1.72      0.000      0.018      3.333
[13:58:19] CPatch:MBSubModuleBase.OnApplicationTick[post]    33570       1.71      0.000      0.445      0.694
[13:58:19] terPikes:BehaviorCharge.TickOccasionally[post]      363       1.58      0.004      0.018      0.043
[13:58:19] echanicsHelper.GetDefendCollisionResults[post]     1242       1.57      0.001      0.067      0.286
[13:58:19] s.RealisticSoundsMissionBehavior.OnMissionTick     1456       1.57      0.001      0.005      0.549
[13:58:19] aultBattleMissionAgentSpawnLogic.OnMissionTick     1456       1.55      0.001      0.007      1.267
[13:58:19] v.Immersive_Battlefields.IB_Core.OnMissionTick     1456       1.54      0.001      0.037      5.263
[13:58:19] onGauntletSpectatorControl.OnMissionTick[post]     1456       1.53      0.001      0.008      0.349
[13:58:19] amageAndBlocksAttackBecauseOfNonEnemyCase[pre]     4276       1.50      0.000      0.005      0.380
[13:58:19] sionViews.Order.OrderTroopPlacer.OnMissionTick     1456       1.49      0.001      0.004      0.626
[13:58:19] ssionGauntletCategoryLoadManager.OnMissionTick     1456       1.48      0.001      0.017      0.019
[13:58:19] anicsHelper.DecideWeaponCollisionReaction[pre]     2499       1.46      0.001      0.004      0.378
[13:58:19] PATCH:RBMAI:Mission.OnAgentHit[post]               2064       1.39      0.001      0.004      0.020
[13:58:19] lds.MountAndBlade.BattleEndLogic.OnMissionTick     1456       1.34      0.001      0.004      1.165
[13:58:19] echanicsHelper.GetDefendCollisionResults[post]     1242       1.26      0.001      0.003      0.040
[13:58:19] :XorberaxLegacy:Mission.MeleeHitCallback[post]     5215       1.00      0.000      0.005      0.012
[13:58:19] eAgentStatCalculateModel.UpdateHumanStats[fin]    16390       0.95      0.000      0.435      1.573
[13:58:19] ticCombatSounds:Mission.MeleeHitCallback[post]     5215       0.94      0.000      0.105      0.105
[13:58:19] BMCombat:Mission.DecideAgentHitParticles[post]     2499       0.91      0.000      0.006      0.286
[13:58:19] lineModFork:Formation.GetDirectionOfUnit[post]      722       0.89      0.001      0.100      1.435
[13:58:19] terLib:MBSubModuleBase.OnApplicationTick[post]    33570       0.88      0.000      0.072      2.438
[13:58:19] mbatMechanicsHelper.ComputeBlowMagnitude[post]     1559       0.87      0.001      0.002      0.006
[13:58:19] PATCH:RBMCombat:Agent.WeaponEquipped[pre]           576       0.86      0.001      0.012      2.472
[13:58:19] lomacy:MBSubModuleBase.OnApplicationTick[post]    33570       0.85      0.000      0.006      0.928
[13:58:19] nicsHelper.DecideWeaponCollisionReaction[post]     2499       0.68      0.000      0.002      0.331
[13:58:19] PATCH:RBMCombat:Mission.MeleeHitCallback[pre]      5214       0.68      0.000      0.010      0.274
[13:58:19] es.CinematicChargesMissionLogic.OnAgentRemoved      135       0.67      0.005      0.007      0.863
[13:58:19] ic.DismembermentPlusMissionLogic.OnMissionTick     1456       0.63      0.000      0.003      0.494
[13:58:19] alogue:MBSubModuleBase.OnApplicationTick[post]    33570       0.52      0.000      0.019      0.724
[13:58:19] egeMorale.SiegeNoRetreatBehavior.OnMissionTick     1456       0.52      0.000      0.001      0.247
[13:58:19] TCH:RBMCombat:Mission.OnAgentShootMissile[pre]       68       0.51      0.007      0.015      0.242
[13:58:19] PATCH:RBMAI:Mission.CreateMeleeBlow[post]          3243       0.48      0.000      0.002      0.005
[13:58:19] CH:RTSCamera:Mission.UpdateSceneTimeSpeed[pre]      373       0.42      0.001      0.003      0.015
[13:58:19] MissionBehav.SiegeArcherPoints.OnMissionTick       1456       0.42      0.000      0.002      0.014
[13:58:19] sionViews.MissionAgentLabelView.OnAgentRemoved      135       0.41      0.003      0.020      0.020
[13:58:19] PATCH:RBMCombat:ItemModifier.ModifyArmor[pre]       988       0.40      0.000      0.002      0.122
[13:58:19] .MountAndBlade.BannerBearerLogic.OnMissionTick     1456       0.39      0.000      0.024      1.740
[13:58:19] ws.Sound.MusicBattleMissionView.OnAgentRemoved      135       0.38      0.003      0.004      0.247
[13:58:19] :RTSCamera:CrosshairVM.SetArrowProperties[pre]      373       0.37      0.001      0.002      0.309
[13:58:19] ux:Mission.HandleMissileCollisionReaction[pre]       68       0.35      0.005      0.010      0.785
[13:58:19] RTSCamera:OrderTroopPlacer.GetScreenPoint[pre]      746       0.34      0.000      0.004      0.412
[13:58:19] erlord.UIExtenderEx:BrushFactory.GetBrush[pre]      421       0.33      0.001      0.003      1.639
[13:58:19] TCH:Retinues:SubModule.TryRegisterWithMCM[fin]      373       0.28      0.001      0.001      0.002
[13:58:19] d.UIExtenderEx:WidgetFactory.IsCustomType[pre]     1378       0.26      0.000      0.003      0.006
[13:58:19] naSystem.StaminaMissionBehavior.OnAgentRemoved      135       0.26      0.002      0.004      0.004
[13:58:19] ltItemValueModel.CalculateTierMeleeWeapon[pre]      253       0.26      0.001      0.002      0.009
[13:58:19] TCH:RBMAI:Agent.OnWieldedItemIndexChange[post]    10266       0.25      0.000      0.006      0.566
[13:58:19] untAndBlade.HighlightsController.OnMissionTick     1456       0.25      0.000      0.002      1.026
[13:58:19] s.MountAndBlade.CasualtyHandler.OnAgentRemoved      135       0.25      0.002      0.003      0.222
[13:58:19] m:SquareFormation.GetLocalDirectionOfUnit[pre]      278       0.25      0.001      0.006      1.667
[13:58:19] rrangementOrder.GetShieldDirectionOfUnit[post]    34497       0.23      0.000      0.016      0.664
[13:58:19] PATCH:RBMAI:BehaviorCharge.GetAiWeight[post]        363       0.21      0.001      0.006      0.006
[13:58:19] Combat:Mission.GetAttackCollisionResults[post]     1559       0.21      0.000      0.005      0.303
[13:58:19] PATCH:RBMAI:Formation.SetMovementOrder[pre]         605       0.21      0.000      0.006      0.019
[13:58:19] PATCH:RBMAI:Agent.OnShieldDamaged[pre]              200       0.20      0.001      0.002      0.511
[13:58:19] ord.UIExtenderEx:ViewModel.ExecuteCommand[pre]      144       0.20      0.001      0.003      0.003
[13:58:19] CH:RBMCombat:Mission.OnAgentShootMissile[post]      136       0.19      0.001      0.003      0.014
[13:58:19] ntAndBlade.HighlightsController.OnAgentRemoved      135       0.18      0.001      0.007      1.521
[13:58:19] CH:RealisticCombatSounds:Agent.HandleBlow[pre]     2304       0.18      0.000      0.002      0.014
[13:58:19] lter.Logics.FormationFilterLogic.OnMissionTick     1456       0.17      0.000      0.032      0.032
[13:58:19] .MountAndBlade.AgentVictoryLogic.OnMissionTick     1456       0.16      0.000      0.002      0.356
[13:58:19] H:Bannerlord.UIExtenderEx:ViewModel..ctor[pre]      143       0.15      0.001      0.002      0.080
[13:58:19] lade.BattleHighlightsController.OnAgentRemoved      135       0.15      0.001      0.002      0.107
[13:58:19] FrontlineModFork:LineFormation.RemoveUnit[pre]     4789       0.15      0.000      0.003      0.357
[13:58:19] gic.ApplyMoraleEffectOnAgentIncapacitated[pre]      168       0.15      0.001      0.003      0.003
[13:58:19] iews.MissionMainAgentController.OnAgentRemoved      135       0.14      0.001      0.002      0.002
[13:58:19] PATCH:BattleSizeResized:Agent.Die[pre]              136       0.14      0.001      0.002      0.002
[13:58:19] ineMod.FrontlineCleanupBehavior.OnAgentRemoved      135       0.13      0.001      0.001      0.061
[13:58:19] MountAndBlade.AgentVictoryLogic.OnAgentRemoved      135       0.13      0.001      0.001      0.007
[13:58:19] System.Logic.CommandSystemLogic.OnAgentRemoved      135       0.13      0.001      0.006      0.120
[13:58:19] geMorale.SiegeNoRetreatBehavior.OnAgentRemoved      135       0.13      0.001      0.001      0.008
[13:58:19] nSieges.SiegeLootMissionBehavior.OnMissionTick     1456       0.13      0.000      0.001      0.252
[13:58:19] amera.View.FlyCameraMissionView.OnAgentRemoved      135       0.13      0.001      0.002      0.002
[13:58:19] PATCH:RBMAI:Agent.SetFiringOrder[pre]               160       0.12      0.001      0.001      0.002
[13:58:19] CommandSystem:FacingOrder.GetDirectionAux[pre]     5820       0.12      0.000      0.013      0.447
[13:58:19] PATCH:RBMAI:LineFormation.RemoveUnit[pre]          4789       0.12      0.000      0.006      0.619
[13:58:19] .RTSCamera.Logic.RTSCameraLogic.OnAgentRemoved      135       0.12      0.001      0.001      0.750
[13:58:19] Views.MissionGamepadEffectsView.OnAgentRemoved      135       0.12      0.001      0.002      0.002
[13:58:19] auntletMainAgentControlModeView.OnAgentRemoved      135       0.12      0.001      0.001      0.001
[13:58:19] Sieges.SiegeLootMissionBehavior.OnAgentRemoved      135       0.11      0.001      0.002      0.002
[13:58:19] PATCH:RBMAI:Mission.OnAgentShootMissile[pre]         68       0.11      0.002      0.003      0.006
[13:58:19] nGauntletMainAgentEquipDropView.OnAgentRemoved      135       0.11      0.001      0.002      0.002
[13:58:19] ateMaxMoraleChangeDueToAgentIncapacitated[fin]      135       0.11      0.001      0.001      0.002
[13:58:19] andSystem:OrderTroopPlacer.OnMissionTick[post]     1456       0.09      0.000      0.002      0.125
[13:58:19] StatusBar.UnitStatusMissionView.OnAgentRemoved      135       0.08      0.001      0.001      0.218
[13:58:19] ATCH:RBMCombat:Mission.MissileHitCallback[pre]       68       0.08      0.001      0.003      0.006
[13:58:19] AndBlade.CustomBattleAgentLogic.OnAgentRemoved      135       0.08      0.001      0.002      0.046
[13:58:19] TCH:RBMCombat:Mission.MissileHitCallback[post]       68       0.07      0.001      0.002      0.174
[13:58:19] MountAndBlade.BannerBearerLogic.OnAgentRemoved      135       0.07      0.000      0.001      0.001
[13:58:19] PATCH:RBMAI:Mission.OnAgentShootMissile[post]        68       0.07      0.001      0.002      0.022
[13:58:19] onGauntletOrderOfBattleUIHandler.OnMissionTick     1456       0.06      0.000      0.007      3.856
[13:58:19] PATCH:RBMAI:Formation.SetPositioning[pre]          5821       0.06      0.000      0.004      0.414
[13:58:19] .MissionBoundaryCrossingHandler.OnAgentRemoved      135       0.05      0.000      0.001      0.237
[13:58:19] sionLogics.MissionObjectiveLogic.OnMissionTick     1456       0.04      0.000      0.001      0.018
[13:58:19] ModFork:LineFormation.SwitchUnitLocations[pre]      172       0.04      0.000      0.001      0.003
[13:58:19] enderEx:WidgetFactory.CreateBuiltinWidget[pre]     1378       0.04      0.000      0.004      0.004
[13:58:19] tleReinforcementsSpawnController.OnMissionTick     1456       0.03      0.000      0.015      0.016
[13:58:19] :RBMAI:HumanAIComponent.GetFormationFrame[pre]      270       0.03      0.000      0.001      1.616
[13:58:19] PATCH:RBMAI:Formation.GetDirectionOfUnit[post]      722       0.03      0.000      0.001      1.976
[13:58:19] H:RBMAI:LineFormation.SwitchUnitLocations[pre]      172       0.03      0.000      0.001      0.002
[13:58:19] chanicsHelper.ComputeBlowMagnitudeMissile[pre]       25       0.03      0.001      0.002      0.274
[13:58:19] :TacticCoordinatedRetreat.GetTacticWeight[pre]       24       0.03      0.001      0.002      0.002
[13:58:19] ionBehaviors.MissionLibraryLogic.OnMissionTick     1456       0.03      0.000      0.001      0.244
[13:58:19] AI:TacticFullScaleAttack.GetTacticWeight[post]       24       0.02      0.001      0.001      0.003
[13:58:19] edSiegeMorale.SiegeMoraleTracker.OnMissionTick     1456       0.02      0.000      0.006      0.014
[13:58:19] ame:EquipmentElement.GetModifiedItemName[post]       14       0.01      0.001      0.001      0.002
[13:58:19] DefensiveLine.IsTacticalPositionEligible[post]      168       0.01      0.000      0.001      0.003
[13:58:19] ds.MountAndBlade.BattleEndLogic.OnAgentRemoved      135       0.01      0.000      0.001      0.001
[13:58:19] ork:HumanAIComponent.SetBehaviorValueSet[post]       20       0.00      0.000      0.001      0.515
[13:58:19] leOrderTweaks:Mission.AddTimeSpeedRequest[pre]        1       0.00      0.003      0.003      0.007
[13:58:19] MAI:HumanAIComponent.SetBehaviorValueSet[post]       20       0.00      0.000      0.001      0.564
[13:58:19] === END REPORT ===
[13:58:19] === PER-MOD TOTALS (this window, ms — overlapping/nested, not additive) ===
[13:58:19]       15352.74  FrontlineModFork
[13:58:19]       10334.09  RTSCamera.CommandSystem
[13:58:19]        4526.26  (engine/unattributed)
[13:58:19]         851.06  RBMAI
[13:58:19]         601.15  ArtemsCinematicCombat
[13:58:19]         300.73  RBMCombat
[13:58:19]         291.76  RBM
[13:58:19]         197.18  AIKickNBashFork
[13:58:19]         137.04  BetterPikes
[13:58:19]         100.27  StaminaSystem
[13:58:19]          39.90  BreakablePolearms
[13:58:19]          27.59  RTSCamera
[13:58:19]          27.39  ArtemsCinematicCharges
[13:58:19]          23.47  RealisticWeather
[13:58:19]          19.69  ArtemsLivelyAnimations
[13:58:19]          16.57  CinematicCombatMasterstrikeLogic
[13:58:19]          15.36  ProperShieldWalls
[13:58:19]          12.81  Bannerlord.MBOptionScreen
[13:58:19]          10.79  Bannerlord.ButterLib
[13:58:19]          10.79  RealisticCombatSounds
[13:58:19]           9.91  BattleOrderTweaks
[13:58:19]           7.58  PickupMeleeWeapons
[13:58:19]           7.53  zzzUniversalPatch
[13:58:19]           7.08  AIKickNBash
[13:58:19]           6.81  Bannerlord.DiplomacyNavalDLCPatch
[13:58:19]           6.32  StaminaSystemFork
[13:58:19]           5.85  MBFastDialogue
[13:58:19]           5.74  Bannerlord.Diplomacy
[13:58:19]           5.40  Retinues
[13:58:19]           5.01  Bannerlord.UsefulAlternativeAttacks
[13:58:19]           4.64  XorberaxLegacy
[13:58:19]           2.48  UnblockableThrust
[13:58:19]           1.57  RealisticCombatAdjustments
[13:58:19]           1.54  Immersive_Battlefields
[13:58:19]           0.98  Bannerlord.UIExtenderEx
[13:58:19]           0.67  EnhancedSiegeMorale
[13:58:19]           0.63  DismembermentPlus
[13:58:19]           0.42  SiegeArcherPoints
[13:58:19]           0.35  NoMoreStuckProjectilesRedux
[13:58:19]           0.24  LootBetweenSieges
[13:58:19]           0.17  FormationFilter
[13:58:19]           0.14  BattleSizeResized
[13:58:19]           0.13  FrontlineMod
[13:58:19]           0.03  MissionSharedLibrary
[13:58:19]           0.01  BetterSmithingContinued.MainFrame
[13:58:19] === END PER-MOD TOTALS ===
[13:58:20] SLOW MISSIONBEH MissionBehav.RTSCamera.Logic.RTSCameraLogic.OnAgentRemoved 44.1ms
[13:58:20] SLOW MISSIONBEH MissionBehav.RTSCamera.Logic.RTSCameraLogic.OnAgentRemoved 39.8ms
[13:58:23] SLOW MISSIONBEH MissionBehav.RTSCamera.Logic.RTSCameraLogic.OnAgentRemoved 41.1ms
[13:58:23] SLOW MISSIONBEH MissionBehav.RTSCamera.Logic.RTSCameraLogic.OnAgentRemoved 40.7ms
[13:58:24] SLOW MISSIONBEH MissionBehav.RTSCamera.Logic.RTSCameraLogic.OnAgentRemoved 40.3ms
[13:58:29] === PERFORMANCE REPORT ===
[13:58:29] Method                                            Calls  Total(ms)    Avg(ms)    Max(ms) SessMax(ms)
[13:58:29] --------------------------------------------------------------------------------------------------
[13:58:29] Mission.Frame(all)                                 1541    2564.79      1.664     48.225     48.225
[13:58:29] odFork:HumanAIComponent.GetFormationFrame[pre]    24134     655.47      0.027      5.642     35.245
[13:58:29] et_CalculateHasSignificantNumberOfMounted[pre]  1149885     364.29      0.000      1.766      9.740
[13:58:29] .RTSCamera.Logic.RTSCameraLogic.OnAgentRemoved       72     206.17      2.863     44.142     44.142
[13:58:29] icCombat.CCShieldTauntTroopsData.OnMissionTick     1540     196.30      0.127      0.420      3.870
[13:58:29] tStatusBar.UnitStatusMissionView.OnMissionTick     1540     180.20      0.117      0.880     53.810
[13:58:29] tatCalculateModel.SetAiRelatedProperties[post]    19371     177.72      0.009      1.803      4.903
[13:58:29] mbat.CinematicCombatMissionLogic.OnMissionTick     1540      94.05      0.061      2.820     26.632
[13:58:29] Pikes.BetterPikesMissionBehavior.OnMissionTick     1540      88.59      0.058      0.958      1.342
[13:58:29] eModFork:Formation.GetOrderPositionOfUnit[pre]    23984      83.43      0.003      1.873      4.380
[13:58:29] PATCH:RBMAI:Agent.IsInWater[pre]                 253414      66.33      0.000      1.576      1.830
[13:58:29] PATCH:AIKickNBashFork:Agent.OnAIInputSet[post]    84919      57.20      0.001      0.419      3.704
[13:58:29] RBMCombat:Agent.OnWieldedItemIndexChange[post]     2196      57.11      0.026      0.679      0.679
[13:58:29] inaSystem.StaminaMissionBehavior.OnMissionTick     1540      54.70      0.036      0.145      3.345
[13:58:29] BreakablePolearmsMissionBehavior.OnMissionTick     1540      41.94      0.027      0.622      0.622
[13:58:29] PATCH:RBMAI:HumanAIComponent.OnTick[post]        229249      37.25      0.000      1.206      2.458
[13:58:29] AgentStatCalculateModel.UpdateHumanStats[post]    19371      27.05      0.001      0.287      1.370
[13:58:29] CinematicCombatMasterstrikeLogic.OnMissionTick     1540      26.55      0.017      0.647      0.877
[13:58:29] at:Mission.HandleMissileCollisionReaction[pre]      144      18.94      0.132      0.238     11.719
[13:58:29] stem:OrderTroopPlacer.OnMissionScreenTick[pre]      663      15.87      0.024      0.041     38.336
[13:58:29] .MissionGauntletSpectatorControl.OnMissionTick     1540      15.63      0.010      0.551      0.551
[13:58:29] sCinematicCharges.SprintBehavior.OnMissionTick     1540      15.09      0.010      0.023      0.979
[13:58:29] PATCH:RBMAI:Agent.UpdateFormationOrders[pre]      23726      14.41      0.001      3.169      3.169
[13:58:29] andSystem:OrderTroopPlacer.GetCursorState[pre]      663      14.34      0.022      0.032      1.709
[13:58:29] H:RBMAI:HumanAIComponent.AdjustSpeedLimit[pre]    24181      11.50      0.000      0.772      1.711
[13:58:29] creen:MBSubModuleBase.AfterAsyncTickTick[post]   152559      10.70      0.000      0.475      0.640
[13:58:29] tatCalculateModel.SetAiRelatedProperties[post]    19371      10.01      0.001      0.885      1.767
[13:58:29] CH:RBMAI:Formation.GetOrderPositionOfUnit[pre]    11138       9.85      0.001      1.521      1.568
[13:58:29] manAIComponent.GetDesiredSpeedInFormation[pre]    23984       9.11      0.000      0.828      2.048
[13:58:29] erLib:MBSubModuleBase.AfterAsyncTickTick[post]   152559       8.71      0.000      1.137      7.673
[13:58:29] Patch:MBSubModuleBase.AfterAsyncTickTick[post]   152559       7.81      0.000      0.725      0.780
[13:58:29] logue:MBSubModuleBase.AfterAsyncTickTick[post]   152559       7.75      0.000      0.786      0.786
[13:58:29] ges.CinematicChargesMissionLogic.OnMissionTick     1540       7.30      0.005      0.087      4.389
[13:58:29] omacy:MBSubModuleBase.AfterAsyncTickTick[post]   152559       7.27      0.000      0.721      0.735
[13:58:29] .StaminaSystem.StaminaUIBehavior.OnMissionTick     3080       7.23      0.002      0.057      0.246
[13:58:29] Patch:MBSubModuleBase.AfterAsyncTickTick[post]   152559       7.19      0.000      0.565      0.691
[13:58:29] .MountAndBlade.AgentVictoryLogic.OnMissionTick     1540       6.95      0.005      1.079      1.079
[13:58:29] rderTweaks.VolleyMissionBehavior.OnMissionTick     1540       6.54      0.004      0.008      4.498
[13:58:29] omponent.ParallelUpdateFormationMovement[post]    24134       6.32      0.000      0.479      6.535
[13:58:29] temsLivelyAnimationsMissionLogic.OnMissionTick     1540       5.46      0.004      0.497      3.261
[13:58:29] lade.BattleObserverMissionLogic.OnAgentRemoved       72       5.41      0.075      0.140      0.495
[13:58:29] Screen:MBSubModuleBase.OnApplicationTick[post]    60030       5.34      0.000      0.665      2.446
[13:58:29] ehaviours.ShieldRotationBehavior.OnMissionTick     1540       5.14      0.003      0.404      3.236
[13:58:29] .ButterLib:MBSubModuleBase.OnNetworkTick[post]    62605       4.93      0.000      0.553      3.333
[13:58:29] ssionViews.MissionAgentLabelView.OnMissionTick     1540       4.72      0.003      0.008      1.251
[13:58:29] lds.MountAndBlade.BattleEndLogic.OnMissionTick     1540       4.42      0.003      2.684      2.684
[13:58:29] TCH:RBMAI:Formation.ApplyActionOnEachUnit[pre]      312       4.25      0.014      1.200      7.697
[13:58:29] onHandler.TryGetFormationDistanceToCenter[pre]     4620       4.24      0.001      0.608      0.608
[13:58:29] v.RTSCamera.Logic.RTSCameraLogic.OnMissionTick     1540       3.95      0.003      0.008     11.233
[13:58:29] lomacy:MBSubModuleBase.OnApplicationTick[post]    60030       3.73      0.000      0.725      0.928
[13:58:29] .CommandSystem:Formation.ReapplyFormOrder[pre]      151       3.69      0.024      0.221     22.781
[13:58:29] alogue:MBSubModuleBase.OnApplicationTick[post]    60030       3.47      0.000      1.294      1.294
[13:58:29] tinues:FormationQuerySystem.get_MainClass[pre]     5780       3.42      0.001      0.007      0.601
[13:58:29] lineModFork:Formation.GetDirectionOfUnit[post]     6828       3.41      0.000      1.575      1.575
[13:58:29] e.MissionBoundaryCrossingHandler.OnMissionTick     1540       3.36      0.002      0.008      0.526
[13:58:29] BMAI:BehaviorCharge.CalculateCurrentOrder[pre]      474       3.33      0.007      0.074      5.662
[13:58:29] mera.CommandSystem:Formation.SetFormOrder[pre]      171       3.16      0.018      0.216     22.749
[13:58:29] terLib:MBSubModuleBase.OnApplicationTick[post]    60030       2.99      0.000      0.660      2.438
[13:58:29] CombatSounds:BlowWeaponRecord.GetHitSound[pre]      619       2.73      0.004      0.015      0.545
[13:58:29] onCombatMechanicsHelper.ComputeBlowDamage[pre]      429       2.63      0.006      0.016      1.865
[13:58:29] lPatch:MBSubModuleBase.OnApplicationTick[post]    60030       2.60      0.000      0.343      2.948
[13:58:29] CPatch:MBSubModuleBase.OnApplicationTick[post]    60030       2.57      0.000      0.601      0.694
[13:58:29] eAgentStatCalculateModel.UpdateHumanStats[fin]    19371       2.32      0.000      0.921      1.573
[13:58:29] NBash.AIKickNBashMissionBehavior.OnMissionTick     1540       2.19      0.001      0.063      1.630
[13:58:29] nBoundaryCrossingHandler.TickForMainAgent[pre]     1540       2.18      0.001      0.006      0.290
[13:58:29] onGauntletSpectatorControl.OnMissionTick[post]     1540       2.16      0.001      0.541      0.541
[13:58:29] IComponent.DisablePickUpForAgentIfNeeded[post]     2177       1.99      0.001      0.007      0.442
[13:58:29] sionViews.Order.OrderTroopPlacer.OnMissionTick     1540       1.65      0.001      0.005      0.626
[13:58:29] aultBattleMissionAgentSpawnLogic.OnMissionTick     1540       1.64      0.001      0.005      1.267
[13:58:29] s.RealisticSoundsMissionBehavior.OnMissionTick     1540       1.64      0.001      0.006      0.549
[13:58:29] v.Immersive_Battlefields.IB_Core.OnMissionTick     1540       1.62      0.001      0.003      5.263
[13:58:29] CH:BetterPikes:Formation.SetMovementOrder[pre]      331       1.60      0.005      0.016      0.053
[13:58:29] roperShieldWalls:Mission.MeleeHitCallback[pre]      913       1.58      0.002      0.012      0.282
[13:58:29] ssionGauntletCategoryLoadManager.OnMissionTick     1540       1.54      0.001      0.003      0.019
[13:58:29] PATCH:RBMCombat:Mission.CreateMeleeBlow[post]      1869       1.30      0.001      0.008      0.561
[13:58:29] gic.AgentMoraleInteractionLogic.OnAgentRemoved       72       0.95      0.013      0.019      2.591
[13:58:29] PATCH:RBMCombat:Agent.HandleBlow[post]              607       0.90      0.001      0.016      0.478
[13:58:29] MCombat:CustomBattleAgentLogic.OnAgentHit[pre]      505       0.89      0.002      0.012      1.231
[13:58:29] terPikes:BehaviorCharge.TickOccasionally[post]      237       0.86      0.004      0.012      0.043
[13:58:29] ternativeAttacks:Mission.CreateMeleeBlow[post]      623       0.83      0.001      0.016      1.246
[13:58:29] nCombatMechanicsHelper.ComputeBlowDamage[post]      429       0.82      0.002      0.004      0.006
[13:58:29] icsHelper.CalculateBaseMeleeBlowMagnitude[pre]      605       0.82      0.001      0.006      0.501
[13:58:29] TroopItemVM.FormationOnOnUnitCountChanged[pre]       98       0.81      0.008      0.037      0.137
[13:58:29] nicsHelper.DecideWeaponCollisionReaction[post]      555       0.74      0.001      0.003      6.085
[13:58:29] PATCH:BetterPikes:Formation.SetFormOrder[pre]       171       0.73      0.004      0.024      0.338
[13:58:29] CH:RTSCamera:Mission.UpdateSceneTimeSpeed[pre]      663       0.71      0.001      0.003      0.015
[13:58:29] ic.DismembermentPlusMissionLogic.OnMissionTick     1540       0.71      0.000      0.002      0.494
[13:58:29] TCH:RBMCombat:Mission.OnAgentShootMissile[pre]      145       0.68      0.005      0.009      0.242
[13:58:29] PATCH:RBMAI:Formation.SetPositioning[pre]          5270       0.63      0.000      0.500      0.500
[13:58:29] BetterPikes:Formation.SetArrangementOrder[pre]       92       0.61      0.007      0.028      0.104
[13:58:29] amageAndBlocksAttackBecauseOfNonEnemyCase[pre]     1029       0.60      0.001      0.012      0.380
[13:58:29] H:RBMAI:Agent.UpdateLastAttackAndHitTimes[pre]      457       0.60      0.001      0.014      0.348
[13:58:29] egeMorale.SiegeNoRetreatBehavior.OnMissionTick     1540       0.58      0.000      0.004      0.247
[13:58:29] ra.CommandSystem:ArrangementOrder.OnApply[pre]       13       0.57      0.044      0.059     33.830
[13:58:29] :RTSCamera:CrosshairVM.SetArrowProperties[pre]      663       0.56      0.001      0.001      0.309
[13:58:29] rrangementOrder.GetShieldDirectionOfUnit[post]    13815       0.55      0.000      0.340      0.664
[13:58:29] MissionBehav.SiegeArcherPoints.OnMissionTick       1540       0.52      0.000      0.002      0.014
[13:58:29] PATCH:RBMCombat:Mission.RegisterBlow[pre]           552       0.49      0.001      0.057      2.993
[13:58:29] :RBMAI:HumanAIComponent.GetFormationFrame[pre]     6202       0.48      0.000      0.009      1.616
[13:58:29] anicsHelper.DecideWeaponCollisionReaction[pre]      555       0.47      0.001      0.004      0.378
[13:58:29] untAndBlade.HighlightsController.OnMissionTick     1540       0.47      0.000      0.005      1.026
[13:58:29] auntletMainAgentControlModeView.OnAgentRemoved       72       0.44      0.006      0.369      0.369
[13:58:29] PATCH:RBMAI:Mission.OnAgentHit[post]                497       0.44      0.001      0.002      0.020
[13:58:29] ux:Mission.HandleMissileCollisionReaction[pre]      144       0.42      0.003      0.009      0.785
[13:58:29] PATCH:RBMCombat:Mission.EndMission[pre]               1       0.40      0.402      0.402      0.402
[13:58:29] :XorberaxLegacy:Mission.MeleeHitCallback[post]      913       0.38      0.000      0.003      0.012
[13:58:29] es.CinematicChargesMissionLogic.OnAgentRemoved       72       0.36      0.005      0.007      0.863
[13:58:29] mbatMechanicsHelper.ComputeBlowMagnitude[post]      452       0.35      0.001      0.013      0.013
[13:58:29] PATCH:RBMCombat:Agent.WeaponEquipped[pre]           254       0.33      0.001      0.013      2.472
[13:58:29] BMCombat:Mission.DecideAgentHitParticles[post]      555       0.31      0.001      0.002      0.286
[13:58:29] PATCH:RBMAI:Agent.OnShieldDamaged[pre]               16       0.30      0.019      0.281      0.511
[13:58:29] CH:RBMCombat:Mission.OnAgentShootMissile[post]      290       0.30      0.001      0.003      0.014
[13:58:29] PATCH:RBMCombat:Mission.MeleeHitCallback[pre]       913       0.29      0.000      0.002      0.274
[13:58:29] .MountAndBlade.BannerBearerLogic.OnMissionTick     1540       0.29      0.000      0.016      1.740
[13:58:29] ws.Sound.MusicBattleMissionView.OnAgentRemoved       72       0.29      0.004      0.142      0.247
[13:58:29] echanicsHelper.GetDefendCollisionResults[post]      114       0.27      0.002      0.006      0.073
[13:58:29] nicsHelper.DecideWeaponCollisionReaction[post]      555       0.26      0.000      0.002      0.331
[13:58:29] lter.Logics.FormationFilterLogic.OnMissionTick     1540       0.25      0.000      0.005      0.032
[13:58:29] nSieges.SiegeLootMissionBehavior.OnMissionTick     1540       0.25      0.000      0.012      0.252
[13:58:29] echanicsHelper.GetDefendCollisionResults[post]      114       0.25      0.002      0.005      0.427
[13:58:29] .MissionBoundaryCrossingHandler.OnAgentRemoved       72       0.25      0.003      0.213      0.237
[13:58:29] PATCH:RBMAI:Mission.CreateMeleeBlow[post]           623       0.24      0.000      0.006      0.006
[13:58:29] tem:SquareFormation.GetSideOfUnitPosition[pre]     3410       0.23      0.000      0.004      0.644
[13:58:29] d.UIExtenderEx:WidgetFactory.IsCustomType[pre]     3399       0.23      0.000      0.006      0.006
[13:58:29] culator.CalculateStrikeMagnitudeForThrust[pre]       86       0.22      0.003      0.005      0.059
[13:58:29] PATCH:RBMAI:Formation.GetDirectionOfUnit[post]     6828       0.21      0.000      0.001      1.976
[13:58:29] PATCH:RBMCombat:ItemModifier.ModifyArmor[pre]       475       0.21      0.000      0.002      0.122
[13:58:29] sionViews.MissionAgentLabelView.OnAgentRemoved       72       0.21      0.003      0.004      0.020
[13:58:29] erlord.UIExtenderEx:BrushFactory.GetBrush[pre]     1326       0.20      0.000      0.002      1.639
[13:58:29] ation.SwitchUnitLocationsWithBackMostUnit[pre]      542       0.18      0.000      0.004      0.460
[13:58:29] CommandSystem:FacingOrder.GetDirectionAux[pre]     5237       0.17      0.000      0.005      0.447
[13:58:29] RTSCamera:OrderTroopPlacer.GetScreenPoint[pre]     1326       0.17      0.000      0.002      0.412
[13:58:29] TCH:RBMAI:Agent.OnWieldedItemIndexChange[post]     2196       0.17      0.000      0.005      0.566
[13:58:29] PATCH:RBMAI:Formation.SetMovementOrder[pre]         331       0.17      0.001      0.002      0.019
[13:58:29] CH:RealisticCombatSounds:Agent.HandleBlow[pre]      615       0.17      0.000      0.001      0.014
[13:58:29] PATCH:RBMAI:Mission.OnAgentShootMissile[pre]        145       0.17      0.001      0.003      0.006
[13:58:29] echanicsHelper.GetDefendCollisionResults[post]      114       0.16      0.001      0.004      0.286
[13:58:29] ticCombatSounds:Mission.MeleeHitCallback[post]      913       0.15      0.000      0.012      0.105
[13:58:29] ATCH:RBMCombat:Mission.MissileHitCallback[pre]      144       0.15      0.001      0.003      0.006
[13:58:29] onGauntletOrderOfBattleUIHandler.OnMissionTick     1540       0.15      0.000      0.005      3.856
[13:58:29] PATCH:RBMAI:BehaviorCharge.GetAiWeight[post]        237       0.15      0.001      0.002      0.006
[13:58:29] Combat:Mission.GetAttackCollisionResults[post]      452       0.14      0.000      0.001      0.303
[13:58:29] ord.UIExtenderEx:ViewModel.ExecuteCommand[pre]       93       0.13      0.001      0.004      0.004
[13:58:29] ndSystem:MissionOrderVM.UnregisterEvents[post]        1       0.13      0.129      0.129      0.129
[13:58:29] naSystem.StaminaMissionBehavior.OnAgentRemoved       72       0.13      0.002      0.004      0.004
[13:58:29] andSystem:OrderTroopPlacer.OnMissionTick[post]     1540       0.13      0.000      0.004      0.125
[13:58:29] TCH:RBMCombat:Mission.MissileHitCallback[post]      144       0.12      0.001      0.002      0.174
[13:58:29] echanicsHelper.GetDefendCollisionResults[post]      114       0.12      0.001      0.002      0.040
[13:58:29] ltItemValueModel.CalculateTierMeleeWeapon[pre]      106       0.11      0.001      0.002      0.009
[13:58:29] H:Bannerlord.UIExtenderEx:ViewModel..ctor[pre]      171       0.11      0.001      0.002      0.080
[13:58:29] ntAndBlade.HighlightsController.OnAgentRemoved       72       0.10      0.001      0.005      1.521
[13:58:29] TCH:Retinues:SubModule.TryRegisterWithMCM[fin]      667       0.10      0.000      0.001      0.002
[13:58:29] gic.ApplyMoraleEffectOnAgentIncapacitated[pre]      119       0.10      0.001      0.001      0.003
[13:58:29] s.MountAndBlade.CasualtyHandler.OnAgentRemoved       72       0.09      0.001      0.003      0.222
[13:58:29] sionLogics.MissionObjectiveLogic.OnMissionTick     1540       0.09      0.000      0.001      0.018
[13:58:29] Views.MissionGamepadEffectsView.OnAgentRemoved       72       0.09      0.001      0.016      0.016
[13:58:29] lade.BattleHighlightsController.OnAgentRemoved       72       0.09      0.001      0.006      0.107
[13:58:29] PATCH:RBMAI:Mission.OnAgentShootMissile[post]       145       0.08      0.001      0.002      0.022
[13:58:29] PATCH:BattleSizeResized:Agent.Die[pre]               72       0.08      0.001      0.002      0.002
[13:58:29] iews.MissionMainAgentController.OnAgentRemoved       72       0.07      0.001      0.003      0.003
[13:58:29] ineMod.FrontlineCleanupBehavior.OnAgentRemoved       72       0.07      0.001      0.001      0.061
[13:58:29] System.Logic.CommandSystemLogic.OnAgentRemoved       72       0.07      0.001      0.001      0.120
[13:58:29] MountAndBlade.AgentVictoryLogic.OnAgentRemoved       72       0.07      0.001      0.001      0.007
[13:58:29] geMorale.SiegeNoRetreatBehavior.OnAgentRemoved       72       0.07      0.001      0.001      0.008
[13:58:29] amera.View.FlyCameraMissionView.OnAgentRemoved       72       0.07      0.001      0.001      0.002
[13:58:29] ateMaxMoraleChangeDueToAgentIncapacitated[fin]       72       0.06      0.001      0.002      0.002
[13:58:29] nGauntletMainAgentEquipDropView.OnAgentRemoved       72       0.06      0.001      0.002      0.002
[13:58:29] tleReinforcementsSpawnController.OnMissionTick     1540       0.06      0.000      0.004      0.016
[13:58:29] enderEx:WidgetFactory.CreateBuiltinWidget[pre]     2460       0.05      0.000      0.002      0.004
[13:58:29] edSiegeMorale.SiegeMoraleTracker.OnMissionTick     1540       0.05      0.000      0.005      0.014
[13:58:29] ionBehaviors.MissionLibraryLogic.OnMissionTick     1540       0.05      0.000      0.001      0.244
[13:58:29] AndBlade.CustomBattleAgentLogic.OnAgentRemoved       72       0.05      0.001      0.001      0.046
[13:58:29] Sieges.SiegeLootMissionBehavior.OnAgentRemoved       72       0.05      0.001      0.002      0.002
[13:58:29] chanicsHelper.ComputeBlowMagnitudeMissile[pre]       48       0.05      0.001      0.002      0.274
[13:58:29] FrontlineModFork:LineFormation.RemoveUnit[pre]      404       0.05      0.000      0.003      0.357
[13:58:29] StatusBar.UnitStatusMissionView.OnAgentRemoved       72       0.05      0.001      0.001      0.218
[13:58:29] OptionsUIHandler.OnMissionScreenFinalize[post]        1       0.04      0.044      0.044      0.044
[13:58:29] PATCH:RBMAI:Agent.SetFiringOrder[pre]               170       0.04      0.000      0.002      0.002
[13:58:29] MountAndBlade.BannerBearerLogic.OnAgentRemoved       72       0.04      0.001      0.001      0.001
[13:58:29] PATCH:RBMAI:LineFormation.RemoveUnit[pre]           404       0.03      0.000      0.001      0.619
[13:58:29] ra:MissionAgentLabelView.IsAllyInAllyTeam[pre]     1527       0.01      0.000      0.003      0.326
[13:58:29] :TacticCoordinatedRetreat.GetTacticWeight[pre]       10       0.01      0.001      0.002      0.002
[13:58:29] ttleSizeResized:GameTextManager.FindText[post]       82       0.01      0.000      0.003      0.008
[13:58:29] ame:EquipmentElement.GetModifiedItemName[post]        9       0.01      0.001      0.002      0.002
[13:58:29] ork:HumanAIComponent.SetBehaviorValueSet[post]      114       0.01      0.000      0.001      0.515
[13:58:29] leSizeResized:MBAgentVisuals.AddMultiMesh[pre]        8       0.01      0.001      0.004      2.318
[13:58:29] AI:TacticFullScaleAttack.GetTacticWeight[post]       10       0.01      0.001      0.001      0.003
[13:58:29] TCH:MapIndicators:GauntletLayer.LoadMovie[pre]        2       0.01      0.004      0.006      0.006
[13:58:29] ModFork:LineFormation.SwitchUnitLocations[pre]       15       0.01      0.000      0.001      0.003
[13:58:29] ds.MountAndBlade.BattleEndLogic.OnAgentRemoved       72       0.01      0.000      0.001      0.001
[13:58:29] .UIExtenderEx:WidgetFactory.GetCustomType[pre]       36       0.01      0.000      0.003      0.004
[13:58:29] m:SquareFormation.GetLocalDirectionOfUnit[pre]        5       0.01      0.001      0.001      1.667
[13:58:29] PATCH:RBMAI:MissionState.OnDeactivate[post]           1       0.01      0.005      0.005      0.005
[13:58:29] H:RBMAI:LineFormation.SwitchUnitLocations[pre]       15       0.00      0.000      0.001      0.002
[13:58:29] MAI:HumanAIComponent.SetBehaviorValueSet[post]      114       0.00      0.000      0.002      0.564
[13:58:29] leOrderTweaks:Mission.AddTimeSpeedRequest[pre]        2       0.00      0.002      0.002      0.007
[13:58:29] DefensiveLine.IsTacticalPositionEligible[post]       42       0.00      0.000      0.001      0.003
[13:58:29] TCH:Bannerlord.Harmony:Harmony.UnpatchAll[pre]        1       0.00      0.003      0.003      0.003
[13:58:29] CH:RBMAI:MovementOrder.GetSubstituteOrder[pre]        2       0.00      0.001      0.001      0.001
[13:58:29] MAI:TacticComponent.ManageFormationCounts[pre]        1       0.00      0.002      0.002      0.660
[13:58:29] PATCH:RBMAI:TacticFullScaleAttack.Attack[post]        1       0.00      0.001      0.001      0.161
[13:58:29] rlord.UIExtenderEx:WidgetFactory.OnUnload[pre]       43       0.00      0.000      0.001      0.001
[13:58:29] ndSystem:MovementOrder.GetSubstituteOrder[pre]        2       0.00      0.001      0.001      0.001
[13:58:29] ticFullScaleAttack.ManageFormationCounts[post]        1       0.00      0.001      0.001      0.001
[13:58:29] andSystem:ArrangementOrder.GetArrangement[pre]       13       0.00      0.000      0.001      0.001
[13:58:29] === END REPORT ===
[13:58:29] === PER-MOD TOTALS (this window, ms — overlapping/nested, not additive) ===
[13:58:29]        2613.98  (engine/unattributed)
[13:58:29]         742.37  FrontlineModFork
[13:58:29]         411.70  RTSCamera.CommandSystem
[13:58:29]         335.35  RBMAI
[13:58:29]         290.34  ArtemsCinematicCombat
[13:58:29]         221.27  RTSCamera
[13:58:29]         180.25  RBM
[13:58:29]          96.65  RBMCombat
[13:58:29]          92.73  BetterPikes
[13:58:29]          62.05  StaminaSystem
[13:58:29]          57.20  AIKickNBashFork
[13:58:29]          41.94  BreakablePolearms
[13:58:29]          29.37  RealisticWeather
[13:58:29]          26.55  CinematicCombatMasterstrikeLogic
[13:58:29]          22.75  ArtemsCinematicCharges
[13:58:29]          16.62  Bannerlord.ButterLib
[13:58:29]          16.04  Bannerlord.MBOptionScreen
[13:58:29]          11.22  MBFastDialogue
[13:58:29]          11.00  Bannerlord.Diplomacy
[13:58:29]          10.42  zzzUniversalPatch
[13:58:29]           9.76  Bannerlord.DiplomacyNavalDLCPatch
[13:58:29]           6.84  ProperShieldWalls
[13:58:29]           6.54  BattleOrderTweaks
[13:58:29]           5.46  ArtemsLivelyAnimations
[13:58:29]           4.69  RealisticCombatSounds
[13:58:29]           3.52  Retinues
[13:58:29]           2.19  AIKickNBash
[13:58:29]           1.99  PickupMeleeWeapons
[13:58:29]           1.73  XorberaxLegacy
[13:58:29]           1.62  Immersive_Battlefields
[13:58:29]           1.62  StaminaSystemFork
[13:58:29]           0.83  Bannerlord.UsefulAlternativeAttacks
[13:58:29]           0.73  Bannerlord.UIExtenderEx
[13:58:29]           0.71  DismembermentPlus
[13:58:29]           0.70  EnhancedSiegeMorale
[13:58:29]           0.52  SiegeArcherPoints
[13:58:29]           0.42  NoMoreStuckProjectilesRedux
[13:58:29]           0.30  LootBetweenSieges
[13:58:29]           0.25  FormationFilter
[13:58:29]           0.25  UnblockableThrust
[13:58:29]           0.16  RealisticCombatAdjustments
[13:58:29]           0.10  BattleSizeResized
[13:58:29]           0.07  FrontlineMod
[13:58:29]           0.05  MissionSharedLibrary
[13:58:29]           0.04  Bannerlord.MBOptionScreen.v1.4.5
[13:58:29]           0.01  BetterSmithingContinued.MainFrame
[13:58:29]           0.01  MapIndicators
[13:58:29]           0.00  Bannerlord.Harmony
[13:58:29] === END PER-MOD TOTALS ===
[13:58:39] === PERFORMANCE REPORT ===
[13:58:39] Method                                            Calls  Total(ms)    Avg(ms)    Max(ms) SessMax(ms)
[13:58:39] --------------------------------------------------------------------------------------------------
[13:58:39] odule.SetInitialModuleScreenAsRootScreen[post]        1      89.44     89.437     89.437     89.437
[13:58:39] PATCH:RBM:MBObjectManager.MergeTwoXmls[pre]          28      29.11      1.039      4.057      4.057
[13:58:39] hared:SandBoxViewSubModule.OnInitialState[pre]        1      23.90     23.903     23.903     23.903
[13:58:39] terLib:MBSubModuleBase.OnApplicationTick[post]    58050      12.52      0.000      4.778      4.778
[13:58:39] .ButterLib:MBSubModuleBase.OnNetworkTick[post]    60630       5.88      0.000      1.119      3.333
[13:58:39] lPatch:MBSubModuleBase.OnApplicationTick[post]    58050       5.01      0.000      2.078      2.948
[13:58:39] Screen:MBSubModuleBase.OnApplicationTick[post]    58050       3.36      0.000      0.259      2.446
[13:58:39] lomacy:MBSubModuleBase.OnApplicationTick[post]    58050       2.46      0.000      0.353      0.928
[13:58:39] CPatch:MBSubModuleBase.OnApplicationTick[post]    58050       2.30      0.000      0.251      0.694
[13:58:39] alogue:MBSubModuleBase.OnApplicationTick[post]    58050       2.10      0.000      0.263      1.294
[13:58:39] PATCH:RBM:CustomBattleVM.ExecuteBack[pre]             2       0.63      0.317      0.436      0.436
[13:58:39] lord.ButterLib:MBSubModuleBase.OnGameEnd[post]       94       0.38      0.004      0.381      0.381
[13:58:39] lord.Diplomacy:MBSubModuleBase.OnGameEnd[post]       94       0.34      0.004      0.338      0.338
[13:58:39] MBOptionScreen:MBSubModuleBase.OnGameEnd[post]       94       0.29      0.003      0.249      0.249
[13:58:39] MBFastDialogue:MBSubModuleBase.OnGameEnd[post]       94       0.26      0.003      0.256      0.256
[13:58:39] yNavalDLCPatch:MBSubModuleBase.OnGameEnd[post]       94       0.22      0.002      0.215      0.215
[13:58:39] UniversalPatch:MBSubModuleBase.OnGameEnd[post]       94       0.21      0.002      0.203      0.203
[13:58:39] d.UIExtenderEx:WidgetFactory.IsCustomType[pre]     1832       0.06      0.000      0.004      0.006
[13:58:39] .v1.4.5:InitialMenuVM.RefreshMenuOptions[post]        1       0.05      0.052      0.052      0.052
[13:58:39] TCH:Retinues:SubModule.TryRegisterWithMCM[fin]      646       0.03      0.000      0.002      0.002
[13:58:39] ase.OnBeforeInitialModuleScreenSetAsRoot[post]       89       0.03      0.000      0.006      0.006
[13:58:39] ord.UIExtenderEx:ViewModel.ExecuteCommand[pre]       36       0.02      0.001      0.002      0.004
[13:58:39] ionScreen:MBSubModuleBase.OnInitialState[post]      100       0.02      0.000      0.014      0.014
[13:58:39] H:Bannerlord.UIExtenderEx:ViewModel..ctor[pre]       37       0.02      0.001      0.012      0.080
[13:58:39] ase.OnBeforeInitialModuleScreenSetAsRoot[post]       89       0.02      0.000      0.018      0.018
[13:58:39] TCH:Bannerlord.Harmony:Harmony.UnpatchAll[pre]        6       0.01      0.002      0.004      0.004
[13:58:39] ase.OnBeforeInitialModuleScreenSetAsRoot[post]       89       0.01      0.000      0.005      0.005
[13:58:39] erlord.UIExtenderEx:BrushFactory.GetBrush[pre]       51       0.01      0.000      0.002      1.639
[13:58:39] ase.OnBeforeInitialModuleScreenSetAsRoot[post]       89       0.01      0.000      0.002      0.002
[13:58:39] ase.OnBeforeInitialModuleScreenSetAsRoot[post]       89       0.01      0.000      0.005      0.005
[13:58:39] ase.OnBeforeInitialModuleScreenSetAsRoot[post]       89       0.01      0.000      0.003      0.003
[13:58:39] ButterLib:MBSubModuleBase.OnInitialState[post]      100       0.01      0.000      0.005      0.005
[13:58:39] Diplomacy:MBSubModuleBase.OnInitialState[post]      100       0.01      0.000      0.004      0.004
[13:58:39] TCH:MapIndicators:GauntletLayer.LoadMovie[pre]        3       0.01      0.002      0.006      0.006
[13:58:39] tDialogue:MBSubModuleBase.OnInitialState[post]      100       0.01      0.000      0.003      0.003
[13:58:39] rlord.UIExtenderEx:WidgetFactory.OnUnload[pre]       55       0.01      0.000      0.001      0.001
[13:58:39] rsalPatch:MBSubModuleBase.OnInitialState[post]      100       0.01      0.000      0.003      0.003
[13:58:39] Module.SetInitialModuleScreenAsRootScreen[pre]        1       0.01      0.006      0.006      0.006
[13:58:39] .UIExtenderEx:WidgetFactory.GetCustomType[pre]        4       0.01      0.001      0.003      0.004
[13:58:39] lDLCPatch:MBSubModuleBase.OnInitialState[post]      100       0.01      0.000      0.003      0.003
[13:58:39] enderEx:WidgetFactory.CreateBuiltinWidget[pre]      137       0.00      0.000      0.001      0.004
[13:58:39] === END REPORT ===
[13:58:39] === PER-MOD TOTALS (this window, ms — overlapping/nested, not additive) ===
[13:58:39]          89.49  Bannerlord.MBOptionScreen.v1.4.5
[13:58:39]          29.74  RBM
[13:58:39]          23.90  Bannerlord.BLSE.Shared
[13:58:39]          18.82  Bannerlord.ButterLib
[13:58:39]           5.23  zzzUniversalPatch
[13:58:39]           3.69  Bannerlord.MBOptionScreen
[13:58:39]           2.82  Bannerlord.Diplomacy
[13:58:39]           2.53  Bannerlord.DiplomacyNavalDLCPatch
[13:58:39]           2.37  MBFastDialogue
[13:58:39]           0.13  Bannerlord.UIExtenderEx
[13:58:39]           0.03  Retinues
[13:58:39]           0.01  Bannerlord.Harmony
[13:58:39]           0.01  MapIndicators
[13:58:39]           0.01  WPS_SkipIntro
[13:58:39] === END PER-MOD TOTALS ===
[13:58:49] === PERFORMANCE REPORT ===
[13:58:49] Method                                            Calls  Total(ms)    Avg(ms)    Max(ms) SessMax(ms)
[13:58:49] --------------------------------------------------------------------------------------------------
[13:58:49] lPatch:MBSubModuleBase.OnApplicationTick[post]    71100       4.58      0.000      0.250      2.948
[13:58:49] Screen:MBSubModuleBase.OnApplicationTick[post]    71100       4.36      0.000      0.245      2.446
[13:58:49] .ButterLib:MBSubModuleBase.OnNetworkTick[post]    74260       4.31      0.000      0.239      3.333
[13:58:49] lomacy:MBSubModuleBase.OnApplicationTick[post]    71100       2.91      0.000      0.243      0.928
[13:58:49] terLib:MBSubModuleBase.OnApplicationTick[post]    71100       2.84      0.000      0.251      4.778
[13:58:49] CPatch:MBSubModuleBase.OnApplicationTick[post]    71100       1.96      0.000      0.010      0.694
[13:58:49] alogue:MBSubModuleBase.OnApplicationTick[post]    71100       1.57      0.000      0.246      1.294
[13:58:49] TCH:Retinues:SubModule.TryRegisterWithMCM[fin]      790       0.02      0.000      0.001      0.002
[13:58:49] === END REPORT ===
[13:58:49] === PER-MOD TOTALS (this window, ms — overlapping/nested, not additive) ===
[13:58:49]           7.15  Bannerlord.ButterLib
[13:58:49]           4.58  zzzUniversalPatch
[13:58:49]           4.36  Bannerlord.MBOptionScreen
[13:58:49]           2.91  Bannerlord.Diplomacy
[13:58:49]           1.96  Bannerlord.DiplomacyNavalDLCPatch
[13:58:49]           1.57  MBFastDialogue
[13:58:49]           0.02  Retinues
[13:58:49] === END PER-MOD TOTALS ===
[13:58:59] === PERFORMANCE REPORT ===
[13:58:59] Method                                            Calls  Total(ms)    Avg(ms)    Max(ms) SessMax(ms)
[13:58:59] --------------------------------------------------------------------------------------------------
[13:58:59] Screen:MBSubModuleBase.OnApplicationTick[post]    69480       4.82      0.000      0.247      2.446
[13:58:59] .ButterLib:MBSubModuleBase.OnNetworkTick[post]    72568       4.11      0.000      0.011      3.333
[13:58:59] lPatch:MBSubModuleBase.OnApplicationTick[post]    69480       4.07      0.000      0.240      2.948
[13:58:59] CPatch:MBSubModuleBase.OnApplicationTick[post]    69480       2.97      0.000      0.298      0.694
[13:58:59] lomacy:MBSubModuleBase.OnApplicationTick[post]    69480       2.48      0.000      0.262      0.928
[13:58:59] terLib:MBSubModuleBase.OnApplicationTick[post]    69480       2.28      0.000      0.238      4.778
[13:58:59] alogue:MBSubModuleBase.OnApplicationTick[post]    69480       2.00      0.000      0.238      1.294
[13:58:59] TCH:Retinues:SubModule.TryRegisterWithMCM[fin]      772       0.02      0.000      0.001      0.002
[13:58:59] === END REPORT ===
[13:58:59] === PER-MOD TOTALS (this window, ms — overlapping/nested, not additive) ===
[13:58:59]           6.39  Bannerlord.ButterLib
[13:58:59]           4.82  Bannerlord.MBOptionScreen
[13:58:59]           4.07  zzzUniversalPatch
[13:58:59]           2.97  Bannerlord.DiplomacyNavalDLCPatch
[13:58:59]           2.48  Bannerlord.Diplomacy
[13:58:59]           2.00  MBFastDialogue
[13:58:59]           0.02  Retinues
[13:58:59] === END PER-MOD TOTALS ===
[13:59:09] === PERFORMANCE REPORT ===
[13:59:09] Method                                            Calls  Total(ms)    Avg(ms)    Max(ms) SessMax(ms)
[13:59:09] --------------------------------------------------------------------------------------------------
[13:59:09] .ButterLib:MBSubModuleBase.OnNetworkTick[post]    74260       7.59      0.000      0.257      3.333
[13:59:09] Screen:MBSubModuleBase.OnApplicationTick[post]    71100       3.53      0.000      0.009      2.446
[13:59:09] lPatch:MBSubModuleBase.OnApplicationTick[post]    71100       3.28      0.000      0.012      2.948
[13:59:09] CPatch:MBSubModuleBase.OnApplicationTick[post]    71100       2.50      0.000      0.242      0.694
[13:59:09] lomacy:MBSubModuleBase.OnApplicationTick[post]    71100       2.30      0.000      0.229      0.928
[13:59:09] terLib:MBSubModuleBase.OnApplicationTick[post]    71100       1.90      0.000      0.008      4.778
[13:59:09] alogue:MBSubModuleBase.OnApplicationTick[post]    71100       1.12      0.000      0.003      1.294
[13:59:09] TCH:Retinues:SubModule.TryRegisterWithMCM[fin]      790       0.02      0.000      0.001      0.002
[13:59:09] === END REPORT ===
[13:59:09] === PER-MOD TOTALS (this window, ms — overlapping/nested, not additive) ===
[13:59:09]           9.49  Bannerlord.ButterLib
[13:59:09]           3.53  Bannerlord.MBOptionScreen
[13:59:09]           3.28  zzzUniversalPatch
[13:59:09]           2.50  Bannerlord.DiplomacyNavalDLCPatch
[13:59:09]           2.30  Bannerlord.Diplomacy
[13:59:09]           1.12  MBFastDialogue
[13:59:09]           0.02  Retinues
[13:59:09] === END PER-MOD TOTALS ===
[13:59:19] === PERFORMANCE REPORT ===
[13:59:19] Method                                            Calls  Total(ms)    Avg(ms)    Max(ms) SessMax(ms)
[13:59:19] --------------------------------------------------------------------------------------------------
[13:59:19] Screen:MBSubModuleBase.OnApplicationTick[post]    69480       4.82      0.000      0.251      2.446
[13:59:19] .ButterLib:MBSubModuleBase.OnNetworkTick[post]    72568       4.39      0.000      0.010      3.333
[13:59:19] lPatch:MBSubModuleBase.OnApplicationTick[post]    69480       3.59      0.000      0.243      2.948
[13:59:19] CPatch:MBSubModuleBase.OnApplicationTick[post]    69480       3.07      0.000      0.301      0.694
[13:59:19] lomacy:MBSubModuleBase.OnApplicationTick[post]    69480       2.79      0.000      0.235      0.928
[13:59:19] terLib:MBSubModuleBase.OnApplicationTick[post]    69480       2.42      0.000      0.243      4.778
[13:59:19] alogue:MBSubModuleBase.OnApplicationTick[post]    69480       2.11      0.000      0.236      1.294
[13:59:19] TCH:Retinues:SubModule.TryRegisterWithMCM[fin]      772       0.03      0.000      0.001      0.002
[13:59:19] === END REPORT ===
[13:59:19] === PER-MOD TOTALS (this window, ms — overlapping/nested, not additive) ===
[13:59:19]           6.81  Bannerlord.ButterLib
[13:59:19]           4.82  Bannerlord.MBOptionScreen
[13:59:19]           3.59  zzzUniversalPatch
[13:59:19]           3.07  Bannerlord.DiplomacyNavalDLCPatch
[13:59:19]           2.79  Bannerlord.Diplomacy
[13:59:19]           2.11  MBFastDialogue
[13:59:19]           0.03  Retinues
[13:59:19] === END PER-MOD TOTALS ===
[13:59:29] === PERFORMANCE REPORT ===
[13:59:29] Method                                            Calls  Total(ms)    Avg(ms)    Max(ms) SessMax(ms)
[13:59:29] --------------------------------------------------------------------------------------------------
[13:59:29] .ButterLib:MBSubModuleBase.OnNetworkTick[post]    74260       7.26      0.000      0.252      3.333
[13:59:29] Screen:MBSubModuleBase.OnApplicationTick[post]    71100       4.14      0.000      0.245      2.446
[13:59:29] lPatch:MBSubModuleBase.OnApplicationTick[post]    71100       3.63      0.000      0.243      2.948
[13:59:29] terLib:MBSubModuleBase.OnApplicationTick[post]    71100       2.47      0.000      0.246      4.778
[13:59:29] lomacy:MBSubModuleBase.OnApplicationTick[post]    71100       2.42      0.000      0.236      0.928
[13:59:29] CPatch:MBSubModuleBase.OnApplicationTick[post]    71100       2.35      0.000      0.239      0.694
[13:59:29] alogue:MBSubModuleBase.OnApplicationTick[post]    71100       1.90      0.000      0.244      1.294
[13:59:29] TCH:Retinues:SubModule.TryRegisterWithMCM[fin]      790       0.03      0.000      0.001      0.002
[13:59:29] === END REPORT ===
[13:59:29] === PER-MOD TOTALS (this window, ms — overlapping/nested, not additive) ===
[13:59:29]           9.73  Bannerlord.ButterLib
[13:59:29]           4.14  Bannerlord.MBOptionScreen
[13:59:29]           3.63  zzzUniversalPatch
[13:59:29]           2.42  Bannerlord.Diplomacy
[13:59:29]           2.35  Bannerlord.DiplomacyNavalDLCPatch
[13:59:29]           1.90  MBFastDialogue
[13:59:29]           0.03  Retinues
[13:59:29] === END PER-MOD TOTALS ===
[13:59:39] === PERFORMANCE REPORT ===
[13:59:39] Method                                            Calls  Total(ms)    Avg(ms)    Max(ms) SessMax(ms)
[13:59:39] --------------------------------------------------------------------------------------------------
[13:59:39] lPatch:MBSubModuleBase.OnApplicationTick[post]    69480       4.50      0.000      0.246      2.948
[13:59:39] Screen:MBSubModuleBase.OnApplicationTick[post]    69480       4.33      0.000      0.258      2.446
[13:59:39] .ButterLib:MBSubModuleBase.OnNetworkTick[post]    72568       4.30      0.000      0.011      3.333
[13:59:39] lomacy:MBSubModuleBase.OnApplicationTick[post]    69480       3.25      0.000      0.258      0.928
[13:59:39] terLib:MBSubModuleBase.OnApplicationTick[post]    69480       2.84      0.000      0.245      4.778
[13:59:39] CPatch:MBSubModuleBase.OnApplicationTick[post]    69480       2.30      0.000      0.243      0.694
[13:59:39] alogue:MBSubModuleBase.OnApplicationTick[post]    69480       1.64      0.000      0.237      1.294
[13:59:39] TCH:Retinues:SubModule.TryRegisterWithMCM[fin]      772       0.03      0.000      0.001      0.002
[13:59:39] === END REPORT ===
[13:59:39] === PER-MOD TOTALS (this window, ms — overlapping/nested, not additive) ===
[13:59:39]           7.14  Bannerlord.ButterLib
[13:59:39]           4.50  zzzUniversalPatch
[13:59:39]           4.33  Bannerlord.MBOptionScreen
[13:59:39]           3.25  Bannerlord.Diplomacy
[13:59:39]           2.30  Bannerlord.DiplomacyNavalDLCPatch
[13:59:39]           1.64  MBFastDialogue
[13:59:39]           0.03  Retinues
[13:59:39] === END PER-MOD TOTALS ===
[13:59:49] === PERFORMANCE REPORT ===
[13:59:49] Method                                            Calls  Total(ms)    Avg(ms)    Max(ms) SessMax(ms)
[13:59:49] --------------------------------------------------------------------------------------------------
[13:59:49] .ButterLib:MBSubModuleBase.OnNetworkTick[post]    74260       6.03      0.000      0.285      3.333
[13:59:49] Screen:MBSubModuleBase.OnApplicationTick[post]    71100       4.39      0.000      0.278      2.446
[13:59:49] lPatch:MBSubModuleBase.OnApplicationTick[post]    71100       4.14      0.000      0.261      2.948
[13:59:49] CPatch:MBSubModuleBase.OnApplicationTick[post]    71100       2.83      0.000      0.250      0.694
[13:59:49] lomacy:MBSubModuleBase.OnApplicationTick[post]    71100       2.41      0.000      0.251      0.928
[13:59:49] terLib:MBSubModuleBase.OnApplicationTick[post]    71100       2.24      0.000      0.226      4.778
[13:59:49] alogue:MBSubModuleBase.OnApplicationTick[post]    71100       1.75      0.000      0.295      1.294
[13:59:49] TCH:Retinues:SubModule.TryRegisterWithMCM[fin]      790       0.02      0.000      0.001      0.002
[13:59:49] === END REPORT ===
[13:59:49] === PER-MOD TOTALS (this window, ms — overlapping/nested, not additive) ===
[13:59:49]           8.27  Bannerlord.ButterLib
[13:59:49]           4.39  Bannerlord.MBOptionScreen
[13:59:49]           4.14  zzzUniversalPatch
[13:59:49]           2.83  Bannerlord.DiplomacyNavalDLCPatch
[13:59:49]           2.41  Bannerlord.Diplomacy
[13:59:49]           1.75  MBFastDialogue
[13:59:49]           0.02  Retinues
[13:59:49] === END PER-MOD TOTALS ===
[13:59:59] === PERFORMANCE REPORT ===
[13:59:59] Method                                            Calls  Total(ms)    Avg(ms)    Max(ms) SessMax(ms)
[13:59:59] --------------------------------------------------------------------------------------------------
[13:59:59] Screen:MBSubModuleBase.OnApplicationTick[post]    69570       5.05      0.000      0.381      2.446
[13:59:59] .ButterLib:MBSubModuleBase.OnNetworkTick[post]    72662       4.31      0.000      0.012      3.333
[13:59:59] lPatch:MBSubModuleBase.OnApplicationTick[post]    69570       3.97      0.000      0.265      2.948
[13:59:59] lomacy:MBSubModuleBase.OnApplicationTick[post]    69570       2.75      0.000      0.234      0.928
[13:59:59] CPatch:MBSubModuleBase.OnApplicationTick[post]    69570       2.54      0.000      0.310      0.694
[13:59:59] terLib:MBSubModuleBase.OnApplicationTick[post]    69570       2.40      0.000      0.247      4.778
[13:59:59] alogue:MBSubModuleBase.OnApplicationTick[post]    69570       2.08      0.000      0.240      1.294
[13:59:59] TCH:Retinues:SubModule.TryRegisterWithMCM[fin]      773       0.03      0.000      0.001      0.002
[13:59:59] === END REPORT ===
[13:59:59] === PER-MOD TOTALS (this window, ms — overlapping/nested, not additive) ===
[13:59:59]           6.71  Bannerlord.ButterLib
[13:59:59]           5.05  Bannerlord.MBOptionScreen
[13:59:59]           3.97  zzzUniversalPatch
[13:59:59]           2.75  Bannerlord.Diplomacy
[13:59:59]           2.54  Bannerlord.DiplomacyNavalDLCPatch
[13:59:59]           2.08  MBFastDialogue
[13:59:59]           0.03  Retinues
[13:59:59] === END PER-MOD TOTALS ===
[14:00:09] === PERFORMANCE REPORT ===
[14:00:09] Method                                            Calls  Total(ms)    Avg(ms)    Max(ms) SessMax(ms)
[14:00:09] --------------------------------------------------------------------------------------------------
[14:00:09] Screen:MBSubModuleBase.OnApplicationTick[post]    71100       4.84      0.000      0.251      2.446
[14:00:09] .ButterLib:MBSubModuleBase.OnNetworkTick[post]    74260       4.58      0.000      0.007      3.333
[14:00:09] lPatch:MBSubModuleBase.OnApplicationTick[post]    71100       3.69      0.000      0.236      2.948
[14:00:09] terLib:MBSubModuleBase.OnApplicationTick[post]    71100       2.94      0.000      0.245      4.778
[14:00:09] CPatch:MBSubModuleBase.OnApplicationTick[post]    71100       2.84      0.000      0.249      0.694
[14:00:09] alogue:MBSubModuleBase.OnApplicationTick[post]    71100       2.60      0.000      0.247      1.294
[14:00:09] lomacy:MBSubModuleBase.OnApplicationTick[post]    71100       2.59      0.000      0.244      0.928
[14:00:09] TCH:Retinues:SubModule.TryRegisterWithMCM[fin]      790       0.03      0.000      0.002      0.002
[14:00:09] === END REPORT ===
[14:00:09] === PER-MOD TOTALS (this window, ms — overlapping/nested, not additive) ===
[14:00:09]           7.52  Bannerlord.ButterLib
[14:00:09]           4.84  Bannerlord.MBOptionScreen
[14:00:09]           3.69  zzzUniversalPatch
[14:00:09]           2.84  Bannerlord.DiplomacyNavalDLCPatch
[14:00:09]           2.60  MBFastDialogue
[14:00:09]           2.59  Bannerlord.Diplomacy
[14:00:09]           0.03  Retinues
[14:00:09] === END PER-MOD TOTALS ===
[14:00:19] === PERFORMANCE REPORT ===
[14:00:19] Method                                            Calls  Total(ms)    Avg(ms)    Max(ms) SessMax(ms)
[14:00:19] --------------------------------------------------------------------------------------------------
[14:00:19] Screen:MBSubModuleBase.OnApplicationTick[post]    69480       4.56      0.000      0.251      2.446
[14:00:19] .ButterLib:MBSubModuleBase.OnNetworkTick[post]    72568       4.49      0.000      0.244      3.333
[14:00:19] lPatch:MBSubModuleBase.OnApplicationTick[post]    69480       3.88      0.000      0.293      2.948
[14:00:19] lomacy:MBSubModuleBase.OnApplicationTick[post]    69480       3.49      0.000      0.634      0.928
[14:00:19] CPatch:MBSubModuleBase.OnApplicationTick[post]    69480       2.82      0.000      0.252      0.694
[14:00:19] terLib:MBSubModuleBase.OnApplicationTick[post]    69480       2.62      0.000      0.250      4.778
[14:00:19] alogue:MBSubModuleBase.OnApplicationTick[post]    69480       1.65      0.000      0.233      1.294
[14:00:19] TCH:Retinues:SubModule.TryRegisterWithMCM[fin]      772       0.04      0.000      0.001      0.002
[14:00:19] === END REPORT ===
[14:00:19] === PER-MOD TOTALS (this window, ms — overlapping/nested, not additive) ===
[14:00:19]           7.11  Bannerlord.ButterLib
[14:00:19]           4.56  Bannerlord.MBOptionScreen
[14:00:19]           3.88  zzzUniversalPatch
[14:00:19]           3.49  Bannerlord.Diplomacy
[14:00:19]           2.82  Bannerlord.DiplomacyNavalDLCPatch
[14:00:19]           1.65  MBFastDialogue
[14:00:19]           0.04  Retinues
[14:00:19] === END PER-MOD TOTALS ===
[14:00:29] === PERFORMANCE REPORT ===
[14:00:29] Method                                            Calls  Total(ms)    Avg(ms)    Max(ms) SessMax(ms)
[14:00:29] --------------------------------------------------------------------------------------------------
[14:00:29] .ButterLib:MBSubModuleBase.OnNetworkTick[post]    74260       7.01      0.000      0.251      3.333
[14:00:29] Screen:MBSubModuleBase.OnApplicationTick[post]    71100       3.99      0.000      0.241      2.446
[14:00:29] lPatch:MBSubModuleBase.OnApplicationTick[post]    71100       3.59      0.000      0.311      2.948
[14:00:29] lomacy:MBSubModuleBase.OnApplicationTick[post]    71100       2.75      0.000      0.243      0.928
[14:00:29] CPatch:MBSubModuleBase.OnApplicationTick[post]    71100       2.45      0.000      0.236      0.694
[14:00:29] terLib:MBSubModuleBase.OnApplicationTick[post]    71100       1.93      0.000      0.023      4.778
[14:00:29] alogue:MBSubModuleBase.OnApplicationTick[post]    71100       1.66      0.000      0.249      1.294
[14:00:29] TCH:Retinues:SubModule.TryRegisterWithMCM[fin]      790       0.02      0.000      0.001      0.002
[14:00:29] === END REPORT ===
[14:00:29] === PER-MOD TOTALS (this window, ms — overlapping/nested, not additive) ===
[14:00:29]           8.95  Bannerlord.ButterLib
[14:00:29]           3.99  Bannerlord.MBOptionScreen
[14:00:29]           3.59  zzzUniversalPatch
[14:00:29]           2.75  Bannerlord.Diplomacy
[14:00:29]           2.45  Bannerlord.DiplomacyNavalDLCPatch
[14:00:29]           1.66  MBFastDialogue
[14:00:29]           0.02  Retinues
[14:00:29] === END PER-MOD TOTALS ===
[14:00:39] === PERFORMANCE REPORT ===
[14:00:39] Method                                            Calls  Total(ms)    Avg(ms)    Max(ms) SessMax(ms)
[14:00:39] --------------------------------------------------------------------------------------------------
[14:00:39] Screen:MBSubModuleBase.OnApplicationTick[post]    71100       5.02      0.000      0.253      2.446
[14:00:39] lPatch:MBSubModuleBase.OnApplicationTick[post]    71100       4.63      0.000      0.269      2.948
[14:00:39] .ButterLib:MBSubModuleBase.OnNetworkTick[post]    74260       4.43      0.000      0.024      3.333
[14:00:39] lomacy:MBSubModuleBase.OnApplicationTick[post]    71100       3.29      0.000      0.246      0.928
[14:00:39] CPatch:MBSubModuleBase.OnApplicationTick[post]    71100       2.50      0.000      0.268      0.694
[14:00:39] alogue:MBSubModuleBase.OnApplicationTick[post]    71100       2.13      0.000      0.257      1.294
[14:00:39] terLib:MBSubModuleBase.OnApplicationTick[post]    71100       2.00      0.000      0.028      4.778
[14:00:39] TCH:Retinues:SubModule.TryRegisterWithMCM[fin]      790       0.03      0.000      0.001      0.002
[14:00:39] === END REPORT ===
[14:00:39] === PER-MOD TOTALS (this window, ms — overlapping/nested, not additive) ===
[14:00:39]           6.43  Bannerlord.ButterLib
[14:00:39]           5.02  Bannerlord.MBOptionScreen
[14:00:39]           4.63  zzzUniversalPatch
[14:00:39]           3.29  Bannerlord.Diplomacy
[14:00:39]           2.50  Bannerlord.DiplomacyNavalDLCPatch
[14:00:39]           2.13  MBFastDialogue
[14:00:39]           0.03  Retinues
[14:00:39] === END PER-MOD TOTALS ===
[14:00:49] === PERFORMANCE REPORT ===
[14:00:49] Method                                            Calls  Total(ms)    Avg(ms)    Max(ms) SessMax(ms)
[14:00:49] --------------------------------------------------------------------------------------------------
[14:00:49] Screen:MBSubModuleBase.OnApplicationTick[post]    69480       4.53      0.000      0.266      2.446
[14:00:49] .ButterLib:MBSubModuleBase.OnNetworkTick[post]    72568       4.42      0.000      0.037      3.333
[14:00:49] lPatch:MBSubModuleBase.OnApplicationTick[post]    69480       4.14      0.000      0.280      2.948
[14:00:49] lomacy:MBSubModuleBase.OnApplicationTick[post]    69480       3.45      0.000      0.310      0.928
[14:00:49] terLib:MBSubModuleBase.OnApplicationTick[post]    69480       3.34      0.000      0.266      4.778
[14:00:49] CPatch:MBSubModuleBase.OnApplicationTick[post]    69480       2.45      0.000      0.223      0.694
[14:00:49] alogue:MBSubModuleBase.OnApplicationTick[post]    69480       2.26      0.000      0.250      1.294
[14:00:49] TCH:Retinues:SubModule.TryRegisterWithMCM[fin]      772       0.03      0.000      0.001      0.002
[14:00:49] === END REPORT ===
[14:00:49] === PER-MOD TOTALS (this window, ms — overlapping/nested, not additive) ===
[14:00:49]           7.76  Bannerlord.ButterLib
[14:00:49]           4.53  Bannerlord.MBOptionScreen
[14:00:49]           4.14  zzzUniversalPatch
[14:00:49]           3.45  Bannerlord.Diplomacy
[14:00:49]           2.45  Bannerlord.DiplomacyNavalDLCPatch
[14:00:49]           2.26  MBFastDialogue
[14:00:49]           0.03  Retinues
[14:00:49] === END PER-MOD TOTALS ===
[14:00:59] === PERFORMANCE REPORT ===
[14:00:59] Method                                            Calls  Total(ms)    Avg(ms)    Max(ms) SessMax(ms)
[14:00:59] --------------------------------------------------------------------------------------------------
[14:00:59] .ButterLib:MBSubModuleBase.OnNetworkTick[post]    74260       5.40      0.000      0.259      3.333
[14:00:59] Screen:MBSubModuleBase.OnApplicationTick[post]    71100       4.81      0.000      0.241      2.446
[14:00:59] lPatch:MBSubModuleBase.OnApplicationTick[post]    71100       3.94      0.000      0.233      2.948
[14:00:59] terLib:MBSubModuleBase.OnApplicationTick[post]    71100       3.88      0.000      0.254      4.778
[14:00:59] lomacy:MBSubModuleBase.OnApplicationTick[post]    71100       2.51      0.000      0.223      0.928
[14:00:59] CPatch:MBSubModuleBase.OnApplicationTick[post]    71100       2.39      0.000      0.232      0.694
[14:00:59] alogue:MBSubModuleBase.OnApplicationTick[post]    71100       1.80      0.000      0.250      1.294
[14:00:59] TCH:Retinues:SubModule.TryRegisterWithMCM[fin]      790       0.05      0.000      0.025      0.025
[14:00:59] === END REPORT ===
[14:00:59] === PER-MOD TOTALS (this window, ms — overlapping/nested, not additive) ===
[14:00:59]           9.28  Bannerlord.ButterLib
[14:00:59]           4.81  Bannerlord.MBOptionScreen
[14:00:59]           3.94  zzzUniversalPatch
[14:00:59]           2.51  Bannerlord.Diplomacy
[14:00:59]           2.39  Bannerlord.DiplomacyNavalDLCPatch
[14:00:59]           1.80  MBFastDialogue
[14:00:59]           0.05  Retinues
[14:00:59] === END PER-MOD TOTALS ===
[14:01:09] === PERFORMANCE REPORT ===
[14:01:09] Method                                            Calls  Total(ms)    Avg(ms)    Max(ms) SessMax(ms)
[14:01:09] --------------------------------------------------------------------------------------------------
[14:01:09] Screen:MBSubModuleBase.OnApplicationTick[post]    69480       5.20      0.000      0.261      2.446
[14:01:09] .ButterLib:MBSubModuleBase.OnNetworkTick[post]    72568       4.28      0.000      0.035      3.333
[14:01:09] lPatch:MBSubModuleBase.OnApplicationTick[post]    69480       4.07      0.000      0.229      2.948
[14:01:09] lomacy:MBSubModuleBase.OnApplicationTick[post]    69480       2.98      0.000      0.286      0.928
[14:01:09] CPatch:MBSubModuleBase.OnApplicationTick[post]    69480       2.67      0.000      0.276      0.694
[14:01:09] terLib:MBSubModuleBase.OnApplicationTick[post]    69480       2.46      0.000      0.237      4.778
[14:01:09] alogue:MBSubModuleBase.OnApplicationTick[post]    69480       2.32      0.000      0.232      1.294
[14:01:09] TCH:Retinues:SubModule.TryRegisterWithMCM[fin]      772       0.05      0.000      0.023      0.025
[14:01:09] === END REPORT ===
[14:01:09] === PER-MOD TOTALS (this window, ms — overlapping/nested, not additive) ===
[14:01:09]           6.74  Bannerlord.ButterLib
[14:01:09]           5.20  Bannerlord.MBOptionScreen
[14:01:09]           4.07  zzzUniversalPatch
[14:01:09]           2.98  Bannerlord.Diplomacy
[14:01:09]           2.67  Bannerlord.DiplomacyNavalDLCPatch
[14:01:09]           2.32  MBFastDialogue
[14:01:09]           0.05  Retinues
[14:01:09] === END PER-MOD TOTALS ===
[14:01:19] === PERFORMANCE REPORT ===
[14:01:19] Method                                            Calls  Total(ms)    Avg(ms)    Max(ms) SessMax(ms)
[14:01:19] --------------------------------------------------------------------------------------------------
[14:01:19] .ButterLib:MBSubModuleBase.OnNetworkTick[post]    74260       5.01      0.000      0.234      3.333
[14:01:19] Screen:MBSubModuleBase.OnApplicationTick[post]    71100       4.77      0.000      0.261      2.446
[14:01:19] lPatch:MBSubModuleBase.OnApplicationTick[post]    71100       4.19      0.000      0.233      2.948
[14:01:19] lomacy:MBSubModuleBase.OnApplicationTick[post]    71100       3.32      0.000      0.311      0.928
[14:01:19] terLib:MBSubModuleBase.OnApplicationTick[post]    71100       3.06      0.000      0.283      4.778
[14:01:19] CPatch:MBSubModuleBase.OnApplicationTick[post]    71100       2.93      0.000      0.266      0.694
[14:01:19] alogue:MBSubModuleBase.OnApplicationTick[post]    71100       1.69      0.000      0.234      1.294
[14:01:19] TCH:Retinues:SubModule.TryRegisterWithMCM[fin]      790       0.04      0.000      0.001      0.025
[14:01:19] === END REPORT ===
[14:01:19] === PER-MOD TOTALS (this window, ms — overlapping/nested, not additive) ===
[14:01:19]           8.07  Bannerlord.ButterLib
[14:01:19]           4.77  Bannerlord.MBOptionScreen
[14:01:19]           4.19  zzzUniversalPatch
[14:01:19]           3.32  Bannerlord.Diplomacy
[14:01:19]           2.93  Bannerlord.DiplomacyNavalDLCPatch
[14:01:19]           1.69  MBFastDialogue
[14:01:19]           0.04  Retinues
[14:01:19] === END PER-MOD TOTALS ===
[14:01:29] === PERFORMANCE REPORT ===
[14:01:29] Method                                            Calls  Total(ms)    Avg(ms)    Max(ms) SessMax(ms)
[14:01:29] --------------------------------------------------------------------------------------------------
[14:01:29] lPatch:MBSubModuleBase.OnApplicationTick[post]    69570       4.88      0.000      0.297      2.948
[14:01:29] .ButterLib:MBSubModuleBase.OnNetworkTick[post]    72662       4.17      0.000      0.021      3.333
[14:01:29] Screen:MBSubModuleBase.OnApplicationTick[post]    69570       4.00      0.000      0.268      2.446
[14:01:29] lomacy:MBSubModuleBase.OnApplicationTick[post]    69570       3.26      0.000      0.296      0.928
[14:01:29] CPatch:MBSubModuleBase.OnApplicationTick[post]    69570       2.49      0.000      0.244      0.694
[14:01:29] terLib:MBSubModuleBase.OnApplicationTick[post]    69570       2.47      0.000      0.245      4.778
[14:01:29] alogue:MBSubModuleBase.OnApplicationTick[post]    69570       1.89      0.000      0.257      1.294
[14:01:29] TCH:Retinues:SubModule.TryRegisterWithMCM[fin]      773       0.02      0.000      0.001      0.025
[14:01:29] === END REPORT ===
[14:01:29] === PER-MOD TOTALS (this window, ms — overlapping/nested, not additive) ===
[14:01:29]           6.64  Bannerlord.ButterLib
[14:01:29]           4.88  zzzUniversalPatch
[14:01:29]           4.00  Bannerlord.MBOptionScreen
[14:01:29]           3.26  Bannerlord.Diplomacy
[14:01:29]           2.49  Bannerlord.DiplomacyNavalDLCPatch
[14:01:29]           1.89  MBFastDialogue
[14:01:29]           0.02  Retinues
[14:01:29] === END PER-MOD TOTALS ===
[14:01:39] === PERFORMANCE REPORT ===
[14:01:39] Method                                            Calls  Total(ms)    Avg(ms)    Max(ms) SessMax(ms)
[14:01:39] --------------------------------------------------------------------------------------------------
[14:01:39] Screen:MBSubModuleBase.OnApplicationTick[post]    71100       4.90      0.000      0.296      2.446
[14:01:39] .ButterLib:MBSubModuleBase.OnNetworkTick[post]    74260       4.32      0.000      0.022      3.333
[14:01:39] lomacy:MBSubModuleBase.OnApplicationTick[post]    71100       3.81      0.000      0.238      0.928
[14:01:39] lPatch:MBSubModuleBase.OnApplicationTick[post]    71100       3.56      0.000      0.049      2.948
[14:01:39] CPatch:MBSubModuleBase.OnApplicationTick[post]    71100       3.40      0.000      0.280      0.694
[14:01:39] terLib:MBSubModuleBase.OnApplicationTick[post]    71100       2.68      0.000      0.235      4.778
[14:01:39] alogue:MBSubModuleBase.OnApplicationTick[post]    71100       1.69      0.000      0.258      1.294
[14:01:39] TCH:Retinues:SubModule.TryRegisterWithMCM[fin]      790       0.03      0.000      0.001      0.025
[14:01:39] === END REPORT ===
[14:01:39] === PER-MOD TOTALS (this window, ms — overlapping/nested, not additive) ===
[14:01:39]           7.00  Bannerlord.ButterLib
[14:01:39]           4.90  Bannerlord.MBOptionScreen
[14:01:39]           3.81  Bannerlord.Diplomacy
[14:01:39]           3.56  zzzUniversalPatch
[14:01:39]           3.40  Bannerlord.DiplomacyNavalDLCPatch
[14:01:39]           1.69  MBFastDialogue
[14:01:39]           0.03  Retinues
[14:01:39] === END PER-MOD TOTALS ===
[14:01:49] === PERFORMANCE REPORT ===
[14:01:49] Method                                            Calls  Total(ms)    Avg(ms)    Max(ms) SessMax(ms)
[14:01:49] --------------------------------------------------------------------------------------------------
[14:01:49] .ButterLib:MBSubModuleBase.OnNetworkTick[post]    72662       6.35      0.000      0.291      3.333
[14:01:49] Screen:MBSubModuleBase.OnApplicationTick[post]    69570       5.03      0.000      0.246      2.446
[14:01:49] lPatch:MBSubModuleBase.OnApplicationTick[post]    69570       4.35      0.000      0.325      2.948
[14:01:49] CPatch:MBSubModuleBase.OnApplicationTick[post]    69570       3.42      0.000      0.283      0.694
[14:01:49] lomacy:MBSubModuleBase.OnApplicationTick[post]    69570       2.84      0.000      0.242      0.928
[14:01:49] terLib:MBSubModuleBase.OnApplicationTick[post]    69570       2.29      0.000      0.229      4.778
[14:01:49] alogue:MBSubModuleBase.OnApplicationTick[post]    69570       1.41      0.000      0.054      1.294
[14:01:49] TCH:Retinues:SubModule.TryRegisterWithMCM[fin]      773       0.04      0.000      0.001      0.025
[14:01:49] === END REPORT ===
[14:01:49] === PER-MOD TOTALS (this window, ms — overlapping/nested, not additive) ===
[14:01:49]           8.64  Bannerlord.ButterLib
[14:01:49]           5.03  Bannerlord.MBOptionScreen
[14:01:49]           4.35  zzzUniversalPatch
[14:01:49]           3.42  Bannerlord.DiplomacyNavalDLCPatch
[14:01:49]           2.84  Bannerlord.Diplomacy
[14:01:49]           1.41  MBFastDialogue
[14:01:49]           0.04  Retinues
[14:01:49] === END PER-MOD TOTALS ===
[14:01:59] === PERFORMANCE REPORT ===
[14:01:59] Method                                            Calls  Total(ms)    Avg(ms)    Max(ms) SessMax(ms)
[14:01:59] --------------------------------------------------------------------------------------------------
[14:01:59] .ButterLib:MBSubModuleBase.OnNetworkTick[post]    74260       7.91      0.000      0.311      3.333
[14:01:59] lPatch:MBSubModuleBase.OnApplicationTick[post]    71100       4.75      0.000      0.237      2.948
[14:01:59] Screen:MBSubModuleBase.OnApplicationTick[post]    71100       4.73      0.000      0.249      2.446
[14:01:59] terLib:MBSubModuleBase.OnApplicationTick[post]    71100       3.30      0.000      0.595      4.778
[14:01:59] CPatch:MBSubModuleBase.OnApplicationTick[post]    71100       2.95      0.000      0.256      0.694
[14:01:59] lomacy:MBSubModuleBase.OnApplicationTick[post]    71100       2.45      0.000      0.040      0.928
[14:01:59] alogue:MBSubModuleBase.OnApplicationTick[post]    71100       1.49      0.000      0.026      1.294
[14:01:59] TCH:Retinues:SubModule.TryRegisterWithMCM[fin]      790       0.07      0.000      0.023      0.025
[14:01:59] === END REPORT ===
[14:01:59] === PER-MOD TOTALS (this window, ms — overlapping/nested, not additive) ===
[14:01:59]          11.21  Bannerlord.ButterLib
[14:01:59]           4.75  zzzUniversalPatch
[14:01:59]           4.73  Bannerlord.MBOptionScreen
[14:01:59]           2.95  Bannerlord.DiplomacyNavalDLCPatch
[14:01:59]           2.45  Bannerlord.Diplomacy
[14:01:59]           1.49  MBFastDialogue
[14:01:59]           0.07  Retinues
[14:01:59] === END PER-MOD TOTALS ===
[14:02:09] === PERFORMANCE REPORT ===
[14:02:09] Method                                            Calls  Total(ms)    Avg(ms)    Max(ms) SessMax(ms)
[14:02:09] --------------------------------------------------------------------------------------------------
[14:02:09] .ButterLib:MBSubModuleBase.OnNetworkTick[post]    72568       7.30      0.000      0.381      3.333
[14:02:09] Screen:MBSubModuleBase.OnApplicationTick[post]    69480       5.93      0.000      0.391      2.446
[14:02:09] lPatch:MBSubModuleBase.OnApplicationTick[post]    69480       4.10      0.000      0.029      2.948
[14:02:09] lomacy:MBSubModuleBase.OnApplicationTick[post]    69480       3.35      0.000      0.344      0.928
[14:02:09] terLib:MBSubModuleBase.OnApplicationTick[post]    69480       3.00      0.000      0.302      4.778
[14:02:09] CPatch:MBSubModuleBase.OnApplicationTick[post]    69480       2.84      0.000      0.240      0.694
[14:02:09] alogue:MBSubModuleBase.OnApplicationTick[post]    69480       2.31      0.000      0.346      1.294
[14:02:09] TCH:Retinues:SubModule.TryRegisterWithMCM[fin]      772       0.13      0.000      0.026      0.026
[14:02:09] ord.UIExtenderEx:ViewModel.ExecuteCommand[pre]       24       0.02      0.001      0.003      0.004
[14:02:09] d.UIExtenderEx:WidgetFactory.IsCustomType[pre]       84       0.02      0.000      0.003      0.006
[14:02:09] TCH:MapIndicators:GauntletLayer.LoadMovie[pre]        6       0.01      0.002      0.004      0.006
[14:02:09] .UIExtenderEx:WidgetFactory.GetCustomType[pre]        6       0.01      0.002      0.004      0.004
[14:02:09] erlord.UIExtenderEx:BrushFactory.GetBrush[pre]        6       0.01      0.001      0.002      1.639
[14:02:09] rlord.UIExtenderEx:WidgetFactory.OnUnload[pre]        6       0.01      0.001      0.001      0.001
[14:02:09] H:Bannerlord.UIExtenderEx:ViewModel..ctor[pre]        6       0.00      0.001      0.001      0.080
[14:02:09] enderEx:WidgetFactory.CreateBuiltinWidget[pre]       42       0.00      0.000      0.001      0.004
[14:02:09] === END REPORT ===
[14:02:09] === PER-MOD TOTALS (this window, ms — overlapping/nested, not additive) ===
[14:02:09]          10.30  Bannerlord.ButterLib
[14:02:09]           5.93  Bannerlord.MBOptionScreen
[14:02:09]           4.10  zzzUniversalPatch
[14:02:09]           3.35  Bannerlord.Diplomacy
[14:02:09]           2.84  Bannerlord.DiplomacyNavalDLCPatch
[14:02:09]           2.31  MBFastDialogue
[14:02:09]           0.13  Retinues
[14:02:09]           0.07  Bannerlord.UIExtenderEx
[14:02:09]           0.01  MapIndicators
[14:02:09] === END PER-MOD TOTALS ===
[14:02:19] === SESSION END ===
