[PSW] ---- mission start ----
[PSW] t=8.76 dir=AttackUp strike=Thrust prog=0.519 flags=NormalHit collider=1 shieldBack=0 blockedShield=0 result=StrikeAgent altAttack=0 victim=human friend=1 -> reject:live-arc
[PSW] t=9.74 dir=AttackUp strike=Thrust prog=0.000 flags=NormalHit collider=1 shieldBack=0 blockedShield=0 result=StrikeAgent altAttack=0 victim=human friend=1 -> BYPASS
[PSW] t=10.97 dir=AttackUp strike=Thrust prog=0.519 flags=NormalHit collider=1 shieldBack=0 blockedShield=0 result=StrikeAgent altAttack=0 victim=human friend=1 -> reject:live-arc
[PSW] t=15.69 dir=AttackUp strike=Thrust prog=0.000 flags=HitWithArm collider=1 shieldBack=0 blockedShield=0 result=None altAttack=0 victim=human friend=1 -> BYPASS
[PSW] t=16.98 dir=AttackUp strike=Thrust prog=0.000 flags=NormalHit collider=1 shieldBack=0 blockedShield=1 result=Blocked altAttack=0 victim=human friend=1 -> BYPASS
[PSW] t=19.43 dir=AttackUp strike=Thrust prog=0.000 flags=NormalHit collider=1 shieldBack=0 blockedShield=1 result=Blocked altAttack=0 victim=human friend=1 -> BYPASS
[PSW] t=20.86 dir=AttackUp strike=Thrust prog=0.000 flags=HitWithArm collider=1 shieldBack=0 blockedShield=0 result=None altAttack=0 victim=human friend=1 -> BYPASS
[PSW] t=21.02 dir=AttackUp strike=Thrust prog=0.563 flags=HitWithArm, HitWithBackOfTheWeapon collider=1 shieldBack=0 blockedShield=0 result=StrikeAgent altAttack=0 victim=human friend=1 -> reject:live-arc
[PSW] t=22.30 dir=AttackUp strike=Thrust prog=0.000 flags=HitWithArm, HitWithBackOfTheWeapon collider=1 shieldBack=0 blockedShield=0 result=None altAttack=0 victim=human friend=1 -> BYPASS
[PSW] t=75.52 dir=AttackUp strike=Thrust prog=0.476 flags=NormalHit collider=1 shieldBack=0 blockedShield=0 result=StrikeAgent altAttack=0 victim=human friend=1 -> reject:live-arc
[PSW] t=78.14 dir=AttackDown strike=Thrust prog=0.000 flags=HitWithStartOfTheAnimation collider=1 shieldBack=0 blockedShield=1 result=Parried altAttack=0 victim=human friend=0 -> reject:enemy
[PSW] t=102.70 dir=AttackUp strike=Thrust prog=0.000 flags=HitWithStartOfTheAnimation collider=1 shieldBack=0 blockedShield=1 result=Blocked altAttack=0 victim=human friend=0 -> reject:enemy
[PSW] t=104.03 dir=AttackUp strike=Thrust prog=0.173 flags=HitWithArm collider=1 shieldBack=0 blockedShield=0 result=StrikeAgent altAttack=0 victim=human friend=1 -> BYPASS
[PSW] t=109.48 dir=AttackUp strike=Thrust prog=0.476 flags=NormalHit collider=1 shieldBack=0 blockedShield=0 result=StrikeAgent altAttack=0 victim=human friend=0 -> reject:enemy
[PSW] t=111.19 dir=AttackUp strike=Thrust prog=0.000 flags=NormalHit collider=1 shieldBack=0 blockedShield=1 result=Blocked altAttack=0 victim=human friend=0 -> reject:enemy
[PSW] t=112.54 dir=AttackUp strike=Thrust prog=0.390 flags=NormalHit collider=1 shieldBack=0 blockedShield=0 result=StrikeAgent altAttack=0 victim=human friend=0 -> reject:enemy
[PSW] t=113.69 dir=AttackUp strike=Thrust prog=0.000 flags=NormalHit collider=1 shieldBack=0 blockedShield=0 result=StrikeAgent altAttack=0 victim=human friend=1 -> BYPASS
[PSW] t=114.84 dir=AttackUp strike=Thrust prog=0.000 flags=HitWithArm collider=1 shieldBack=0 blockedShield=0 result=StrikeAgent altAttack=0 victim=human friend=1 -> BYPASS
[PSW] t=116.40 dir=AttackUp strike=Thrust prog=0.303 flags=NormalHit collider=1 shieldBack=0 blockedShield=0 result=StrikeAgent altAttack=0 victim=human friend=0 -> reject:enemy
[PSW] t=116.61 dir=AttackUp strike=Thrust prog=0.598 flags=HitWithStartOfTheAnimation, HitWithArm, HitWithBackOfTheWeapon collider=1 shieldBack=0 blockedShield=1 result=Blocked altAttack=0 victim=human friend=0 -> reject:enemy
[PSW] t=117.96 dir=AttackUp strike=Thrust prog=0.173 flags=NormalHit collider=1 shieldBack=0 blockedShield=0 result=StrikeAgent altAttack=0 victim=human friend=1 -> BYPASS
[PSW] t=119.85 dir=AttackUp strike=Thrust prog=0.000 flags=NormalHit collider=1 shieldBack=0 blockedShield=1 result=Blocked altAttack=0 victim=human friend=1 -> BYPASS
[PSW] t=120.95 dir=AttackUp strike=Thrust prog=0.693 flags=NormalHit collider=1 shieldBack=0 blockedShield=0 result=StrikeAgent altAttack=0 victim=human friend=0 -> reject:enemy
[PSW] t=121.91 dir=AttackUp strike=Thrust prog=0.303 flags=NormalHit collider=1 shieldBack=0 blockedShield=0 result=StrikeAgent altAttack=0 victim=human friend=0 -> reject:enemy
[PSW] t=123.36 dir=AttackUp strike=Thrust prog=0.519 flags=NormalHit collider=1 shieldBack=0 blockedShield=0 result=StrikeAgent altAttack=0 victim=human friend=0 -> reject:enemy
[PSW] t=127.89 dir=AttackUp strike=Swing prog=0.025 flags=NormalHit collider=1 shieldBack=0 blockedShield=0 result=StrikeAgent altAttack=0 victim=human friend=1 -> BYPASS
[PSW] t=128.99 dir=AttackUp strike=Swing prog=0.921 flags=NormalHit collider=1 shieldBack=0 blockedShield=0 result=StrikeAgent altAttack=0 victim=human friend=0 -> reject:enemy
[PSW] t=130.01 dir=AttackUp strike=Swing prog=0.921 flags=NormalHit collider=1 shieldBack=0 blockedShield=0 result=StrikeAgent altAttack=0 victim=human friend=0 -> reject:enemy
[PSW] t=130.96 dir=AttackUp strike=Swing prog=0.225 flags=NormalHit collider=1 shieldBack=0 blockedShield=0 result=StrikeAgent altAttack=0 victim=human friend=1 -> BYPASS
[PSW] t=131.96 dir=AttackUp strike=Swing prog=0.725 flags=NormalHit collider=1 shieldBack=0 blockedShield=0 result=StrikeAgent altAttack=0 victim=human friend=0 -> reject:enemy
[PSW] t=132.77 dir=AttackUp strike=Swing prog=0.025 flags=HitWithArm collider=1 shieldBack=0 blockedShield=0 result=StrikeAgent altAttack=0 victim=human friend=1 -> BYPASS
[PSW] t=132.77 dir=AttackUp strike=Swing prog=0.025 flags=NormalHit collider=1 shieldBack=0 blockedShield=0 result=StrikeAgent altAttack=0 victim=human friend=1 -> BYPASS
[PSW] t=134.40 dir=AttackRight strike=Swing prog=0.050 flags=NormalHit collider=1 shieldBack=0 blockedShield=0 result=StrikeAgent altAttack=0 victim=human friend=1 -> BYPASS
[PSW] t=135.58 dir=AttackUp strike=Swing prog=0.724 flags=HitWithArm collider=1 shieldBack=0 blockedShield=0 result=StrikeAgent altAttack=0 victim=human friend=1 -> reject:live-arc
[PSW] t=136.63 dir=AttackUp strike=Swing prog=0.627 flags=HitWithArm collider=1 shieldBack=0 blockedShield=1 result=Blocked altAttack=0 victim=human friend=1 -> reject:live-arc
[PSW] t=137.68 dir=AttackUp strike=Swing prog=0.924 flags=NormalHit collider=1 shieldBack=0 blockedShield=0 result=StrikeAgent altAttack=0 victim=human friend=0 -> reject:enemy
[PSW] t=138.62 dir=AttackUp strike=Swing prog=0.722 flags=NormalHit collider=1 shieldBack=0 blockedShield=1 result=Blocked altAttack=0 victim=human friend=0 -> reject:enemy
[PSW] t=139.44 dir=AttackUp strike=Swing prog=0.027 flags=NormalHit collider=1 shieldBack=0 blockedShield=0 result=None altAttack=0 victim=human friend=1 -> BYPASS
[PSW] t=139.46 dir=AttackUp strike=Swing prog=0.226 flags=NormalHit collider=1 shieldBack=0 blockedShield=0 result=None altAttack=0 victim=human friend=1 -> BYPASS
[PSW] t=139.46 dir=AttackUp strike=Swing prog=0.226 flags=NormalHit collider=1 shieldBack=0 blockedShield=0 result=None altAttack=0 victim=human friend=1 -> BYPASS
[PSW] t=139.46 dir=AttackUp strike=Swing prog=0.226 flags=NormalHit collider=1 shieldBack=0 blockedShield=0 result=None altAttack=0 victim=human friend=1 -> BYPASS
[PSW] t=139.46 dir=AttackUp strike=Swing prog=0.226 flags=NormalHit collider=1 shieldBack=0 blockedShield=0 result=None altAttack=0 victim=human friend=1 -> BYPASS
[PSW] t=139.48 dir=AttackUp strike=Swing prog=0.325 flags=NormalHit collider=1 shieldBack=0 blockedShield=0 result=None altAttack=0 victim=human friend=1 -> reject:live-arc
[PSW] t=139.57 dir=AttackUp strike=Swing prog=1.000 flags=NormalHit collider=1 shieldBack=0 blockedShield=0 result=StrikeAgent altAttack=0 victim=human friend=1 -> reject:live-arc
[PSW] t=140.60 dir=AttackUp strike=Swing prog=0.725 flags=NormalHit collider=1 shieldBack=0 blockedShield=0 result=StrikeAgent altAttack=0 victim=human friend=1 -> reject:live-arc
[PSW] t=141.60 dir=AttackUp strike=Swing prog=0.225 flags=NormalHit collider=1 shieldBack=0 blockedShield=0 result=None altAttack=0 victim=human friend=1 -> BYPASS
[PSW] t=141.69 dir=AttackUp strike=Swing prog=0.921 flags=NormalHit collider=1 shieldBack=0 blockedShield=0 result=StrikeAgent altAttack=0 victim=human friend=0 -> reject:enemy
[PSW] t=142.50 dir=AttackUp strike=Swing prog=0.025 flags=NormalHit collider=1 shieldBack=0 blockedShield=0 result=StrikeAgent altAttack=0 victim=human friend=1 -> BYPASS
[PSW] t=145.74 dir=AttackUp strike=Swing prog=0.921 flags=NormalHit collider=1 shieldBack=0 blockedShield=0 result=StrikeAgent altAttack=0 victim=human friend=0 -> reject:enemy
[PSW] t=146.65 dir=AttackUp strike=Swing prog=0.921 flags=NormalHit collider=1 shieldBack=0 blockedShield=1 result=Blocked altAttack=0 victim=human friend=0 -> reject:enemy
[PSW] t=147.53 dir=AttackUp strike=Swing prog=1.000 flags=NormalHit collider=1 shieldBack=0 blockedShield=0 result=StrikeAgent altAttack=0 victim=human friend=0 -> reject:enemy
[PSW] t=148.41 dir=AttackUp strike=Swing prog=0.822 flags=NormalHit collider=1 shieldBack=0 blockedShield=0 result=StrikeAgent altAttack=0 victim=human friend=0 -> reject:enemy
[PSW] t=149.25 dir=AttackUp strike=Swing prog=0.822 flags=NormalHit collider=1 shieldBack=0 blockedShield=0 result=StrikeAgent altAttack=0 victim=human friend=0 -> reject:enemy
[PSW] t=151.24 dir=AttackUp strike=Swing prog=0.921 flags=NormalHit collider=1 shieldBack=0 blockedShield=0 result=StrikeAgent altAttack=0 victim=human friend=0 -> reject:enemy
[PSW] t=151.86 dir=AttackRight strike=Swing prog=0.161 flags=NormalHit collider=1 shieldBack=0 blockedShield=1 result=Blocked altAttack=0 victim=human friend=0 -> reject:enemy
[PSW] t=152.63 dir=AttackLeft strike=Swing prog=0.262 flags=NormalHit collider=1 shieldBack=0 blockedShield=1 result=Blocked altAttack=0 victim=human friend=0 -> reject:enemy
[PSW] t=156.73 dir=AttackRight strike=Swing prog=0.573 flags=NormalHit collider=1 shieldBack=0 blockedShield=0 result=StrikeAgent altAttack=0 victim=human friend=0 -> reject:enemy
[PSW] t=158.93 dir=AttackUp strike=Swing prog=0.922 flags=NormalHit collider=1 shieldBack=0 blockedShield=0 result=StrikeAgent altAttack=0 victim=human friend=0 -> reject:enemy
[PSW] t=160.26 dir=AttackUp strike=Swing prog=0.822 flags=NormalHit collider=1 shieldBack=0 blockedShield=0 result=StrikeAgent altAttack=0 victim=human friend=0 -> reject:enemy
[PSW] t=162.69 dir=AttackRight strike=Swing prog=0.572 flags=NormalHit collider=1 shieldBack=0 blockedShield=0 result=StrikeAgent altAttack=0 victim=human friend=0 -> reject:enemy
[PSW] t=165.36 dir=AttackDown strike=Thrust prog=0.500 flags=NormalHit collider=1 shieldBack=0 blockedShield=0 result=StrikeAgent altAttack=1 victim=human friend=0 -> reject:enemy
[PSW] t=165.38 dir=AttackDown strike=Thrust prog=0.500 flags=NormalHit collider=1 shieldBack=0 blockedShield=0 result=StrikeAgent altAttack=1 victim=human friend=0 -> reject:enemy
[PSW] t=165.39 dir=AttackDown strike=Thrust prog=0.500 flags=NormalHit collider=1 shieldBack=0 blockedShield=0 result=StrikeAgent altAttack=1 victim=human friend=0 -> reject:enemy
[PSW] t=165.40 dir=AttackDown strike=Thrust prog=0.500 flags=NormalHit collider=1 shieldBack=0 blockedShield=0 result=StrikeAgent altAttack=1 victim=human friend=0 -> reject:enemy
[PSW] t=169.69 dir=AttackUp strike=Swing prog=0.922 flags=NormalHit collider=1 shieldBack=0 blockedShield=0 result=StrikeAgent altAttack=0 victim=human friend=0 -> reject:enemy
[PSW] t=170.72 dir=AttackUp strike=Swing prog=0.822 flags=NormalHit collider=1 shieldBack=0 blockedShield=0 result=StrikeAgent altAttack=0 victim=human friend=0 -> reject:enemy
[PSW] t=171.65 dir=AttackUp strike=Swing prog=0.924 flags=NormalHit collider=1 shieldBack=0 blockedShield=0 result=StrikeAgent altAttack=0 victim=human friend=0 -> reject:enemy
[PSW] t=173.73 dir=AttackUp strike=Swing prog=0.924 flags=NormalHit collider=1 shieldBack=0 blockedShield=1 result=Blocked altAttack=0 victim=human friend=0 -> reject:enemy
[PSW] t=176.31 dir=AttackUp strike=Swing prog=0.921 flags=NormalHit collider=1 shieldBack=0 blockedShield=0 result=None altAttack=0 victim=human friend=0 -> reject:enemy
[PSW] t=176.31 dir=AttackUp strike=Swing prog=0.921 flags=NormalHit collider=1 shieldBack=0 blockedShield=0 result=StrikeAgent altAttack=0 victim=human friend=0 -> reject:enemy
[PSW] t=177.12 dir=AttackRight strike=Swing prog=0.290 flags=NormalHit collider=1 shieldBack=0 blockedShield=0 result=StrikeAgent altAttack=0 victim=human friend=0 -> reject:enemy
[PSW] t=181.16 dir=AttackLeft strike=Swing prog=0.493 flags=NormalHit collider=1 shieldBack=0 blockedShield=0 result=StrikeAgent altAttack=0 victim=human friend=0 -> reject:enemy
[PSW] t=182.19 dir=AttackUp strike=Swing prog=0.921 flags=NormalHit collider=1 shieldBack=0 blockedShield=0 result=StrikeAgent altAttack=0 victim=human friend=0 -> reject:enemy
[PSW] t=183.17 dir=AttackRight strike=Swing prog=0.624 flags=NormalHit collider=1 shieldBack=0 blockedShield=0 result=StrikeAgent altAttack=0 victim=human friend=1 -> reject:live-arc
[PSW] t=184.12 dir=AttackRight strike=Swing prog=0.229 flags=NormalHit collider=1 shieldBack=0 blockedShield=0 result=StrikeAgent altAttack=0 victim=human friend=0 -> reject:enemy
[PSW] t=186.86 dir=AttackUp strike=Swing prog=0.822 flags=NormalHit collider=1 shieldBack=0 blockedShield=0 result=StrikeAgent altAttack=0 victim=human friend=0 -> reject:enemy
[PSW] t=189.26 dir=AttackUp strike=Swing prog=0.626 flags=HitWithArm, HitWithBackOfTheWeapon collider=1 shieldBack=0 blockedShield=0 result=None altAttack=0 victim=human friend=0 -> reject:enemy
[PSW] t=189.28 dir=AttackUp strike=Swing prog=0.825 flags=NormalHit collider=1 shieldBack=0 blockedShield=0 result=StrikeAgent altAttack=0 victim=human friend=0 -> reject:enemy
[PSW] t=190.29 dir=AttackUp strike=Swing prog=0.927 flags=NormalHit collider=1 shieldBack=0 blockedShield=1 result=Blocked altAttack=0 victim=human friend=0 -> reject:enemy
[PSW] t=195.38 dir=AttackUp strike=Swing prog=0.923 flags=NormalHit collider=1 shieldBack=0 blockedShield=0 result=StrikeAgent altAttack=0 victim=human friend=0 -> reject:enemy
[PSW] t=197.55 dir=AttackDown strike=Thrust prog=0.500 flags=NormalHit collider=1 shieldBack=0 blockedShield=0 result=StrikeAgent altAttack=1 victim=human friend=0 -> reject:enemy
[PSW] t=197.56 dir=AttackDown strike=Thrust prog=0.500 flags=NormalHit collider=1 shieldBack=0 blockedShield=0 result=StrikeAgent altAttack=1 victim=human friend=0 -> reject:enemy
[PSW] t=197.57 dir=AttackDown strike=Thrust prog=0.500 flags=NormalHit collider=1 shieldBack=0 blockedShield=0 result=StrikeAgent altAttack=1 victim=human friend=0 -> reject:enemy
[PSW] t=197.58 dir=AttackDown strike=Thrust prog=0.500 flags=NormalHit collider=1 shieldBack=0 blockedShield=0 result=StrikeAgent altAttack=1 victim=human friend=0 -> reject:enemy
[PSW] t=197.60 dir=AttackDown strike=Thrust prog=0.500 flags=NormalHit collider=1 shieldBack=0 blockedShield=0 result=StrikeAgent altAttack=1 victim=human friend=0 -> reject:enemy
[PSW] t=198.65 dir=AttackUp strike=Swing prog=0.921 flags=NormalHit collider=1 shieldBack=0 blockedShield=0 result=StrikeAgent altAttack=0 victim=human friend=0 -> reject:enemy
[PSW] t=199.39 dir=AttackRight strike=Swing prog=0.289 flags=HitWithArm collider=1 shieldBack=0 blockedShield=0 result=StrikeAgent altAttack=0 victim=human friend=0 -> reject:enemy
[PSW] ==== mission report ====
[PSW]  windup transparency : 332 friendly hits made transparent
[PSW]      rejected live-arc             x203
[PSW]  friendly blocks     : 89 neutralised (ally shield no longer halts the swing)
[PSW]  cramped gating (AI) : 25 swings remapped across 13 agents (321 input ticks)
[PSW] ========================
[PSW] ---- mission start ----
[PSW] t=9.97 dir=AttackUp strike=Thrust prog=0.909 flags=HitWithArm, HitWithBackOfTheWeapon collider=1 shieldBack=0 blockedShield=0 result=StrikeAgent altAttack=0 victim=human friend=1 -> reject:live-arc
[PSW] t=122.65 dir=AttackDown strike=Thrust prog=0.261 flags=NormalHit collider=1 shieldBack=0 blockedShield=0 result=StrikeAgent altAttack=0 victim=human friend=1 -> reject:live-arc
[PSW] t=124.57 dir=AttackDown strike=Thrust prog=0.357 flags=NormalHit collider=1 shieldBack=0 blockedShield=0 result=StrikeAgent altAttack=0 victim=human friend=1 -> reject:live-arc
[PSW] t=126.03 dir=AttackUp strike=Thrust prog=0.000 flags=NormalHit collider=1 shieldBack=0 blockedShield=0 result=StrikeAgent altAttack=0 victim=human friend=1 -> BYPASS
[PSW] t=129.85 dir=AttackDown strike=Thrust prog=0.167 flags=NormalHit collider=1 shieldBack=0 blockedShield=0 result=StrikeAgent altAttack=0 victim=human friend=0 -> reject:enemy
[PSW] t=129.96 dir=AttackDown strike=Thrust prog=0.181 flags=HitWithStartOfTheAnimation collider=0 shieldBack=0 blockedShield=0 result=HitWorld altAttack=0 victim=none friend=? -> reject:world-hit
[PSW] t=130.73 dir=AttackUp strike=Thrust prog=0.000 flags=HitWithStartOfTheAnimation collider=1 shieldBack=0 blockedShield=0 result=None altAttack=0 victim=human friend=0 -> reject:enemy
[PSW] t=130.81 dir=AttackUp strike=Thrust prog=0.000 flags=NormalHit collider=1 shieldBack=0 blockedShield=0 result=StrikeAgent altAttack=0 victim=human friend=0 -> reject:enemy
[PSW] t=136.75 dir=AttackLeft strike=Swing prog=0.384 flags=NormalHit collider=1 shieldBack=0 blockedShield=0 result=StrikeAgent altAttack=0 victim=human friend=0 -> reject:enemy
[PSW] t=138.34 dir=AttackUp strike=Swing prog=0.922 flags=HitWithArm, HitWithBackOfTheWeapon collider=1 shieldBack=0 blockedShield=1 result=Blocked altAttack=0 victim=human friend=0 -> reject:enemy
[PSW] t=139.59 dir=AttackUp strike=Swing prog=1.000 flags=NormalHit collider=1 shieldBack=0 blockedShield=1 result=Blocked altAttack=0 victim=human friend=0 -> reject:enemy
[PSW] t=140.83 dir=AttackUp strike=Swing prog=0.025 flags=NormalHit collider=1 shieldBack=0 blockedShield=0 result=StrikeAgent altAttack=0 victim=human friend=1 -> BYPASS
[PSW] t=145.50 dir=AttackUp strike=Swing prog=0.028 flags=NormalHit collider=1 shieldBack=0 blockedShield=0 result=StrikeAgent altAttack=0 victim=human friend=1 -> BYPASS
[PSW] t=145.50 dir=AttackUp strike=Swing prog=0.028 flags=NormalHit collider=1 shieldBack=0 blockedShield=0 result=StrikeAgent altAttack=0 victim=human friend=1 -> BYPASS
[PSW] t=146.27 dir=AttackUp strike=Swing prog=0.000 flags=HitWithStartOfTheAnimation collider=1 shieldBack=0 blockedShield=1 result=Blocked altAttack=0 victim=human friend=0 -> reject:enemy
[PSW] t=149.17 dir=AttackUp strike=Swing prog=0.000 flags=HitWithStartOfTheAnimation collider=1 shieldBack=0 blockedShield=1 result=Blocked altAttack=0 victim=human friend=0 -> reject:enemy
[PSW] t=152.55 dir=AttackLeft strike=Swing prog=0.000 flags=HitWithStartOfTheAnimation collider=1 shieldBack=0 blockedShield=1 result=Blocked altAttack=0 victim=human friend=0 -> reject:enemy
[PSW] t=155.55 dir=AttackUp strike=Swing prog=0.000 flags=HitWithStartOfTheAnimation collider=1 shieldBack=0 blockedShield=1 result=Blocked altAttack=0 victim=human friend=0 -> reject:enemy
[PSW] t=155.99 dir=AttackUp strike=Swing prog=0.000 flags=HitWithStartOfTheAnimation collider=1 shieldBack=0 blockedShield=1 result=Blocked altAttack=0 victim=human friend=0 -> reject:enemy
[PSW] t=156.61 dir=AttackLeft strike=Swing prog=0.213 flags=NormalHit collider=1 shieldBack=0 blockedShield=1 result=Blocked altAttack=0 victim=human friend=0 -> reject:enemy
[PSW] t=158.52 dir=AttackUp strike=Swing prog=0.057 flags=NormalHit collider=1 shieldBack=0 blockedShield=0 result=StrikeAgent altAttack=0 victim=human friend=1 -> BYPASS
[PSW] t=161.68 dir=AttackLeft strike=Swing prog=0.000 flags=HitWithStartOfTheAnimation collider=1 shieldBack=0 blockedShield=1 result=Blocked altAttack=0 victim=human friend=0 -> reject:enemy
[PSW] t=163.39 dir=AttackUp strike=Thrust prog=0.000 flags=HitWithStartOfTheAnimation collider=1 shieldBack=0 blockedShield=1 result=Blocked altAttack=0 victim=human friend=0 -> reject:enemy
[PSW] t=165.29 dir=AttackDown strike=Thrust prog=0.413 flags=NormalHit collider=1 shieldBack=0 blockedShield=0 result=StrikeAgent altAttack=0 victim=human friend=0 -> reject:enemy
[PSW] t=165.43 dir=AttackDown strike=Thrust prog=0.332 flags=HitWithStartOfTheAnimation collider=1 shieldBack=0 blockedShield=1 result=Parried altAttack=0 victim=human friend=0 -> reject:enemy
[PSW] t=167.44 dir=AttackUp strike=Thrust prog=0.070 flags=NormalHit collider=1 shieldBack=0 blockedShield=0 result=StrikeAgent altAttack=0 victim=human friend=0 -> reject:enemy
[PSW] t=169.35 dir=AttackUp strike=Thrust prog=0.825 flags=NormalHit collider=1 shieldBack=0 blockedShield=0 result=StrikeAgent altAttack=0 victim=human friend=0 -> reject:enemy
[PSW] t=171.20 dir=AttackDown strike=Thrust prog=0.000 flags=HitWithStartOfTheAnimation collider=1 shieldBack=0 blockedShield=1 result=Parried altAttack=0 victim=human friend=0 -> reject:enemy
[PSW] t=172.80 dir=AttackUp strike=Thrust prog=0.070 flags=NormalHit collider=1 shieldBack=0 blockedShield=0 result=StrikeAgent altAttack=0 victim=human friend=0 -> reject:enemy
[PSW] t=174.40 dir=AttackUp strike=Thrust prog=0.070 flags=HitWithBackOfTheWeapon collider=1 shieldBack=0 blockedShield=0 result=None altAttack=0 victim=human friend=1 -> BYPASS
[PSW] t=174.57 dir=AttackUp strike=Thrust prog=0.619 flags=NormalHit collider=1 shieldBack=0 blockedShield=0 result=StrikeAgent altAttack=0 victim=human friend=0 -> reject:enemy
[PSW] t=176.56 dir=AttackDown strike=Thrust prog=0.000 flags=HitWithStartOfTheAnimation, HitWithArm collider=1 shieldBack=0 blockedShield=1 result=Parried altAttack=0 victim=human friend=0 -> reject:enemy
[PSW] t=181.24 dir=AttackDown strike=Thrust prog=0.140 flags=NormalHit collider=1 shieldBack=0 blockedShield=0 result=StrikeAgent altAttack=0 victim=human friend=1 -> BYPASS
[PSW] t=182.77 dir=AttackDown strike=Thrust prog=0.140 flags=NormalHit collider=1 shieldBack=0 blockedShield=0 result=StrikeAgent altAttack=0 victim=human friend=1 -> BYPASS
[PSW] t=189.47 dir=AttackDown strike=Thrust prog=0.140 flags=NormalHit collider=1 shieldBack=0 blockedShield=0 result=StrikeAgent altAttack=0 victim=human friend=1 -> BYPASS
[PSW] t=194.62 dir=AttackUp strike=Thrust prog=0.574 flags=HitWithArm, HitWithBackOfTheWeapon collider=1 shieldBack=0 blockedShield=0 result=None altAttack=0 victim=human friend=1 -> reject:live-arc
[PSW] t=196.19 dir=AttackDown strike=Thrust prog=0.413 flags=NormalHit collider=1 shieldBack=0 blockedShield=0 result=None altAttack=0 victim=human friend=1 -> reject:live-arc
[PSW] t=196.19 dir=AttackDown strike=Thrust prog=0.413 flags=NormalHit collider=1 shieldBack=0 blockedShield=0 result=StrikeAgent altAttack=0 victim=human friend=0 -> reject:enemy
[PSW] t=200.65 dir=AttackDown strike=Thrust prog=0.413 flags=NormalHit collider=1 shieldBack=0 blockedShield=0 result=StrikeAgent altAttack=0 victim=human friend=0 -> reject:enemy
[PSW] t=204.80 dir=AttackLeft strike=Swing prog=0.155 flags=NormalHit collider=1 shieldBack=0 blockedShield=0 result=StrikeAgent altAttack=0 victim=human friend=1 -> BYPASS
[PSW] t=205.19 dir=AttackLeft strike=Swing prog=0.583 flags=NormalHit collider=1 shieldBack=0 blockedShield=0 result=StrikeAgent altAttack=0 victim=human friend=0 -> reject:enemy
[PSW] ==== mission report ====
[PSW]  windup transparency : 1590 friendly hits made transparent
[PSW]      rejected live-arc             x1071
[PSW]  friendly blocks     : 483 neutralised (ally shield no longer halts the swing)
[PSW]  cramped gating (AI) : 216 swings remapped across 96 agents (1934 input ticks)
[PSW] ========================
[PSW] ---- mission start ----
[PSW] t=6.70 dir=AttackUp strike=Thrust prog=0.303 flags=NormalHit collider=1 shieldBack=0 blockedShield=1 result=Blocked altAttack=0 victim=human friend=1 -> reject:live-arc
[PSW] t=7.93 dir=AttackUp strike=Thrust prog=0.000 flags=NormalHit collider=1 shieldBack=0 blockedShield=1 result=Blocked altAttack=0 victim=human friend=1 -> BYPASS
[PSW] t=9.12 dir=AttackUp strike=Thrust prog=0.390 flags=NormalHit collider=1 shieldBack=0 blockedShield=1 result=Blocked altAttack=0 victim=human friend=1 -> reject:live-arc
[PSW] t=10.51 dir=AttackUp strike=Thrust prog=0.000 flags=NormalHit collider=1 shieldBack=0 blockedShield=1 result=Blocked altAttack=0 victim=human friend=1 -> BYPASS
[PSW] t=13.98 dir=AttackUp strike=Thrust prog=0.000 flags=HitWithArm, HitWithBackOfTheWeapon collider=1 shieldBack=0 blockedShield=0 result=None altAttack=0 victim=human friend=1 -> BYPASS
[PSW] t=13.98 dir=AttackUp strike=Thrust prog=0.000 flags=NormalHit collider=1 shieldBack=0 blockedShield=0 result=StrikeAgent altAttack=0 victim=human friend=1 -> BYPASS
[PSW] t=15.56 dir=AttackUp strike=Thrust prog=0.000 flags=HitWithBackOfTheWeapon collider=1 shieldBack=0 blockedShield=0 result=None altAttack=0 victim=human friend=1 -> BYPASS
[PSW] t=15.80 dir=AttackUp strike=Thrust prog=0.822 flags=HitWithArm, HitWithBackOfTheWeapon collider=1 shieldBack=0 blockedShield=0 result=StrikeAgent altAttack=0 victim=human friend=1 -> reject:live-arc
[PSW] t=17.29 dir=AttackUp strike=Thrust prog=0.173 flags=NormalHit collider=1 shieldBack=0 blockedShield=0 result=None altAttack=0 victim=human friend=1 -> BYPASS
[PSW] t=17.42 dir=AttackUp strike=Thrust prog=0.606 flags=HitWithArm, HitWithBackOfTheWeapon collider=1 shieldBack=0 blockedShield=0 result=StrikeAgent altAttack=0 victim=human friend=1 -> reject:live-arc
[PSW] t=19.22 dir=AttackUp strike=Thrust prog=0.693 flags=HitWithArm, HitWithBackOfTheWeapon collider=1 shieldBack=0 blockedShield=0 result=StrikeAgent altAttack=0 victim=human friend=1 -> reject:live-arc
[PSW] t=20.35 dir=AttackUp strike=Thrust prog=0.000 flags=HitWithBackOfTheWeapon collider=1 shieldBack=0 blockedShield=0 result=None altAttack=0 victim=human friend=1 -> BYPASS
[PSW] t=20.35 dir=AttackUp strike=Thrust prog=0.000 flags=NormalHit collider=1 shieldBack=0 blockedShield=1 result=Blocked altAttack=0 victim=human friend=1 -> BYPASS
[PSW] t=21.81 dir=AttackUp strike=Thrust prog=0.000 flags=HitWithBackOfTheWeapon collider=1 shieldBack=0 blockedShield=0 result=None altAttack=0 victim=human friend=1 -> BYPASS
[PSW] t=22.00 dir=AttackUp strike=Thrust prog=0.649 flags=HitWithArm, HitWithBackOfTheWeapon collider=1 shieldBack=0 blockedShield=0 result=StrikeAgent altAttack=0 victim=human friend=1 -> reject:live-arc
[PSW] t=23.43 dir=AttackUp strike=Thrust prog=0.000 flags=HitWithBackOfTheWeapon collider=1 shieldBack=0 blockedShield=0 result=None altAttack=0 victim=human friend=1 -> BYPASS
[PSW] t=23.66 dir=AttackUp strike=Thrust prog=0.779 flags=HitWithArm, HitWithBackOfTheWeapon collider=1 shieldBack=0 blockedShield=0 result=StrikeAgent altAttack=0 victim=human friend=1 -> reject:live-arc
[PSW] t=26.35 dir=AttackUp strike=Thrust prog=0.000 flags=NormalHit collider=1 shieldBack=0 blockedShield=0 result=StrikeAgent altAttack=0 victim=human friend=1 -> BYPASS
[PSW] t=28.03 dir=AttackUp strike=Thrust prog=0.000 flags=HitWithBackOfTheWeapon collider=1 shieldBack=0 blockedShield=0 result=None altAttack=0 victim=human friend=1 -> BYPASS
[PSW] t=29.70 dir=AttackUp strike=Thrust prog=0.087 flags=HitWithBackOfTheWeapon collider=1 shieldBack=0 blockedShield=0 result=None altAttack=0 victim=human friend=1 -> BYPASS
[PSW] t=104.54 dir=AttackUp strike=Thrust prog=0.606 flags=NormalHit collider=1 shieldBack=0 blockedShield=0 result=StrikeAgent altAttack=0 victim=human friend=0 -> reject:enemy
[PSW] t=111.83 dir=AttackUp strike=Thrust prog=0.013 flags=NormalHit collider=1 shieldBack=0 blockedShield=1 result=Blocked altAttack=0 victim=human friend=1 -> BYPASS
[PSW] t=113.13 dir=AttackUp strike=Thrust prog=0.166 flags=NormalHit collider=1 shieldBack=0 blockedShield=0 result=StrikeAgent altAttack=0 victim=human friend=0 -> reject:enemy
[PSW] t=114.28 dir=AttackUp strike=Thrust prog=0.064 flags=NormalHit collider=1 shieldBack=0 blockedShield=0 result=StrikeAgent altAttack=0 victim=human friend=0 -> reject:enemy
[PSW] t=115.60 dir=AttackUp strike=Thrust prog=0.014 flags=NormalHit collider=1 shieldBack=0 blockedShield=0 result=StrikeAgent altAttack=0 victim=human friend=1 -> BYPASS
[PSW] t=116.82 dir=AttackUp strike=Thrust prog=0.268 flags=NormalHit collider=1 shieldBack=0 blockedShield=0 result=StrikeAgent altAttack=0 victim=human friend=1 -> reject:live-arc
[PSW] t=117.89 dir=AttackUp strike=Thrust prog=0.115 flags=NormalHit collider=1 shieldBack=0 blockedShield=0 result=StrikeAgent altAttack=0 victim=human friend=0 -> reject:enemy
[PSW] t=117.94 dir=AttackUp strike=Thrust prog=0.005 flags=HitWithStartOfTheAnimation, HitWithArm collider=1 shieldBack=0 blockedShield=1 result=Blocked altAttack=0 victim=human friend=1 -> BYPASS
[PSW] t=119.11 dir=AttackUp strike=Thrust prog=0.015 flags=NormalHit collider=1 shieldBack=0 blockedShield=0 result=StrikeAgent altAttack=0 victim=human friend=0 -> reject:enemy
[PSW] t=120.33 dir=AttackUp strike=Thrust prog=0.268 flags=NormalHit collider=1 shieldBack=0 blockedShield=1 result=Blocked altAttack=0 victim=human friend=0 -> reject:enemy
[PSW] t=121.85 dir=AttackUp strike=Thrust prog=0.013 flags=NormalHit collider=1 shieldBack=0 blockedShield=0 result=StrikeAgent altAttack=0 victim=human friend=1 -> BYPASS
[PSW] t=123.41 dir=AttackUp strike=Thrust prog=0.473 flags=NormalHit collider=1 shieldBack=0 blockedShield=0 result=StrikeAgent altAttack=0 victim=human friend=1 -> reject:live-arc
[PSW] t=125.16 dir=AttackUp strike=Thrust prog=0.775 flags=NormalHit collider=1 shieldBack=0 blockedShield=0 result=StrikeAgent altAttack=0 victim=human friend=1 -> reject:live-arc
[PSW] t=126.98 dir=AttackUp strike=Thrust prog=0.318 flags=NormalHit collider=1 shieldBack=0 blockedShield=1 result=Blocked altAttack=0 victim=human friend=0 -> reject:enemy
[PSW] t=128.08 dir=AttackUp strike=Thrust prog=0.000 flags=HitWithStartOfTheAnimation collider=1 shieldBack=0 blockedShield=0 result=None altAttack=0 victim=human friend=0 -> reject:enemy
[PSW] t=128.20 dir=AttackUp strike=Thrust prog=0.015 flags=NormalHit collider=1 shieldBack=0 blockedShield=0 result=StrikeAgent altAttack=0 victim=human friend=0 -> reject:enemy
[PSW] t=129.74 dir=AttackUp strike=Thrust prog=0.115 flags=NormalHit collider=1 shieldBack=0 blockedShield=0 result=StrikeAgent altAttack=0 victim=human friend=0 -> reject:enemy
[PSW] t=130.04 dir=AttackUp strike=Thrust prog=0.867 flags=HitWithStartOfTheAnimation collider=1 shieldBack=0 blockedShield=0 result=StrikeAgent altAttack=0 victim=human friend=0 -> reject:enemy
[PSW] t=131.77 dir=AttackUp strike=Thrust prog=0.166 flags=NormalHit collider=1 shieldBack=0 blockedShield=0 result=StrikeAgent altAttack=0 victim=human friend=0 -> reject:enemy
[PSW] t=133.08 dir=AttackUp strike=Thrust prog=0.000 flags=HitWithStartOfTheAnimation collider=1 shieldBack=0 blockedShield=1 result=Blocked altAttack=0 victim=human friend=0 -> reject:enemy
[PSW] t=134.27 dir=AttackUp strike=Thrust prog=0.000 flags=HitWithStartOfTheAnimation collider=1 shieldBack=0 blockedShield=0 result=None altAttack=0 victim=human friend=0 -> reject:enemy
[PSW] t=134.46 dir=AttackUp strike=Thrust prog=0.013 flags=HitWithArm collider=1 shieldBack=0 blockedShield=0 result=StrikeAgent altAttack=0 victim=human friend=1 -> BYPASS
[PSW] t=134.46 dir=AttackUp strike=Thrust prog=0.013 flags=NormalHit collider=1 shieldBack=0 blockedShield=0 result=None altAttack=0 victim=human friend=0 -> reject:enemy
[PSW] t=137.35 dir=AttackUp strike=Thrust prog=0.000 flags=HitWithStartOfTheAnimation collider=1 shieldBack=0 blockedShield=1 result=Blocked altAttack=0 victim=human friend=0 -> reject:enemy
[PSW] t=140.61 dir=AttackUp strike=Thrust prog=0.217 flags=NormalHit collider=1 shieldBack=0 blockedShield=0 result=None altAttack=0 victim=human friend=0 -> reject:enemy
[PSW] t=140.63 dir=AttackUp strike=Thrust prog=0.268 flags=NormalHit collider=1 shieldBack=0 blockedShield=0 result=None altAttack=0 victim=human friend=0 -> reject:enemy
[PSW] t=140.63 dir=AttackUp strike=Thrust prog=0.268 flags=NormalHit collider=1 shieldBack=0 blockedShield=0 result=None altAttack=0 victim=human friend=0 -> reject:enemy
[PSW] t=140.63 dir=AttackUp strike=Thrust prog=0.268 flags=NormalHit collider=1 shieldBack=0 blockedShield=0 result=None altAttack=0 victim=human friend=0 -> reject:enemy
[PSW] t=140.63 dir=AttackUp strike=Thrust prog=0.268 flags=NormalHit collider=1 shieldBack=0 blockedShield=1 result=Blocked altAttack=0 victim=human friend=0 -> reject:enemy
[PSW] t=142.07 dir=AttackUp strike=Thrust prog=0.421 flags=NormalHit collider=1 shieldBack=0 blockedShield=0 result=StrikeAgent altAttack=0 victim=human friend=1 -> reject:live-arc
[PSW] t=143.39 dir=AttackUp strike=Thrust prog=0.321 flags=NormalHit collider=1 shieldBack=0 blockedShield=0 result=None altAttack=0 victim=human friend=1 -> reject:live-arc
[PSW] t=143.44 dir=AttackUp strike=Thrust prog=0.524 flags=NormalHit collider=1 shieldBack=0 blockedShield=0 result=StrikeAgent altAttack=0 victim=human friend=0 -> reject:enemy
[PSW] t=145.97 dir=AttackUp strike=Thrust prog=0.319 flags=NormalHit collider=1 shieldBack=0 blockedShield=1 result=Blocked altAttack=0 victim=human friend=0 -> reject:enemy
[PSW] t=147.39 dir=AttackUp strike=Thrust prog=0.014 flags=NormalHit collider=1 shieldBack=0 blockedShield=1 result=Blocked altAttack=0 victim=human friend=1 -> BYPASS
[PSW] t=148.65 dir=AttackUp strike=Thrust prog=0.013 flags=NormalHit collider=1 shieldBack=0 blockedShield=0 result=None altAttack=0 victim=human friend=1 -> BYPASS
[PSW] t=148.68 dir=AttackUp strike=Thrust prog=0.115 flags=HitWithArm, HitWithBackOfTheWeapon collider=1 shieldBack=0 blockedShield=0 result=None altAttack=0 victim=human friend=1 -> BYPASS
[PSW] t=148.68 dir=AttackUp strike=Thrust prog=0.115 flags=HitWithArm, HitWithBackOfTheWeapon collider=1 shieldBack=0 blockedShield=0 result=None altAttack=0 victim=human friend=1 -> BYPASS
[PSW] t=148.68 dir=AttackUp strike=Thrust prog=0.115 flags=HitWithArm collider=1 shieldBack=0 blockedShield=0 result=None altAttack=0 victim=human friend=1 -> BYPASS
[PSW] t=148.68 dir=AttackUp strike=Thrust prog=0.115 flags=HitWithArm collider=1 shieldBack=0 blockedShield=0 result=None altAttack=0 victim=human friend=1 -> BYPASS
[PSW] t=148.69 dir=AttackUp strike=Thrust prog=0.166 flags=HitWithArm collider=1 shieldBack=0 blockedShield=0 result=None altAttack=0 victim=human friend=1 -> BYPASS
[PSW] t=148.69 dir=AttackUp strike=Thrust prog=0.166 flags=NormalHit collider=1 shieldBack=0 blockedShield=1 result=Blocked altAttack=0 victim=human friend=1 -> BYPASS
[PSW] t=151.08 dir=AttackUp strike=Thrust prog=0.168 flags=NormalHit collider=1 shieldBack=0 blockedShield=0 result=None altAttack=0 victim=human friend=1 -> BYPASS
[PSW] t=151.13 dir=AttackUp strike=Thrust prog=0.371 flags=HitWithArm, HitWithBackOfTheWeapon collider=1 shieldBack=0 blockedShield=0 result=StrikeAgent altAttack=0 victim=human friend=1 -> reject:live-arc
[PSW] t=155.03 dir=AttackUp strike=Thrust prog=0.013 flags=NormalHit collider=1 shieldBack=0 blockedShield=0 result=StrikeAgent altAttack=0 victim=human friend=1 -> BYPASS
[PSW] t=160.64 dir=AttackUp strike=Thrust prog=0.013 flags=NormalHit collider=1 shieldBack=0 blockedShield=0 result=StrikeAgent altAttack=0 victim=human friend=0 -> reject:enemy
[PSW] t=161.45 dir=AttackUp strike=Thrust prog=0.000 flags=HitWithStartOfTheAnimation collider=1 shieldBack=0 blockedShield=1 result=Blocked altAttack=0 victim=human friend=0 -> reject:enemy
[PSW] t=163.79 dir=AttackDown strike=Thrust prog=0.000 flags=HitWithStartOfTheAnimation collider=1 shieldBack=0 blockedShield=1 result=Parried altAttack=0 victim=human friend=0 -> reject:enemy
[PSW] t=170.00 dir=AttackUp strike=Swing prog=0.625 flags=NormalHit collider=1 shieldBack=0 blockedShield=0 result=StrikeAgent altAttack=0 victim=human friend=1 -> reject:live-arc
[PSW] t=172.51 dir=AttackUp strike=Swing prog=1.000 flags=NormalHit collider=1 shieldBack=0 blockedShield=0 result=StrikeAgent altAttack=0 victim=human friend=0 -> reject:enemy
[PSW] t=173.41 dir=AttackRight strike=Swing prog=0.349 flags=NormalHit collider=1 shieldBack=0 blockedShield=0 result=StrikeAgent altAttack=0 victim=human friend=0 -> reject:enemy
[PSW] t=174.12 dir=AttackRight strike=Swing prog=0.349 flags=NormalHit collider=1 shieldBack=0 blockedShield=0 result=StrikeAgent altAttack=0 victim=human friend=0 -> reject:enemy
[PSW] t=174.83 dir=AttackRight strike=Swing prog=0.573 flags=NormalHit collider=1 shieldBack=0 blockedShield=0 result=StrikeAgent altAttack=0 victim=human friend=0 -> reject:enemy
[PSW] t=175.85 dir=AttackUp strike=Swing prog=1.000 flags=NormalHit collider=1 shieldBack=0 blockedShield=0 result=StrikeAgent altAttack=0 victim=human friend=0 -> reject:enemy
[PSW] t=182.65 dir=AttackUp strike=Swing prog=0.824 flags=NormalHit collider=1 shieldBack=0 blockedShield=0 result=StrikeAgent altAttack=0 victim=human friend=0 -> reject:enemy
[PSW] t=186.81 dir=AttackDown strike=Thrust prog=0.772 flags=NormalHit collider=1 shieldBack=0 blockedShield=0 result=StrikeAgent altAttack=0 victim=human friend=0 -> reject:enemy
[PSW] t=187.86 dir=AttackDown strike=Thrust prog=0.548 flags=NormalHit collider=1 shieldBack=0 blockedShield=1 result=Parried altAttack=0 victim=human friend=0 -> reject:enemy
[PSW] t=189.85 dir=AttackDown strike=Thrust prog=0.500 flags=HitWithBackOfTheWeapon collider=1 shieldBack=0 blockedShield=0 result=StrikeAgent altAttack=1 victim=human friend=0 -> reject:enemy
[PSW] t=189.86 dir=AttackDown strike=Thrust prog=0.500 flags=HitWithBackOfTheWeapon collider=1 shieldBack=0 blockedShield=0 result=StrikeAgent altAttack=1 victim=human friend=0 -> reject:enemy
[PSW] t=189.87 dir=AttackDown strike=Thrust prog=0.500 flags=NormalHit collider=1 shieldBack=0 blockedShield=0 result=StrikeAgent altAttack=1 victim=human friend=0 -> reject:enemy
[PSW] t=196.12 dir=AttackUp strike=Thrust prog=0.000 flags=HitWithStartOfTheAnimation, HitWithBackOfTheWeapon collider=1 shieldBack=0 blockedShield=0 result=None altAttack=0 victim=human friend=0 -> reject:enemy
[PSW] t=196.29 dir=AttackUp strike=Thrust prog=0.248 flags=NormalHit collider=1 shieldBack=0 blockedShield=0 result=StrikeAgent altAttack=0 victim=human friend=0 -> reject:enemy
[PSW] t=197.60 dir=AttackDown strike=Thrust prog=0.500 flags=NormalHit collider=1 shieldBack=0 blockedShield=0 result=StrikeAgent altAttack=1 victim=human friend=0 -> reject:enemy
[PSW] t=197.62 dir=AttackDown strike=Thrust prog=0.500 flags=NormalHit collider=1 shieldBack=0 blockedShield=0 result=StrikeAgent altAttack=1 victim=human friend=0 -> reject:enemy
[PSW] t=197.63 dir=AttackDown strike=Thrust prog=0.500 flags=NormalHit collider=1 shieldBack=0 blockedShield=0 result=StrikeAgent altAttack=1 victim=human friend=0 -> reject:enemy
[PSW] t=197.64 dir=AttackDown strike=Thrust prog=0.500 flags=NormalHit collider=1 shieldBack=0 blockedShield=0 result=StrikeAgent altAttack=1 victim=human friend=0 -> reject:enemy
[PSW] t=197.66 dir=AttackDown strike=Thrust prog=0.500 flags=NormalHit collider=1 shieldBack=0 blockedShield=0 result=StrikeAgent altAttack=1 victim=human friend=0 -> reject:enemy
[PSW] t=197.67 dir=AttackDown strike=Thrust prog=0.500 flags=NormalHit collider=1 shieldBack=0 blockedShield=0 result=StrikeAgent altAttack=1 victim=human friend=0 -> reject:enemy
[PSW] t=198.59 dir=AttackUp strike=Thrust prog=0.000 flags=HitWithStartOfTheAnimation collider=1 shieldBack=0 blockedShield=0 result=None altAttack=0 victim=human friend=0 -> reject:enemy
[PSW] t=198.87 dir=AttackUp strike=Thrust prog=0.604 flags=NormalHit collider=1 shieldBack=0 blockedShield=0 result=StrikeAgent altAttack=0 victim=human friend=0 -> reject:enemy
[PSW] t=202.31 dir=AttackUp strike=Thrust prog=0.129 flags=NormalHit collider=1 shieldBack=0 blockedShield=0 result=StrikeAgent altAttack=0 victim=human friend=0 -> reject:enemy
[PSW] t=203.71 dir=AttackUp strike=Thrust prog=0.051 flags=NormalHit collider=1 shieldBack=0 blockedShield=1 result=Blocked altAttack=0 victim=human friend=0 -> reject:enemy
[PSW] t=231.19 dir=AttackDown strike=Thrust prog=0.604 flags=NormalHit collider=1 shieldBack=0 blockedShield=1 result=Parried altAttack=0 victim=human friend=0 -> reject:enemy
[PSW] ==== mission report ====
[PSW]  windup transparency : 2372 friendly hits made transparent
[PSW]      rejected live-arc             x1380
[PSW]  friendly blocks     : 989 neutralised (ally shield no longer halts the swing)
[PSW]  cramped gating (AI) : 283 swings remapped across 112 agents (3886 input ticks)
[PSW] ========================
[PSW] ---- mission start ----
[PSW] t=89.00 dir=AttackDown strike=Thrust prog=0.268 flags=NormalHit collider=1 shieldBack=0 blockedShield=0 result=None altAttack=0 victim=human friend=1 -> reject:live-arc
[PSW] t=89.02 dir=AttackDown strike=Thrust prog=0.504 flags=NormalHit collider=1 shieldBack=0 blockedShield=0 result=StrikeAgent altAttack=0 victim=human friend=0 -> reject:enemy
[PSW] t=89.09 dir=AttackDown strike=Thrust prog=0.297 flags=HitWithStartOfTheAnimation, HitWithArm, HitWithBackOfTheWeapon collider=1 shieldBack=0 blockedShield=0 result=StrikeAgent altAttack=0 victim=human friend=1 -> BYPASS
[PSW] t=95.15 dir=AttackUp strike=Thrust prog=0.610 flags=HitWithArm collider=1 shieldBack=0 blockedShield=0 result=None altAttack=0 victim=human friend=1 -> reject:live-arc
[PSW] t=95.16 dir=AttackUp strike=Thrust prog=0.658 flags=NormalHit collider=1 shieldBack=0 blockedShield=0 result=StrikeAgent altAttack=0 victim=human friend=1 -> reject:live-arc
[PSW] t=97.37 dir=AttackDown strike=Thrust prog=0.169 flags=NormalHit collider=1 shieldBack=0 blockedShield=0 result=StrikeAgent altAttack=0 victim=human friend=1 -> BYPASS
[PSW] t=97.37 dir=AttackDown strike=Thrust prog=0.169 flags=NormalHit collider=1 shieldBack=0 blockedShield=0 result=StrikeAgent altAttack=0 victim=human friend=1 -> BYPASS
[PSW] t=97.37 dir=AttackDown strike=Thrust prog=0.169 flags=NormalHit collider=1 shieldBack=0 blockedShield=0 result=StrikeAgent altAttack=0 victim=human friend=1 -> BYPASS
[PSW] t=97.37 dir=AttackDown strike=Thrust prog=0.169 flags=NormalHit collider=1 shieldBack=0 blockedShield=0 result=StrikeAgent altAttack=0 victim=human friend=1 -> BYPASS
[PSW] t=97.92 dir=AttackDown strike=Thrust prog=0.169 flags=NormalHit collider=1 shieldBack=0 blockedShield=0 result=StrikeAgent altAttack=0 victim=human friend=1 -> BYPASS
[PSW] t=101.52 dir=AttackDown strike=Thrust prog=0.453 flags=NormalHit collider=1 shieldBack=0 blockedShield=0 result=StrikeAgent altAttack=0 victim=human friend=0 -> reject:enemy
[PSW] t=101.75 dir=AttackDown strike=Thrust prog=0.744 flags=HitWithStartOfTheAnimation collider=1 shieldBack=0 blockedShield=0 result=StrikeAgent altAttack=0 victim=human friend=1 -> BYPASS
[PSW] t=101.75 dir=AttackDown strike=Thrust prog=0.744 flags=HitWithStartOfTheAnimation collider=1 shieldBack=0 blockedShield=0 result=StrikeAgent altAttack=0 victim=human friend=1 -> BYPASS
[PSW] t=105.60 dir=AttackDown strike=Thrust prog=0.453 flags=NormalHit collider=1 shieldBack=0 blockedShield=1 result=Parried altAttack=0 victim=human friend=0 -> reject:enemy
[PSW] t=112.81 dir=AttackLeft strike=Swing prog=0.329 flags=NormalHit collider=1 shieldBack=0 blockedShield=1 result=Blocked altAttack=0 victim=human friend=0 -> reject:enemy
[PSW] t=113.65 dir=AttackUp strike=Swing prog=1.000 flags=NormalHit collider=1 shieldBack=0 blockedShield=0 result=StrikeAgent altAttack=0 victim=human friend=0 -> reject:enemy
[PSW] t=118.69 dir=AttackRight strike=Swing prog=0.411 flags=NormalHit collider=1 shieldBack=0 blockedShield=0 result=StrikeAgent altAttack=0 victim=human friend=0 -> reject:enemy
[PSW] t=119.37 dir=AttackRight strike=Swing prog=0.573 flags=NormalHit collider=1 shieldBack=0 blockedShield=0 result=StrikeAgent altAttack=0 victim=human friend=0 -> reject:enemy
[PSW] t=123.40 dir=AttackDown strike=Thrust prog=0.027 flags=NormalHit collider=1 shieldBack=0 blockedShield=0 result=StrikeAgent altAttack=0 victim=human friend=0 -> reject:enemy
[PSW] t=126.69 dir=AttackUp strike=Thrust prog=0.000 flags=HitWithStartOfTheAnimation collider=1 shieldBack=0 blockedShield=1 result=Parried altAttack=0 victim=human friend=0 -> reject:enemy
[PSW] t=129.77 dir=AttackUp strike=Thrust prog=0.610 flags=HitWithArm, HitWithBackOfTheWeapon collider=1 shieldBack=0 blockedShield=0 result=StrikeAgent altAttack=0 victim=human friend=1 -> reject:live-arc
[PSW] t=131.07 dir=AttackDown strike=Thrust prog=0.169 flags=NormalHit collider=1 shieldBack=0 blockedShield=0 result=StrikeAgent altAttack=0 victim=human friend=0 -> reject:enemy
[PSW] t=132.57 dir=AttackUp strike=Thrust prog=0.520 flags=NormalHit collider=1 shieldBack=0 blockedShield=0 result=StrikeAgent altAttack=0 victim=human friend=0 -> reject:enemy
[PSW] t=146.14 dir=AttackUp strike=Swing prog=0.040 flags=NormalHit collider=1 shieldBack=0 blockedShield=0 result=StrikeAgent altAttack=0 victim=human friend=1 -> BYPASS
[PSW] t=146.14 dir=AttackUp strike=Swing prog=0.040 flags=NormalHit collider=1 shieldBack=0 blockedShield=0 result=StrikeAgent altAttack=0 victim=human friend=1 -> BYPASS
[PSW] t=147.57 dir=AttackUp strike=Swing prog=0.951 flags=NormalHit collider=1 shieldBack=0 blockedShield=1 result=Blocked altAttack=0 victim=human friend=0 -> reject:enemy
[PSW] t=149.12 dir=AttackDown strike=Thrust prog=0.037 flags=NormalHit collider=1 shieldBack=0 blockedShield=0 result=StrikeAgent altAttack=0 victim=human friend=1 -> BYPASS
[PSW] t=149.12 dir=AttackDown strike=Thrust prog=0.037 flags=NormalHit collider=1 shieldBack=0 blockedShield=0 result=StrikeAgent altAttack=0 victim=human friend=0 -> reject:enemy
[PSW] t=151.42 dir=AttackDown strike=Thrust prog=0.028 flags=NormalHit collider=1 shieldBack=0 blockedShield=0 result=StrikeAgent altAttack=0 victim=human friend=1 -> BYPASS
[PSW] t=155.65 dir=AttackLeft strike=Swing prog=0.679 flags=NormalHit collider=1 shieldBack=0 blockedShield=0 result=StrikeAgent altAttack=0 victim=human friend=0 -> reject:enemy
[PSW] ==== mission report ====
[PSW]  windup transparency : 788 friendly hits made transparent
[PSW]      rejected live-arc             x708
[PSW]  friendly blocks     : 257 neutralised (ally shield no longer halts the swing)
[PSW]  cramped gating (AI) : 146 swings remapped across 67 agents (1363 input ticks)
[PSW] ========================
[PSW] ---- mission start ----
[PSW] t=81.89 dir=AttackDown strike=Thrust prog=0.542 flags=NormalHit collider=1 shieldBack=0 blockedShield=0 result=StrikeAgent altAttack=0 victim=human friend=0 -> reject:enemy
[PSW] t=82.01 dir=AttackDown strike=Thrust prog=0.514 flags=HitWithStartOfTheAnimation collider=1 shieldBack=0 blockedShield=0 result=StrikeAgent altAttack=0 victim=human friend=1 -> BYPASS
[PSW] t=82.57 dir=AttackUp strike=Thrust prog=0.476 flags=NormalHit collider=1 shieldBack=0 blockedShield=0 result=StrikeAgent altAttack=0 victim=human friend=0 -> reject:enemy
[PSW] t=83.37 dir=AttackDown strike=Thrust prog=0.776 flags=NormalHit collider=1 shieldBack=0 blockedShield=0 result=StrikeAgent altAttack=0 victim=human friend=0 -> reject:enemy
[PSW] t=85.16 dir=AttackUp strike=Thrust prog=0.563 flags=NormalHit collider=1 shieldBack=0 blockedShield=0 result=StrikeAgent altAttack=0 victim=human friend=0 -> reject:enemy
[PSW] t=85.83 dir=AttackUp strike=Thrust prog=0.519 flags=NormalHit collider=1 shieldBack=0 blockedShield=0 result=StrikeAgent altAttack=0 victim=human friend=0 -> reject:enemy
[PSW] t=86.44 dir=AttackUp strike=Thrust prog=0.173 flags=NormalHit collider=1 shieldBack=0 blockedShield=0 result=StrikeAgent altAttack=0 victim=human friend=1 -> BYPASS
[PSW] t=87.57 dir=AttackDown strike=Thrust prog=0.870 flags=NormalHit collider=1 shieldBack=0 blockedShield=0 result=StrikeAgent altAttack=0 victim=human friend=0 -> reject:enemy
[PSW] t=90.01 dir=AttackDown strike=Thrust prog=0.589 flags=NormalHit collider=1 shieldBack=0 blockedShield=0 result=StrikeAgent altAttack=0 victim=human friend=0 -> reject:enemy
[PSW] t=91.57 dir=AttackUp strike=Thrust prog=0.519 flags=NormalHit collider=1 shieldBack=0 blockedShield=0 result=StrikeAgent altAttack=0 victim=human friend=0 -> reject:enemy
[PSW] t=98.68 dir=AttackRight strike=Swing prog=0.000 flags=HitWithStartOfTheAnimation collider=1 shieldBack=0 blockedShield=1 result=Blocked altAttack=0 victim=human friend=0 -> reject:enemy
[PSW] t=102.45 dir=AttackUp strike=Swing prog=1.000 flags=NormalHit collider=1 shieldBack=0 blockedShield=1 result=Blocked altAttack=0 victim=human friend=0 -> reject:enemy
[PSW] t=107.82 dir=AttackUp strike=Swing prog=0.882 flags=HitWithBackOfTheWeapon collider=1 shieldBack=0 blockedShield=0 result=None altAttack=0 victim=human friend=1 -> reject:live-arc
[PSW] t=107.84 dir=AttackUp strike=Swing prog=1.000 flags=NormalHit collider=1 shieldBack=0 blockedShield=0 result=StrikeAgent altAttack=0 victim=human friend=1 -> reject:live-arc
[PSW] t=109.94 dir=AttackUp strike=Thrust prog=0.569 flags=NormalHit collider=1 shieldBack=0 blockedShield=0 result=StrikeAgent altAttack=0 victim=human friend=0 -> reject:enemy
[PSW] t=111.43 dir=AttackUp strike=Thrust prog=0.619 flags=NormalHit collider=1 shieldBack=0 blockedShield=0 result=StrikeAgent altAttack=0 victim=human friend=0 -> reject:enemy
[PSW] t=112.88 dir=AttackUp strike=Swing prog=0.979 flags=NormalHit collider=1 shieldBack=0 blockedShield=1 result=Blocked altAttack=0 victim=human friend=0 -> reject:enemy
[PSW] t=114.87 dir=AttackUp strike=Swing prog=0.072 flags=NormalHit collider=1 shieldBack=0 blockedShield=0 result=StrikeAgent altAttack=0 victim=human friend=1 -> BYPASS
[PSW] t=116.17 dir=AttackUp strike=Swing prog=0.072 flags=NormalHit collider=1 shieldBack=0 blockedShield=0 result=StrikeAgent altAttack=0 victim=human friend=1 -> BYPASS
[PSW] t=116.39 dir=AttackUp strike=Swing prog=0.388 flags=HitWithArm collider=1 shieldBack=0 blockedShield=0 result=StrikeAgent altAttack=0 victim=human friend=1 -> reject:live-arc
[PSW] t=125.07 dir=AttackUp strike=Swing prog=0.000 flags=HitWithStartOfTheAnimation collider=1 shieldBack=0 blockedShield=1 result=Blocked altAttack=0 victim=human friend=0 -> reject:enemy
[PSW] ==== mission report ====
[PSW]  windup transparency : 1038 friendly hits made transparent
[PSW]      rejected live-arc             x635
[PSW]  friendly blocks     : 400 neutralised (ally shield no longer halts the swing)
[PSW]  cramped gating (AI) : 134 swings remapped across 72 agents (2003 input ticks)
[PSW] ========================
[PSW] ---- mission start ----
[PSW] t=126.03 dir=AttackUp strike=Thrust prog=0.087 flags=NormalHit collider=1 shieldBack=0 blockedShield=0 result=StrikeAgent altAttack=0 victim=human friend=1 -> BYPASS
[PSW] t=127.10 dir=AttackDown strike=Thrust prog=0.169 flags=NormalHit collider=1 shieldBack=0 blockedShield=0 result=None altAttack=0 victim=human friend=1 -> BYPASS
[PSW] t=127.10 dir=AttackDown strike=Thrust prog=0.169 flags=NormalHit collider=1 shieldBack=0 blockedShield=0 result=None altAttack=0 victim=human friend=1 -> BYPASS
[PSW] t=127.10 dir=AttackDown strike=Thrust prog=0.169 flags=NormalHit collider=1 shieldBack=0 blockedShield=0 result=None altAttack=0 victim=human friend=1 -> BYPASS
[PSW] t=127.10 dir=AttackDown strike=Thrust prog=0.169 flags=NormalHit collider=1 shieldBack=0 blockedShield=0 result=None altAttack=0 victim=human friend=0 -> reject:enemy
[PSW] t=127.10 dir=AttackDown strike=Thrust prog=0.169 flags=NormalHit collider=1 shieldBack=0 blockedShield=0 result=None altAttack=0 victim=human friend=0 -> reject:enemy
[PSW] t=127.10 dir=AttackDown strike=Thrust prog=0.169 flags=NormalHit collider=1 shieldBack=0 blockedShield=0 result=StrikeAgent altAttack=0 victim=human friend=1 -> BYPASS
[PSW] t=127.10 dir=AttackDown strike=Thrust prog=0.169 flags=NormalHit collider=1 shieldBack=0 blockedShield=1 result=Blocked altAttack=0 victim=human friend=0 -> reject:enemy
[PSW] t=128.82 dir=AttackUp strike=Thrust prog=0.003 flags=NormalHit collider=1 shieldBack=0 blockedShield=0 result=StrikeAgent altAttack=0 victim=human friend=1 -> BYPASS
[PSW] t=128.82 dir=AttackUp strike=Thrust prog=0.003 flags=NormalHit collider=1 shieldBack=0 blockedShield=0 result=StrikeAgent altAttack=0 victim=human friend=1 -> BYPASS
[PSW] t=129.77 dir=AttackUp strike=Thrust prog=0.563 flags=NormalHit collider=1 shieldBack=0 blockedShield=0 result=StrikeAgent altAttack=0 victim=human friend=0 -> reject:enemy
[PSW] t=130.59 dir=AttackUp strike=Thrust prog=1.000 flags=NormalHit collider=1 shieldBack=0 blockedShield=1 result=Blocked altAttack=0 victim=human friend=0 -> reject:enemy
[PSW] t=134.13 dir=AttackDown strike=Thrust prog=0.366 flags=NormalHit collider=1 shieldBack=0 blockedShield=0 result=StrikeAgent altAttack=0 victim=human friend=0 -> reject:enemy
[PSW] t=134.22 dir=AttackDown strike=Thrust prog=0.375 flags=HitWithStartOfTheAnimation, HitWithArm, HitWithBackOfTheWeapon collider=1 shieldBack=0 blockedShield=0 result=StrikeAgent altAttack=0 victim=human friend=1 -> BYPASS
[PSW] t=136.36 dir=AttackUp strike=Thrust prog=0.087 flags=NormalHit collider=1 shieldBack=0 blockedShield=0 result=StrikeAgent altAttack=0 victim=human friend=1 -> BYPASS
[PSW] t=141.88 dir=AttackUp strike=Swing prog=0.140 flags=NormalHit collider=1 shieldBack=0 blockedShield=0 result=StrikeAgent altAttack=0 victim=human friend=1 -> BYPASS
[PSW] t=147.31 dir=AttackDown strike=Thrust prog=0.169 flags=NormalHit collider=1 shieldBack=0 blockedShield=0 result=StrikeAgent altAttack=0 victim=human friend=0 -> reject:enemy
[PSW] t=147.39 dir=AttackDown strike=Thrust prog=0.074 flags=HitWithStartOfTheAnimation collider=1 shieldBack=0 blockedShield=1 result=Parried altAttack=0 victim=human friend=0 -> reject:enemy
[PSW] t=149.69 dir=AttackDown strike=Thrust prog=0.169 flags=NormalHit collider=1 shieldBack=0 blockedShield=0 result=StrikeAgent altAttack=0 victim=human friend=0 -> reject:enemy
[PSW] t=155.75 dir=AttackUp strike=Thrust prog=0.087 flags=NormalHit collider=1 shieldBack=0 blockedShield=1 result=Blocked altAttack=0 victim=human friend=0 -> reject:enemy
[PSW] t=157.81 dir=AttackDown strike=Thrust prog=0.169 flags=NormalHit collider=1 shieldBack=0 blockedShield=0 result=StrikeAgent altAttack=0 victim=human friend=0 -> reject:enemy
[PSW] t=157.89 dir=AttackDown strike=Thrust prog=0.074 flags=HitWithStartOfTheAnimation collider=1 shieldBack=0 blockedShield=0 result=StrikeAgent altAttack=0 victim=human friend=0 -> reject:enemy
[PSW] t=161.41 dir=AttackUp strike=Swing prog=0.173 flags=NormalHit collider=1 shieldBack=0 blockedShield=1 result=Blocked altAttack=0 victim=human friend=1 -> BYPASS
[PSW] t=164.70 dir=AttackUp strike=Thrust prog=0.087 flags=NormalHit collider=1 shieldBack=0 blockedShield=0 result=StrikeAgent altAttack=0 victim=human friend=1 -> BYPASS
[PSW] t=166.85 dir=AttackUp strike=Thrust prog=0.610 flags=NormalHit collider=1 shieldBack=0 blockedShield=0 result=StrikeAgent altAttack=0 victim=human friend=0 -> reject:enemy
[PSW] t=168.15 dir=AttackUp strike=Thrust prog=0.087 flags=NormalHit collider=1 shieldBack=0 blockedShield=0 result=None altAttack=0 victim=human friend=1 -> BYPASS
[PSW] t=168.15 dir=AttackUp strike=Thrust prog=0.087 flags=NormalHit collider=1 shieldBack=0 blockedShield=0 result=StrikeAgent altAttack=0 victim=human friend=1 -> BYPASS
[PSW] t=171.10 dir=AttackDown strike=Thrust prog=0.500 flags=NormalHit collider=1 shieldBack=0 blockedShield=0 result=StrikeAgent altAttack=1 victim=human friend=0 -> reject:enemy
[PSW] t=172.20 dir=AttackUp strike=Thrust prog=0.000 flags=HitWithStartOfTheAnimation collider=1 shieldBack=0 blockedShield=1 result=Blocked altAttack=0 victim=human friend=0 -> reject:enemy
[PSW] t=174.18 dir=AttackUp strike=Thrust prog=0.157 flags=NormalHit collider=1 shieldBack=0 blockedShield=0 result=StrikeAgent altAttack=0 victim=human friend=1 -> BYPASS
[PSW] t=176.95 dir=AttackDown strike=Thrust prog=0.000 flags=HitWithStartOfTheAnimation collider=1 shieldBack=0 blockedShield=1 result=Parried altAttack=0 victim=human friend=0 -> reject:enemy
[PSW] t=179.00 dir=AttackUp strike=Thrust prog=0.070 flags=NormalHit collider=1 shieldBack=0 blockedShield=0 result=StrikeAgent altAttack=0 victim=human friend=0 -> reject:enemy
[PSW] t=180.15 dir=AttackUp strike=Thrust prog=0.574 flags=NormalHit collider=1 shieldBack=0 blockedShield=0 result=StrikeAgent altAttack=0 victim=human friend=0 -> reject:enemy
[PSW] t=187.73 dir=AttackUp strike=Thrust prog=0.070 flags=NormalHit collider=1 shieldBack=0 blockedShield=0 result=StrikeAgent altAttack=0 victim=human friend=1 -> BYPASS
[PSW] t=190.78 dir=AttackUp strike=Swing prog=0.000 flags=HitWithStartOfTheAnimation collider=1 shieldBack=0 blockedShield=1 result=Blocked altAttack=0 victim=human friend=0 -> reject:enemy
[PSW] ==== mission report ====
[PSW]  windup transparency : 2089 friendly hits made transparent
[PSW]      rejected live-arc             x1306
[PSW]  friendly blocks     : 1027 neutralised (ally shield no longer halts the swing)
[PSW]  cramped gating (AI) : 217 swings remapped across 99 agents (1800 input ticks)
[PSW] ========================
[PSW] ---- mission start ----
[PSW] t=123.35 dir=AttackDown strike=Thrust prog=0.168 flags=NormalHit collider=1 shieldBack=0 blockedShield=0 result=StrikeAgent altAttack=0 victim=human friend=0 -> reject:enemy
[PSW] t=123.51 dir=AttackDown strike=Thrust prog=0.330 flags=HitWithStartOfTheAnimation collider=1 shieldBack=0 blockedShield=0 result=StrikeAgent altAttack=0 victim=human friend=0 -> reject:enemy
[PSW] t=124.17 dir=AttackUp strike=Thrust prog=0.522 flags=NormalHit collider=1 shieldBack=0 blockedShield=0 result=StrikeAgent altAttack=0 victim=human friend=0 -> reject:enemy
[PSW] t=124.32 dir=AttackUp strike=Thrust prog=0.600 flags=HitWithStartOfTheAnimation collider=1 shieldBack=0 blockedShield=1 result=Blocked altAttack=0 victim=human friend=0 -> reject:enemy
[PSW] t=127.08 dir=AttackUp strike=Thrust prog=0.563 flags=NormalHit collider=1 shieldBack=0 blockedShield=0 result=StrikeAgent altAttack=0 victim=human friend=0 -> reject:enemy
[PSW] t=128.15 dir=AttackUp strike=Thrust prog=0.000 flags=HitWithArm, HitWithBackOfTheWeapon collider=1 shieldBack=0 blockedShield=0 result=None altAttack=0 victim=human friend=1 -> BYPASS
[PSW] t=128.34 dir=AttackUp strike=Thrust prog=0.649 flags=NormalHit collider=1 shieldBack=0 blockedShield=0 result=StrikeAgent altAttack=0 victim=human friend=0 -> reject:enemy
[PSW] t=132.39 dir=AttackDown strike=Thrust prog=0.169 flags=NormalHit collider=1 shieldBack=0 blockedShield=0 result=StrikeAgent altAttack=0 victim=human friend=0 -> reject:enemy
[PSW] t=137.13 dir=AttackDown strike=Thrust prog=0.000 flags=HitWithStartOfTheAnimation collider=1 shieldBack=0 blockedShield=1 result=Parried altAttack=0 victim=human friend=0 -> reject:enemy
[PSW] t=140.50 dir=AttackUp strike=Thrust prog=0.007 flags=NormalHit collider=1 shieldBack=0 blockedShield=0 result=StrikeAgent altAttack=0 victim=human friend=1 -> BYPASS
[PSW] t=146.01 dir=AttackUp strike=Thrust prog=0.914 flags=NormalHit collider=1 shieldBack=0 blockedShield=0 result=StrikeAgent altAttack=0 victim=human friend=0 -> reject:enemy
[PSW] t=151.40 dir=AttackDown strike=Thrust prog=0.140 flags=NormalHit collider=1 shieldBack=0 blockedShield=1 result=Parried altAttack=0 victim=human friend=0 -> reject:enemy
[PSW] t=160.34 dir=AttackDown strike=Thrust prog=0.235 flags=NormalHit collider=1 shieldBack=0 blockedShield=0 result=StrikeAgent altAttack=0 victim=human friend=0 -> reject:enemy
[PSW] t=160.51 dir=AttackDown strike=Thrust prog=0.472 flags=HitWithStartOfTheAnimation, HitWithArm, HitWithBackOfTheWeapon collider=1 shieldBack=0 blockedShield=0 result=StrikeAgent altAttack=0 victim=human friend=0 -> reject:enemy
[PSW] t=163.80 dir=AttackUp strike=Thrust prog=0.574 flags=NormalHit collider=1 shieldBack=0 blockedShield=1 result=Blocked altAttack=0 victim=human friend=0 -> reject:enemy
[PSW] t=165.35 dir=AttackUp strike=Thrust prog=0.000 flags=HitWithStartOfTheAnimation collider=1 shieldBack=0 blockedShield=1 result=Blocked altAttack=0 victim=human friend=0 -> reject:enemy
[PSW] t=169.70 dir=AttackUp strike=Thrust prog=0.574 flags=NormalHit collider=1 shieldBack=0 blockedShield=0 result=StrikeAgent altAttack=0 victim=human friend=0 -> reject:enemy
[PSW] t=171.46 dir=AttackUp strike=Thrust prog=0.070 flags=NormalHit collider=1 shieldBack=0 blockedShield=0 result=StrikeAgent altAttack=0 victim=human friend=0 -> reject:enemy
[PSW] t=172.69 dir=AttackUp strike=Swing prog=0.000 flags=HitWithStartOfTheAnimation collider=1 shieldBack=0 blockedShield=1 result=Blocked altAttack=0 victim=human friend=0 -> reject:enemy
[PSW] t=174.60 dir=AttackUp strike=Thrust prog=0.675 flags=NormalHit collider=1 shieldBack=0 blockedShield=0 result=StrikeAgent altAttack=0 victim=human friend=0 -> reject:enemy
[PSW] t=176.28 dir=AttackDown strike=Thrust prog=0.140 flags=NormalHit collider=1 shieldBack=0 blockedShield=0 result=StrikeAgent altAttack=0 victim=human friend=1 -> BYPASS
[PSW] t=177.81 dir=AttackUp strike=Thrust prog=0.825 flags=NormalHit collider=1 shieldBack=0 blockedShield=0 result=StrikeAgent altAttack=0 victim=human friend=0 -> reject:enemy
[PSW] t=185.71 dir=AttackUp strike=Swing prog=0.072 flags=NormalHit collider=1 shieldBack=0 blockedShield=0 result=StrikeAgent altAttack=0 victim=human friend=1 -> BYPASS
[PSW] t=185.92 dir=AttackUp strike=Swing prog=0.388 flags=NormalHit collider=1 shieldBack=0 blockedShield=0 result=StrikeAgent altAttack=0 victim=human friend=1 -> reject:live-arc
[PSW] t=190.83 dir=AttackDown strike=Thrust prog=0.000 flags=HitWithStartOfTheAnimation collider=1 shieldBack=0 blockedShield=0 result=StrikeAgent altAttack=0 victim=human friend=0 -> reject:enemy
[PSW] t=193.12 dir=AttackDown strike=Thrust prog=0.616 flags=NormalHit collider=1 shieldBack=0 blockedShield=1 result=Parried altAttack=0 victim=human friend=0 -> reject:enemy
[PSW] t=196.19 dir=AttackUp strike=Swing prog=0.147 flags=NormalHit collider=1 shieldBack=0 blockedShield=0 result=StrikeAgent altAttack=0 victim=human friend=1 -> BYPASS
[PSW] t=196.34 dir=AttackUp strike=Swing prog=0.332 flags=NormalHit collider=1 shieldBack=0 blockedShield=0 result=StrikeAgent altAttack=0 victim=human friend=1 -> reject:live-arc
[PSW] t=197.96 dir=AttackUp strike=Swing prog=1.000 flags=NormalHit collider=1 shieldBack=0 blockedShield=0 result=StrikeAgent altAttack=0 victim=human friend=0 -> reject:enemy
[PSW] t=198.95 dir=AttackUp strike=Swing prog=0.072 flags=NormalHit collider=1 shieldBack=0 blockedShield=0 result=StrikeAgent altAttack=0 victim=human friend=1 -> BYPASS
[PSW] t=199.86 dir=AttackLeft strike=Swing prog=0.151 flags=NormalHit collider=1 shieldBack=0 blockedShield=0 result=None altAttack=0 victim=human friend=1 -> BYPASS
[PSW] t=199.86 dir=AttackLeft strike=Swing prog=0.151 flags=NormalHit collider=1 shieldBack=0 blockedShield=0 result=StrikeAgent altAttack=0 victim=human friend=0 -> reject:enemy
[PSW] t=201.16 dir=AttackRight strike=Swing prog=0.000 flags=HitWithStartOfTheAnimation, HitWithArm collider=1 shieldBack=0 blockedShield=1 result=Blocked altAttack=0 victim=human friend=0 -> reject:enemy
[PSW] t=202.78 dir=AttackDown strike=Thrust prog=0.000 flags=HitWithStartOfTheAnimation, HitWithArm collider=1 shieldBack=0 blockedShield=1 result=Parried altAttack=0 victim=human friend=0 -> reject:enemy
[PSW] t=210.05 dir=AttackUp strike=Swing prog=0.922 flags=NormalHit collider=1 shieldBack=0 blockedShield=0 result=StrikeAgent altAttack=0 victim=human friend=0 -> reject:enemy
[PSW] ==== mission report ====
[PSW]  windup transparency : 2917 friendly hits made transparent
[PSW]      rejected live-arc             x1858
[PSW]  friendly blocks     : 1613 neutralised (ally shield no longer halts the swing)
[PSW]  cramped gating (AI) : 262 swings remapped across 83 agents (2222 input ticks)
[PSW] ========================
[PSW] ---- mission start ----
[PSW] t=47.24 dir=AttackDown strike=Thrust prog=0.917 flags=NormalHit collider=1 shieldBack=0 blockedShield=0 result=StrikeAgent altAttack=0 victim=human friend=1 -> reject:live-arc
[PSW] t=54.91 dir=AttackDown strike=Thrust prog=0.026 flags=NormalHit collider=1 shieldBack=0 blockedShield=0 result=StrikeAgent altAttack=0 victim=human friend=1 -> BYPASS
[PSW] t=55.78 dir=AttackDown strike=Thrust prog=0.354 flags=NormalHit collider=1 shieldBack=0 blockedShield=0 result=StrikeAgent altAttack=0 victim=human friend=1 -> reject:live-arc
[PSW] t=60.89 dir=AttackUp strike=Thrust prog=0.087 flags=NormalHit collider=1 shieldBack=0 blockedShield=0 result=StrikeAgent altAttack=0 victim=human friend=1 -> BYPASS
[PSW] t=63.42 dir=AttackUp strike=Thrust prog=0.610 flags=NormalHit collider=1 shieldBack=0 blockedShield=0 result=StrikeAgent altAttack=0 victim=human friend=1 -> reject:live-arc
[PSW] t=66.03 dir=AttackUp strike=Thrust prog=0.610 flags=NormalHit collider=1 shieldBack=0 blockedShield=0 result=StrikeAgent altAttack=0 victim=human friend=0 -> reject:enemy
[PSW] t=67.80 dir=AttackUp strike=Thrust prog=0.610 flags=NormalHit collider=1 shieldBack=0 blockedShield=0 result=StrikeAgent altAttack=0 victim=human friend=0 -> reject:enemy
[PSW] t=69.03 dir=AttackDown strike=Thrust prog=0.169 flags=NormalHit collider=1 shieldBack=0 blockedShield=1 result=Blocked altAttack=0 victim=human friend=1 -> BYPASS
[PSW] t=70.33 dir=AttackDown strike=Thrust prog=0.453 flags=NormalHit collider=1 shieldBack=0 blockedShield=0 result=StrikeAgent altAttack=0 victim=human friend=1 -> reject:live-arc
[PSW] t=72.47 dir=AttackUp strike=Thrust prog=0.610 flags=NormalHit collider=1 shieldBack=0 blockedShield=0 result=StrikeAgent altAttack=0 victim=human friend=0 -> reject:enemy
[PSW] t=75.34 dir=AttackUp strike=Thrust prog=0.668 flags=NormalHit collider=1 shieldBack=0 blockedShield=0 result=StrikeAgent altAttack=0 victim=human friend=0 -> reject:enemy
[PSW] t=77.19 dir=AttackUp strike=Thrust prog=0.611 flags=NormalHit collider=1 shieldBack=0 blockedShield=0 result=StrikeAgent altAttack=0 victim=human friend=0 -> reject:enemy
[PSW] t=79.03 dir=AttackUp strike=Thrust prog=0.610 flags=NormalHit collider=1 shieldBack=0 blockedShield=0 result=StrikeAgent altAttack=0 victim=human friend=0 -> reject:enemy
[PSW] t=80.63 dir=AttackUp strike=Thrust prog=0.610 flags=NormalHit collider=1 shieldBack=0 blockedShield=0 result=StrikeAgent altAttack=0 victim=human friend=0 -> reject:enemy
[PSW] t=81.32 dir=AttackUp strike=Thrust prog=0.610 flags=NormalHit collider=1 shieldBack=0 blockedShield=0 result=StrikeAgent altAttack=0 victim=human friend=0 -> reject:enemy
[PSW] t=82.61 dir=AttackUp strike=Thrust prog=0.530 flags=NormalHit collider=1 shieldBack=0 blockedShield=0 result=StrikeAgent altAttack=0 victim=human friend=0 -> reject:enemy
[PSW] t=85.53 dir=AttackUp strike=Thrust prog=0.610 flags=NormalHit collider=1 shieldBack=0 blockedShield=1 result=Blocked altAttack=0 victim=human friend=0 -> reject:enemy
[PSW] t=87.68 dir=AttackUp strike=Thrust prog=0.610 flags=NormalHit collider=1 shieldBack=0 blockedShield=0 result=StrikeAgent altAttack=0 victim=human friend=0 -> reject:enemy
[PSW] t=97.20 dir=AttackUp strike=Thrust prog=0.610 flags=NormalHit collider=1 shieldBack=0 blockedShield=0 result=StrikeAgent altAttack=0 victim=human friend=0 -> reject:enemy
[PSW] t=104.90 dir=AttackDown strike=Thrust prog=0.453 flags=NormalHit collider=1 shieldBack=0 blockedShield=0 result=StrikeAgent altAttack=0 victim=human friend=0 -> reject:enemy
[PSW] t=105.06 dir=AttackDown strike=Thrust prog=0.521 flags=HitWithStartOfTheAnimation collider=1 shieldBack=0 blockedShield=1 result=Parried altAttack=0 victim=human friend=0 -> reject:enemy
[PSW] t=106.94 dir=AttackDown strike=Thrust prog=0.597 flags=NormalHit collider=1 shieldBack=0 blockedShield=0 result=StrikeAgent altAttack=0 victim=human friend=0 -> reject:enemy
[PSW] ==== mission report ====
[PSW]  windup transparency : 829 friendly hits made transparent
[PSW]      rejected live-arc             x642
[PSW]  friendly blocks     : 222 neutralised (ally shield no longer halts the swing)
[PSW]  cramped gating (AI) : 104 swings remapped across 73 agents (737 input ticks)
[PSW] ========================
[PSW] ---- mission start ----
[PSW] t=46.18 dir=AttackUp strike=Thrust prog=0.519 flags=NormalHit collider=1 shieldBack=0 blockedShield=0 result=StrikeAgent altAttack=0 victim=human friend=0 -> reject:enemy
[PSW] t=46.42 dir=AttackUp strike=Thrust prog=0.837 flags=HitWithStartOfTheAnimation collider=1 shieldBack=0 blockedShield=0 result=StrikeAgent altAttack=0 victim=human friend=1 -> BYPASS
[PSW] t=46.42 dir=AttackUp strike=Thrust prog=0.837 flags=HitWithStartOfTheAnimation collider=1 shieldBack=0 blockedShield=0 result=StrikeAgent altAttack=0 victim=human friend=1 -> BYPASS
[PSW] t=49.40 dir=AttackDown strike=Thrust prog=0.073 flags=NormalHit collider=1 shieldBack=0 blockedShield=0 result=StrikeAgent altAttack=0 victim=human friend=1 -> BYPASS
[PSW] t=51.39 dir=AttackUp strike=Thrust prog=0.693 flags=NormalHit collider=1 shieldBack=0 blockedShield=0 result=StrikeAgent altAttack=0 victim=human friend=0 -> reject:enemy
[PSW] t=51.48 dir=AttackUp strike=Thrust prog=0.564 flags=HitWithStartOfTheAnimation collider=1 shieldBack=0 blockedShield=0 result=StrikeAgent altAttack=0 victim=human friend=1 -> BYPASS
[PSW] t=57.68 dir=AttackDown strike=Thrust prog=0.504 flags=NormalHit collider=1 shieldBack=0 blockedShield=0 result=StrikeAgent altAttack=0 victim=human friend=0 -> reject:enemy
[PSW] t=58.84 dir=AttackDown strike=Thrust prog=0.504 flags=NormalHit collider=1 shieldBack=0 blockedShield=0 result=StrikeAgent altAttack=0 victim=human friend=0 -> reject:enemy
[PSW] t=59.68 dir=AttackUp strike=Thrust prog=0.396 flags=NormalHit collider=1 shieldBack=0 blockedShield=0 result=StrikeAgent altAttack=0 victim=human friend=1 -> reject:live-arc
[PSW] t=60.81 dir=AttackUp strike=Thrust prog=0.610 flags=NormalHit collider=1 shieldBack=0 blockedShield=0 result=StrikeAgent altAttack=0 victim=human friend=0 -> reject:enemy
[PSW] t=74.34 dir=AttackUp strike=Swing prog=1.000 flags=NormalHit collider=1 shieldBack=0 blockedShield=0 result=StrikeAgent altAttack=0 victim=human friend=0 -> reject:enemy
[PSW] t=76.14 dir=AttackLeft strike=Swing prog=0.382 flags=NormalHit collider=1 shieldBack=0 blockedShield=1 result=Blocked altAttack=0 victim=human friend=0 -> reject:enemy
[PSW] t=77.45 dir=AttackRight strike=Swing prog=0.629 flags=NormalHit collider=1 shieldBack=0 blockedShield=0 result=StrikeAgent altAttack=0 victim=human friend=0 -> reject:enemy
[PSW] ==== mission report ====
[PSW]  windup transparency : 822 friendly hits made transparent
[PSW]      rejected live-arc             x615
[PSW]  friendly blocks     : 280 neutralised (ally shield no longer halts the swing)
[PSW]  cramped gating (AI) : 102 swings remapped across 62 agents (676 input ticks)
[PSW] ========================
[PSW] ---- mission start ----
[PSW] t=56.90 dir=AttackUp strike=Thrust prog=0.543 flags=NormalHit collider=1 shieldBack=0 blockedShield=0 result=StrikeAgent altAttack=0 victim=human friend=0 -> reject:enemy
[PSW] t=57.52 dir=AttackDown strike=Thrust prog=0.380 flags=NormalHit collider=1 shieldBack=0 blockedShield=0 result=StrikeAgent altAttack=0 victim=human friend=0 -> reject:enemy
[PSW] t=57.80 dir=AttackDown strike=Thrust prog=0.833 flags=HitWithStartOfTheAnimation collider=1 shieldBack=0 blockedShield=1 result=Parried altAttack=0 victim=human friend=0 -> reject:enemy
[PSW] t=59.44 dir=AttackUp strike=Thrust prog=0.543 flags=NormalHit collider=1 shieldBack=0 blockedShield=0 result=StrikeAgent altAttack=0 victim=human friend=0 -> reject:enemy
[PSW] t=63.06 dir=AttackUp strike=Swing prog=1.000 flags=NormalHit collider=1 shieldBack=0 blockedShield=0 result=StrikeAgent altAttack=0 victim=human friend=1 -> reject:live-arc
[PSW] t=65.53 dir=AttackUp strike=Swing prog=0.220 flags=NormalHit collider=1 shieldBack=0 blockedShield=0 result=StrikeAgent altAttack=0 victim=human friend=1 -> BYPASS
[PSW] t=66.73 dir=AttackUp strike=Swing prog=0.063 flags=NormalHit collider=1 shieldBack=0 blockedShield=0 result=StrikeAgent altAttack=0 victim=human friend=1 -> BYPASS
[PSW] t=68.59 dir=AttackUp strike=Swing prog=0.063 flags=NormalHit collider=1 shieldBack=0 blockedShield=0 result=StrikeAgent altAttack=0 victim=human friend=1 -> BYPASS
[PSW] t=69.21 dir=AttackUp strike=Swing prog=1.000 flags=NormalHit collider=1 shieldBack=0 blockedShield=0 result=StrikeAgent altAttack=0 victim=human friend=0 -> reject:enemy
[PSW] t=71.07 dir=AttackUp strike=Thrust prog=0.610 flags=NormalHit collider=1 shieldBack=0 blockedShield=0 result=StrikeAgent altAttack=0 victim=human friend=0 -> reject:enemy
[PSW] t=71.63 dir=AttackDown strike=Thrust prog=0.009 flags=HitWithArm collider=1 shieldBack=0 blockedShield=0 result=StrikeAgent altAttack=0 victim=human friend=1 -> BYPASS
[PSW] t=71.63 dir=AttackDown strike=Thrust prog=0.009 flags=NormalHit collider=1 shieldBack=0 blockedShield=0 result=StrikeAgent altAttack=0 victim=human friend=1 -> BYPASS
[PSW] t=74.75 dir=AttackDown strike=Thrust prog=0.231 flags=NormalHit collider=1 shieldBack=0 blockedShield=0 result=StrikeAgent altAttack=0 victim=human friend=1 -> BYPASS
[PSW] t=75.87 dir=AttackDown strike=Thrust prog=0.228 flags=NormalHit collider=1 shieldBack=0 blockedShield=0 result=StrikeAgent altAttack=0 victim=human friend=1 -> BYPASS
[PSW] t=76.55 dir=AttackDown strike=Thrust prog=0.009 flags=NormalHit collider=1 shieldBack=0 blockedShield=0 result=StrikeAgent altAttack=0 victim=human friend=1 -> BYPASS
[PSW] t=76.55 dir=AttackDown strike=Thrust prog=0.009 flags=NormalHit collider=1 shieldBack=0 blockedShield=0 result=StrikeAgent altAttack=0 victim=human friend=1 -> BYPASS
[PSW] t=77.53 dir=AttackUp strike=Thrust prog=0.062 flags=HitWithArm, HitWithBackOfTheWeapon collider=1 shieldBack=0 blockedShield=0 result=None altAttack=0 victim=human friend=1 -> BYPASS
[PSW] t=77.71 dir=AttackUp strike=Thrust prog=0.673 flags=NormalHit collider=1 shieldBack=0 blockedShield=0 result=StrikeAgent altAttack=0 victim=human friend=1 -> reject:live-arc
[PSW] t=81.63 dir=AttackDown strike=Thrust prog=0.009 flags=NormalHit collider=1 shieldBack=0 blockedShield=0 result=StrikeAgent altAttack=0 victim=human friend=1 -> BYPASS
[PSW] t=83.81 dir=AttackDown strike=Thrust prog=0.009 flags=NormalHit collider=1 shieldBack=0 blockedShield=0 result=StrikeAgent altAttack=0 victim=human friend=1 -> BYPASS
[PSW] t=83.81 dir=AttackDown strike=Thrust prog=0.009 flags=NormalHit collider=1 shieldBack=0 blockedShield=0 result=StrikeAgent altAttack=0 victim=human friend=1 -> BYPASS
[PSW] t=83.81 dir=AttackDown strike=Thrust prog=0.009 flags=NormalHit collider=1 shieldBack=0 blockedShield=0 result=StrikeAgent altAttack=0 victim=human friend=1 -> BYPASS
[PSW] t=84.99 dir=AttackDown strike=Thrust prog=0.009 flags=NormalHit collider=1 shieldBack=0 blockedShield=0 result=StrikeAgent altAttack=0 victim=human friend=1 -> BYPASS
[PSW] t=84.99 dir=AttackDown strike=Thrust prog=0.009 flags=NormalHit collider=1 shieldBack=0 blockedShield=0 result=StrikeAgent altAttack=0 victim=human friend=1 -> BYPASS
[PSW] t=87.25 dir=AttackUp strike=Thrust prog=0.474 flags=NormalHit collider=1 shieldBack=0 blockedShield=0 result=StrikeAgent altAttack=0 victim=human friend=1 -> reject:live-arc
[PSW] t=89.03 dir=AttackUp strike=Swing prog=0.063 flags=NormalHit collider=1 shieldBack=0 blockedShield=0 result=StrikeAgent altAttack=0 victim=human friend=1 -> BYPASS
[PSW] t=89.81 dir=AttackUp strike=Swing prog=0.063 flags=NormalHit collider=1 shieldBack=0 blockedShield=0 result=StrikeAgent altAttack=0 victim=human friend=1 -> BYPASS
[PSW] t=92.89 dir=AttackUp strike=Thrust prog=0.012 flags=HitWithArm, HitWithBackOfTheWeapon collider=1 shieldBack=0 blockedShield=0 result=None altAttack=0 victim=human friend=1 -> BYPASS
[PSW] t=93.06 dir=AttackUp strike=Thrust prog=0.600 flags=NormalHit collider=1 shieldBack=0 blockedShield=0 result=StrikeAgent altAttack=0 victim=human friend=0 -> reject:enemy
[PSW] t=94.03 dir=AttackUp strike=Thrust prog=0.056 flags=HitWithArm collider=1 shieldBack=0 blockedShield=0 result=StrikeAgent altAttack=0 victim=human friend=1 -> BYPASS
[PSW] t=94.03 dir=AttackUp strike=Thrust prog=0.056 flags=NormalHit collider=1 shieldBack=0 blockedShield=0 result=StrikeAgent altAttack=0 victim=human friend=1 -> BYPASS
[PSW] t=94.03 dir=AttackUp strike=Thrust prog=0.056 flags=NormalHit collider=1 shieldBack=0 blockedShield=0 result=StrikeAgent altAttack=0 victim=human friend=1 -> BYPASS
[PSW] t=95.25 dir=AttackDown strike=Thrust prog=0.045 flags=NormalHit collider=1 shieldBack=0 blockedShield=0 result=StrikeAgent altAttack=0 victim=human friend=1 -> BYPASS
[PSW] t=97.32 dir=AttackUp strike=Thrust prog=0.507 flags=NormalHit collider=1 shieldBack=0 blockedShield=0 result=StrikeAgent altAttack=0 victim=human friend=1 -> reject:live-arc
[PSW] t=99.25 dir=AttackDown strike=Thrust prog=0.062 flags=NormalHit collider=1 shieldBack=0 blockedShield=0 result=StrikeAgent altAttack=0 victim=human friend=1 -> BYPASS
[PSW] t=100.02 dir=AttackDown strike=Thrust prog=0.038 flags=NormalHit collider=1 shieldBack=0 blockedShield=1 result=Blocked altAttack=0 victim=human friend=1 -> BYPASS
[PSW] t=101.16 dir=AttackDown strike=Thrust prog=0.068 flags=NormalHit collider=1 shieldBack=0 blockedShield=0 result=StrikeAgent altAttack=0 victim=human friend=1 -> BYPASS
[PSW] t=106.19 dir=AttackUp strike=Thrust prog=0.036 flags=NormalHit collider=1 shieldBack=0 blockedShield=0 result=StrikeAgent altAttack=0 victim=human friend=1 -> BYPASS
[PSW] t=106.79 dir=AttackDown strike=Thrust prog=0.047 flags=NormalHit collider=1 shieldBack=0 blockedShield=0 result=StrikeAgent altAttack=0 victim=human friend=1 -> BYPASS
[PSW] t=106.79 dir=AttackDown strike=Thrust prog=0.047 flags=NormalHit collider=1 shieldBack=0 blockedShield=0 result=StrikeAgent altAttack=0 victim=human friend=1 -> BYPASS
[PSW] t=106.79 dir=AttackDown strike=Thrust prog=0.047 flags=NormalHit collider=1 shieldBack=0 blockedShield=0 result=StrikeAgent altAttack=0 victim=human friend=1 -> BYPASS
[PSW] t=108.64 dir=AttackUp strike=Thrust prog=0.167 flags=HitWithArm, HitWithBackOfTheWeapon collider=1 shieldBack=0 blockedShield=0 result=None altAttack=0 victim=human friend=1 -> BYPASS
[PSW] t=108.79 dir=AttackUp strike=Thrust prog=0.680 flags=NormalHit collider=1 shieldBack=0 blockedShield=0 result=StrikeAgent altAttack=0 victim=human friend=1 -> reject:live-arc
[PSW] t=110.19 dir=AttackUp strike=Thrust prog=0.680 flags=NormalHit collider=1 shieldBack=0 blockedShield=0 result=StrikeAgent altAttack=0 victim=human friend=0 -> reject:enemy
[PSW] t=111.84 dir=AttackUp strike=Thrust prog=0.509 flags=NormalHit collider=1 shieldBack=0 blockedShield=0 result=StrikeAgent altAttack=0 victim=human friend=1 -> reject:live-arc
[PSW] t=113.34 dir=AttackDown strike=Thrust prog=0.157 flags=NormalHit collider=1 shieldBack=0 blockedShield=0 result=StrikeAgent altAttack=0 victim=human friend=1 -> BYPASS
[PSW] t=113.34 dir=AttackDown strike=Thrust prog=0.157 flags=NormalHit collider=1 shieldBack=0 blockedShield=0 result=StrikeAgent altAttack=0 victim=human friend=1 -> BYPASS
[PSW] t=113.34 dir=AttackDown strike=Thrust prog=0.157 flags=NormalHit collider=1 shieldBack=0 blockedShield=0 result=StrikeAgent altAttack=0 victim=human friend=0 -> reject:enemy
[PSW] t=114.89 dir=AttackUp strike=Thrust prog=0.850 flags=NormalHit collider=1 shieldBack=0 blockedShield=0 result=StrikeAgent altAttack=0 victim=human friend=0 -> reject:enemy
[PSW] t=116.14 dir=AttackDown strike=Thrust prog=0.157 flags=NormalHit collider=1 shieldBack=0 blockedShield=0 result=StrikeAgent altAttack=0 victim=human friend=1 -> BYPASS
[PSW] t=116.14 dir=AttackDown strike=Thrust prog=0.157 flags=NormalHit collider=1 shieldBack=0 blockedShield=0 result=StrikeAgent altAttack=0 victim=human friend=1 -> BYPASS
[PSW] t=117.49 dir=AttackUp strike=Thrust prog=0.680 flags=NormalHit collider=1 shieldBack=0 blockedShield=0 result=StrikeAgent altAttack=0 victim=human friend=0 -> reject:enemy
[PSW] t=118.64 dir=AttackUp strike=Thrust prog=0.509 flags=NormalHit collider=1 shieldBack=0 blockedShield=0 result=StrikeAgent altAttack=0 victim=human friend=0 -> reject:enemy
[PSW] t=147.24 dir=AttackUp strike=Thrust prog=0.680 flags=NormalHit collider=1 shieldBack=0 blockedShield=0 result=StrikeAgent altAttack=0 victim=human friend=0 -> reject:enemy
[PSW] t=148.44 dir=AttackDown strike=Thrust prog=0.157 flags=NormalHit collider=1 shieldBack=0 blockedShield=0 result=StrikeAgent altAttack=0 victim=human friend=1 -> BYPASS
[PSW] t=150.64 dir=AttackDown strike=Thrust prog=0.157 flags=NormalHit collider=1 shieldBack=0 blockedShield=0 result=StrikeAgent altAttack=0 victim=human friend=1 -> BYPASS
[PSW] t=152.04 dir=AttackDown strike=Thrust prog=0.713 flags=NormalHit collider=1 shieldBack=0 blockedShield=0 result=StrikeAgent altAttack=0 victim=human friend=1 -> reject:live-arc
[PSW] t=154.64 dir=AttackUp strike=Thrust prog=0.680 flags=NormalHit collider=1 shieldBack=0 blockedShield=0 result=StrikeAgent altAttack=0 victim=human friend=1 -> reject:live-arc
[PSW] t=156.04 dir=AttackUp strike=Thrust prog=0.509 flags=NormalHit collider=1 shieldBack=0 blockedShield=0 result=StrikeAgent altAttack=0 victim=human friend=0 -> reject:enemy
[PSW] t=156.09 dir=AttackUp strike=Thrust prog=0.315 flags=HitWithStartOfTheAnimation collider=1 shieldBack=0 blockedShield=0 result=StrikeAgent altAttack=0 victim=human friend=1 -> BYPASS
[PSW] t=160.44 dir=AttackUp strike=Thrust prog=0.509 flags=NormalHit collider=1 shieldBack=0 blockedShield=0 result=StrikeAgent altAttack=0 victim=human friend=0 -> reject:enemy
[PSW] t=160.49 dir=AttackUp strike=Thrust prog=0.315 flags=HitWithStartOfTheAnimation collider=1 shieldBack=0 blockedShield=0 result=StrikeAgent altAttack=0 victim=human friend=1 -> BYPASS
[PSW] t=183.66 dir=AttackUp strike=Swing prog=1.000 flags=NormalHit collider=1 shieldBack=0 blockedShield=1 result=Blocked altAttack=0 victim=human friend=0 -> reject:enemy
[PSW] ==== mission report ====
[PSW]  windup transparency : 7681 friendly hits made transparent
[PSW]      rejected live-arc             x6477
[PSW]  friendly blocks     : 3375 neutralised (ally shield no longer halts the swing)
[PSW]  cramped gating (AI) : 648 swings remapped across 393 agents (3375 input ticks)
[PSW] ========================
[PSW] ---- mission start ----
[PSW] t=88.06 dir=AttackDown strike=Thrust prog=0.000 flags=HitWithStartOfTheAnimation collider=1 shieldBack=0 blockedShield=1 result=Parried altAttack=0 victim=human friend=0 -> reject:enemy
[PSW] t=90.00 dir=AttackUp strike=Thrust prog=0.953 flags=NormalHit collider=1 shieldBack=0 blockedShield=0 result=StrikeAgent altAttack=0 victim=human friend=0 -> reject:enemy
[PSW] t=91.51 dir=AttackDown strike=Thrust prog=0.000 flags=HitWithStartOfTheAnimation collider=1 shieldBack=0 blockedShield=1 result=Parried altAttack=0 victim=human friend=0 -> reject:enemy
[PSW] t=94.13 dir=AttackUp strike=Thrust prog=0.543 flags=NormalHit collider=1 shieldBack=0 blockedShield=0 result=None altAttack=0 victim=human friend=0 -> reject:enemy
[PSW] t=94.15 dir=AttackUp strike=Thrust prog=0.611 flags=NormalHit collider=1 shieldBack=0 blockedShield=0 result=StrikeAgent altAttack=0 victim=human friend=0 -> reject:enemy
[PSW] t=96.33 dir=AttackUp strike=Thrust prog=0.608 flags=NormalHit collider=1 shieldBack=0 blockedShield=0 result=StrikeAgent altAttack=0 victim=human friend=0 -> reject:enemy
[PSW] t=98.87 dir=AttackDown strike=Thrust prog=0.170 flags=NormalHit collider=1 shieldBack=0 blockedShield=0 result=StrikeAgent altAttack=0 victim=human friend=0 -> reject:enemy
[PSW] t=100.37 dir=AttackDown strike=Thrust prog=0.380 flags=NormalHit collider=1 shieldBack=0 blockedShield=0 result=StrikeAgent altAttack=0 victim=human friend=0 -> reject:enemy
[PSW] t=101.69 dir=AttackDown strike=Thrust prog=0.528 flags=NormalHit collider=1 shieldBack=0 blockedShield=0 result=StrikeAgent altAttack=0 victim=human friend=0 -> reject:enemy
[PSW] t=112.72 dir=AttackUp strike=Thrust prog=0.062 flags=NormalHit collider=1 shieldBack=0 blockedShield=0 result=StrikeAgent altAttack=0 victim=human friend=1 -> BYPASS
[PSW] t=114.19 dir=AttackUp strike=Thrust prog=0.566 flags=NormalHit collider=1 shieldBack=0 blockedShield=1 result=Blocked altAttack=0 victim=human friend=0 -> reject:enemy
[PSW] t=115.43 dir=AttackUp strike=Thrust prog=0.470 flags=NormalHit collider=1 shieldBack=0 blockedShield=0 result=StrikeAgent altAttack=0 victim=human friend=1 -> reject:live-arc
[PSW] t=116.91 dir=AttackUp strike=Thrust prog=0.577 flags=NormalHit collider=1 shieldBack=0 blockedShield=0 result=ChamberBlocked altAttack=0 victim=human friend=0 -> reject:enemy
[PSW] t=119.60 dir=AttackUp strike=Thrust prog=0.391 flags=NormalHit collider=1 shieldBack=0 blockedShield=0 result=StrikeAgent altAttack=0 victim=human friend=0 -> reject:enemy
[PSW] t=119.65 dir=AttackUp strike=Thrust prog=0.217 flags=HitWithStartOfTheAnimation collider=1 shieldBack=0 blockedShield=0 result=StrikeAgent altAttack=0 victim=human friend=0 -> reject:enemy
[PSW] t=122.22 dir=AttackUp strike=Thrust prog=0.369 flags=HitWithArm collider=1 shieldBack=0 blockedShield=0 result=StrikeAgent altAttack=0 victim=human friend=1 -> reject:live-arc
[PSW] t=124.70 dir=AttackUp strike=Thrust prog=0.730 flags=NormalHit collider=1 shieldBack=0 blockedShield=0 result=StrikeAgent altAttack=0 victim=human friend=0 -> reject:enemy
[PSW] t=126.40 dir=AttackUp strike=Thrust prog=0.340 flags=NormalHit collider=1 shieldBack=0 blockedShield=0 result=StrikeAgent altAttack=0 victim=human friend=0 -> reject:enemy
[PSW] t=128.34 dir=AttackUp strike=Thrust prog=0.533 flags=NormalHit collider=1 shieldBack=0 blockedShield=0 result=StrikeAgent altAttack=0 victim=human friend=1 -> reject:live-arc
[PSW] t=129.68 dir=AttackUp strike=Thrust prog=0.688 flags=NormalHit collider=1 shieldBack=0 blockedShield=1 result=Blocked altAttack=0 victim=human friend=1 -> reject:live-arc
[PSW] t=130.93 dir=AttackUp strike=Thrust prog=0.564 flags=NormalHit collider=1 shieldBack=0 blockedShield=0 result=StrikeAgent altAttack=0 victim=human friend=0 -> reject:enemy
[PSW] t=132.34 dir=AttackUp strike=Thrust prog=0.633 flags=HitWithArm, HitWithBackOfTheWeapon collider=1 shieldBack=0 blockedShield=0 result=StrikeAgent altAttack=0 victim=human friend=1 -> reject:live-arc
[PSW] t=135.04 dir=AttackUp strike=Thrust prog=0.646 flags=NormalHit collider=1 shieldBack=0 blockedShield=0 result=StrikeAgent altAttack=0 victim=human friend=0 -> reject:enemy
[PSW] t=139.45 dir=AttackUp strike=Thrust prog=0.468 flags=NormalHit collider=1 shieldBack=0 blockedShield=1 result=Blocked altAttack=0 victim=human friend=0 -> reject:enemy
[PSW] t=140.76 dir=AttackUp strike=Thrust prog=0.796 flags=NormalHit collider=0 shieldBack=0 blockedShield=0 result=HitWorld altAttack=0 victim=none friend=? -> reject:world-hit
[PSW] t=141.68 dir=AttackUp strike=Thrust prog=0.691 flags=NormalHit collider=1 shieldBack=0 blockedShield=0 result=StrikeAgent altAttack=0 victim=human friend=0 -> reject:enemy
[PSW] t=143.56 dir=AttackUp strike=Thrust prog=0.594 flags=NormalHit collider=1 shieldBack=0 blockedShield=0 result=StrikeAgent altAttack=0 victim=human friend=1 -> reject:live-arc
[PSW] t=144.92 dir=AttackUp strike=Thrust prog=0.688 flags=NormalHit collider=1 shieldBack=0 blockedShield=0 result=StrikeAgent altAttack=0 victim=human friend=0 -> reject:enemy
[PSW] t=148.32 dir=AttackUp strike=Thrust prog=0.592 flags=NormalHit collider=1 shieldBack=0 blockedShield=0 result=StrikeAgent altAttack=0 victim=human friend=0 -> reject:enemy
[PSW] t=149.60 dir=AttackUp strike=Thrust prog=0.652 flags=NormalHit collider=1 shieldBack=0 blockedShield=0 result=StrikeAgent altAttack=0 victim=human friend=0 -> reject:enemy
[PSW] t=151.98 dir=AttackUp strike=Thrust prog=0.548 flags=NormalHit collider=1 shieldBack=0 blockedShield=0 result=StrikeAgent altAttack=0 victim=human friend=0 -> reject:enemy
[PSW] t=153.02 dir=AttackUp strike=Thrust prog=0.405 flags=NormalHit collider=1 shieldBack=0 blockedShield=1 result=Blocked altAttack=0 victim=human friend=0 -> reject:enemy
[PSW] t=154.26 dir=AttackUp strike=Thrust prog=0.498 flags=NormalHit collider=1 shieldBack=0 blockedShield=1 result=Blocked altAttack=0 victim=human friend=0 -> reject:enemy
[PSW] t=155.52 dir=AttackUp strike=Thrust prog=0.593 flags=NormalHit collider=1 shieldBack=0 blockedShield=1 result=Blocked altAttack=0 victim=human friend=0 -> reject:enemy
[PSW] t=157.22 dir=AttackUp strike=Thrust prog=0.873 flags=NormalHit collider=1 shieldBack=0 blockedShield=0 result=StrikeAgent altAttack=0 victim=human friend=0 -> reject:enemy
[PSW] t=159.47 dir=AttackDown strike=Thrust prog=0.500 flags=NormalHit collider=1 shieldBack=0 blockedShield=0 result=StrikeAgent altAttack=1 victim=human friend=0 -> reject:enemy
[PSW] t=159.49 dir=AttackDown strike=Thrust prog=0.500 flags=NormalHit collider=1 shieldBack=0 blockedShield=0 result=StrikeAgent altAttack=1 victim=human friend=0 -> reject:enemy
[PSW] t=159.50 dir=AttackDown strike=Thrust prog=0.500 flags=NormalHit collider=1 shieldBack=0 blockedShield=0 result=StrikeAgent altAttack=1 victim=human friend=0 -> reject:enemy
[PSW] t=159.51 dir=AttackDown strike=Thrust prog=0.500 flags=NormalHit collider=1 shieldBack=0 blockedShield=0 result=StrikeAgent altAttack=1 victim=human friend=0 -> reject:enemy
[PSW] t=159.53 dir=AttackDown strike=Thrust prog=0.500 flags=NormalHit collider=1 shieldBack=0 blockedShield=0 result=StrikeAgent altAttack=1 victim=human friend=0 -> reject:enemy
[PSW] t=159.54 dir=AttackDown strike=Thrust prog=0.500 flags=NormalHit collider=1 shieldBack=0 blockedShield=0 result=StrikeAgent altAttack=1 victim=human friend=0 -> reject:enemy
[PSW] t=161.37 dir=AttackUp strike=Thrust prog=0.456 flags=NormalHit collider=1 shieldBack=0 blockedShield=0 result=StrikeAgent altAttack=0 victim=human friend=0 -> reject:enemy
[PSW] t=161.61 dir=AttackUp strike=Thrust prog=0.835 flags=HitWithStartOfTheAnimation collider=1 shieldBack=0 blockedShield=0 result=StrikeAgent altAttack=0 victim=human friend=0 -> reject:enemy
[PSW] t=167.01 dir=AttackUp strike=Thrust prog=0.498 flags=NormalHit collider=1 shieldBack=0 blockedShield=0 result=StrikeAgent altAttack=0 victim=human friend=0 -> reject:enemy
[PSW] t=168.58 dir=AttackUp strike=Thrust prog=0.425 flags=NormalHit collider=1 shieldBack=0 blockedShield=0 result=StrikeAgent altAttack=0 victim=human friend=0 -> reject:enemy
[PSW] t=169.94 dir=AttackUp strike=Thrust prog=0.545 flags=NormalHit collider=1 shieldBack=0 blockedShield=0 result=StrikeAgent altAttack=0 victim=human friend=0 -> reject:enemy
[PSW] t=180.66 dir=AttackRight strike=Swing prog=0.595 flags=NormalHit collider=1 shieldBack=0 blockedShield=0 result=StrikeAgent altAttack=0 victim=human friend=1 -> reject:live-arc
[PSW] t=202.48 dir=AttackUp strike=Swing prog=0.921 flags=NormalHit collider=1 shieldBack=0 blockedShield=0 result=StrikeAgent altAttack=0 victim=human friend=1 -> reject:live-arc
[PSW] t=204.24 dir=AttackUp strike=Swing prog=0.921 flags=NormalHit collider=1 shieldBack=0 blockedShield=0 result=StrikeAgent altAttack=0 victim=human friend=0 -> reject:enemy
[PSW] t=205.14 dir=AttackRight strike=Swing prog=0.349 flags=HitWithArm collider=1 shieldBack=0 blockedShield=1 result=Blocked altAttack=0 victim=human friend=0 -> reject:enemy
[PSW] t=205.86 dir=AttackRight strike=Swing prog=0.289 flags=NormalHit collider=1 shieldBack=0 blockedShield=0 result=StrikeAgent altAttack=0 victim=human friend=0 -> reject:enemy
[PSW] t=206.80 dir=AttackRight strike=Swing prog=0.289 flags=HitWithArm collider=1 shieldBack=0 blockedShield=1 result=Blocked altAttack=0 victim=human friend=0 -> reject:enemy
[PSW] t=208.39 dir=AttackDown strike=Thrust prog=0.500 flags=NormalHit collider=1 shieldBack=0 blockedShield=0 result=StrikeAgent altAttack=1 victim=human friend=0 -> reject:enemy
[PSW] t=208.40 dir=AttackDown strike=Thrust prog=0.500 flags=NormalHit collider=1 shieldBack=0 blockedShield=0 result=StrikeAgent altAttack=1 victim=human friend=0 -> reject:enemy
[PSW] t=208.41 dir=AttackDown strike=Thrust prog=0.500 flags=NormalHit collider=1 shieldBack=0 blockedShield=0 result=StrikeAgent altAttack=1 victim=human friend=0 -> reject:enemy
[PSW] t=208.42 dir=AttackDown strike=Thrust prog=0.500 flags=NormalHit collider=1 shieldBack=0 blockedShield=0 result=StrikeAgent altAttack=1 victim=human friend=0 -> reject:enemy
[PSW] t=208.44 dir=AttackDown strike=Thrust prog=0.500 flags=NormalHit collider=1 shieldBack=0 blockedShield=0 result=StrikeAgent altAttack=1 victim=human friend=0 -> reject:enemy
[PSW] t=208.45 dir=AttackDown strike=Thrust prog=0.500 flags=NormalHit collider=1 shieldBack=0 blockedShield=0 result=StrikeAgent altAttack=1 victim=human friend=0 -> reject:enemy
[PSW] t=208.46 dir=AttackDown strike=Thrust prog=0.500 flags=NormalHit collider=1 shieldBack=0 blockedShield=0 result=StrikeAgent altAttack=1 victim=human friend=0 -> reject:enemy
[PSW] t=208.47 dir=AttackDown strike=Thrust prog=0.500 flags=NormalHit collider=1 shieldBack=0 blockedShield=0 result=StrikeAgent altAttack=1 victim=human friend=0 -> reject:enemy
[PSW] t=208.49 dir=AttackDown strike=Thrust prog=0.500 flags=NormalHit collider=1 shieldBack=0 blockedShield=0 result=StrikeAgent altAttack=1 victim=human friend=0 -> reject:enemy
[PSW] t=208.50 dir=AttackDown strike=Thrust prog=0.500 flags=NormalHit collider=1 shieldBack=0 blockedShield=0 result=StrikeAgent altAttack=1 victim=human friend=0 -> reject:enemy
[PSW] t=208.51 dir=AttackDown strike=Thrust prog=0.500 flags=NormalHit collider=1 shieldBack=0 blockedShield=0 result=StrikeAgent altAttack=1 victim=human friend=0 -> reject:enemy
[PSW] t=210.38 dir=AttackLeft strike=Swing prog=0.435 flags=NormalHit collider=1 shieldBack=0 blockedShield=0 result=StrikeAgent altAttack=0 victim=human friend=0 -> reject:enemy
[PSW] t=211.14 dir=AttackLeft strike=Swing prog=0.435 flags=NormalHit collider=1 shieldBack=0 blockedShield=0 result=StrikeAgent altAttack=0 victim=human friend=0 -> reject:enemy
[PSW] t=212.09 dir=AttackLeft strike=Swing prog=0.201 flags=NormalHit collider=1 shieldBack=0 blockedShield=0 result=StrikeAgent altAttack=0 victim=human friend=0 -> reject:enemy
[PSW] t=212.85 dir=AttackRight strike=Swing prog=0.367 flags=HitWithArm collider=1 shieldBack=0 blockedShield=1 result=Blocked altAttack=0 victim=human friend=0 -> reject:enemy
[PSW] t=214.28 dir=AttackUp strike=Swing prog=0.826 flags=NormalHit collider=1 shieldBack=0 blockedShield=0 result=StrikeAgent altAttack=0 victim=human friend=0 -> reject:enemy
[PSW] t=215.36 dir=AttackUp strike=Swing prog=0.923 flags=NormalHit collider=1 shieldBack=0 blockedShield=0 result=StrikeAgent altAttack=0 victim=human friend=0 -> reject:enemy
[PSW] t=215.80 dir=AttackDown strike=Thrust prog=0.507 flags=NormalHit collider=1 shieldBack=0 blockedShield=1 result=Parried altAttack=0 victim=human friend=0 -> reject:enemy
[PSW] ==== mission report ====
[PSW]  windup transparency : 10260 friendly hits made transparent
[PSW]      rejected live-arc             x7050
[PSW]  friendly blocks     : 4322 neutralised (ally shield no longer halts the swing)
[PSW]  cramped gating (AI) : 954 swings remapped across 515 agents (10663 input ticks)
[PSW] ========================
[PSW] ---- mission start ----
[PSW] t=149.03 dir=AttackDown strike=Thrust prog=0.009 flags=NormalHit collider=1 shieldBack=0 blockedShield=0 result=StrikeAgent altAttack=0 victim=human friend=1 -> BYPASS
[PSW] t=149.03 dir=AttackDown strike=Thrust prog=0.009 flags=NormalHit collider=1 shieldBack=0 blockedShield=0 result=StrikeAgent altAttack=0 victim=human friend=0 -> reject:enemy
[PSW] t=150.03 dir=AttackUp strike=Thrust prog=0.680 flags=NormalHit collider=1 shieldBack=0 blockedShield=0 result=StrikeAgent altAttack=0 victim=human friend=1 -> reject:live-arc
[PSW] t=151.77 dir=AttackDown strike=Thrust prog=0.009 flags=NormalHit collider=1 shieldBack=0 blockedShield=0 result=StrikeAgent altAttack=0 victim=human friend=1 -> BYPASS
[PSW] t=170.20 dir=AttackDown strike=Thrust prog=0.053 flags=NormalHit collider=1 shieldBack=0 blockedShield=0 result=StrikeAgent altAttack=0 victim=human friend=1 -> BYPASS
[PSW] t=173.12 dir=AttackUp strike=Thrust prog=0.061 flags=NormalHit collider=1 shieldBack=0 blockedShield=0 result=StrikeAgent altAttack=0 victim=human friend=1 -> BYPASS
[PSW] t=175.17 dir=AttackUp strike=Thrust prog=0.611 flags=NormalHit collider=1 shieldBack=0 blockedShield=0 result=StrikeAgent altAttack=0 victim=human friend=1 -> reject:live-arc
[PSW] t=178.49 dir=AttackUp strike=Thrust prog=0.032 flags=NormalHit collider=1 shieldBack=0 blockedShield=0 result=StrikeAgent altAttack=0 victim=human friend=0 -> reject:enemy
[PSW] t=180.74 dir=AttackDown strike=Thrust prog=0.000 flags=HitWithStartOfTheAnimation collider=1 shieldBack=0 blockedShield=1 result=Parried altAttack=0 victim=human friend=0 -> reject:enemy
[PSW] t=182.73 dir=AttackUp strike=Thrust prog=0.038 flags=NormalHit collider=1 shieldBack=0 blockedShield=0 result=StrikeAgent altAttack=0 victim=human friend=1 -> BYPASS
[PSW] t=185.13 dir=AttackRight strike=Swing prog=0.186 flags=HitWithArm collider=1 shieldBack=0 blockedShield=0 result=StrikeAgent altAttack=0 victim=human friend=1 -> BYPASS
[PSW] t=187.05 dir=AttackDown strike=Thrust prog=0.065 flags=NormalHit collider=1 shieldBack=0 blockedShield=1 result=Blocked altAttack=0 victim=human friend=1 -> BYPASS
[PSW] t=198.78 dir=AttackDown strike=Thrust prog=0.013 flags=HitWithBackOfTheWeapon collider=1 shieldBack=0 blockedShield=0 result=None altAttack=0 victim=human friend=1 -> BYPASS
[PSW] t=198.78 dir=AttackDown strike=Thrust prog=0.013 flags=NormalHit collider=1 shieldBack=0 blockedShield=0 result=StrikeAgent altAttack=0 victim=human friend=1 -> BYPASS
[PSW] t=198.78 dir=AttackDown strike=Thrust prog=0.013 flags=NormalHit collider=1 shieldBack=0 blockedShield=0 result=StrikeAgent altAttack=0 victim=human friend=1 -> BYPASS
[PSW] t=201.24 dir=AttackUp strike=Thrust prog=0.064 flags=NormalHit collider=1 shieldBack=0 blockedShield=0 result=StrikeAgent altAttack=0 victim=human friend=1 -> BYPASS
[PSW] t=201.24 dir=AttackUp strike=Thrust prog=0.064 flags=NormalHit collider=1 shieldBack=0 blockedShield=0 result=StrikeAgent altAttack=0 victim=human friend=1 -> BYPASS
[PSW] t=208.80 dir=AttackUp strike=Thrust prog=0.064 flags=NormalHit collider=1 shieldBack=0 blockedShield=0 result=StrikeAgent altAttack=0 victim=human friend=1 -> BYPASS
[PSW] t=208.80 dir=AttackUp strike=Thrust prog=0.064 flags=NormalHit collider=1 shieldBack=0 blockedShield=0 result=StrikeAgent altAttack=0 victim=human friend=1 -> BYPASS
[PSW] t=210.81 dir=AttackUp strike=Thrust prog=0.064 flags=HitWithBackOfTheWeapon collider=1 shieldBack=0 blockedShield=0 result=None altAttack=0 victim=human friend=1 -> BYPASS
[PSW] t=210.81 dir=AttackUp strike=Thrust prog=0.064 flags=NormalHit collider=1 shieldBack=0 blockedShield=0 result=StrikeAgent altAttack=0 victim=human friend=1 -> BYPASS
[PSW] t=211.91 dir=AttackDown strike=Thrust prog=0.007 flags=NormalHit collider=1 shieldBack=0 blockedShield=0 result=StrikeAgent altAttack=0 victim=human friend=1 -> BYPASS
[PSW] t=213.56 dir=AttackUp strike=Thrust prog=0.029 flags=NormalHit collider=1 shieldBack=0 blockedShield=0 result=StrikeAgent altAttack=0 victim=human friend=1 -> BYPASS
[PSW] t=216.15 dir=AttackUp strike=Thrust prog=0.526 flags=NormalHit collider=1 shieldBack=0 blockedShield=0 result=StrikeAgent altAttack=0 victim=human friend=1 -> reject:live-arc
[PSW] t=217.57 dir=AttackDown strike=Thrust prog=0.157 flags=NormalHit collider=1 shieldBack=0 blockedShield=1 result=Blocked altAttack=0 victim=human friend=1 -> BYPASS
[PSW] t=220.37 dir=AttackUp strike=Thrust prog=0.680 flags=NormalHit collider=1 shieldBack=0 blockedShield=0 result=StrikeAgent altAttack=0 victim=human friend=0 -> reject:enemy
[PSW] t=220.47 dir=AttackUp strike=Thrust prog=0.584 flags=HitWithStartOfTheAnimation collider=1 shieldBack=0 blockedShield=0 result=None altAttack=0 victim=human friend=0 -> reject:enemy
[PSW] t=220.47 dir=AttackUp strike=Thrust prog=0.584 flags=HitWithStartOfTheAnimation collider=1 shieldBack=0 blockedShield=0 result=StrikeAgent altAttack=0 victim=human friend=1 -> BYPASS
[PSW] t=232.37 dir=AttackUp strike=Thrust prog=0.167 flags=HitWithBackOfTheWeapon collider=1 shieldBack=0 blockedShield=0 result=None altAttack=0 victim=human friend=1 -> BYPASS
[PSW] t=232.37 dir=AttackUp strike=Thrust prog=0.167 flags=NormalHit collider=1 shieldBack=0 blockedShield=0 result=StrikeAgent altAttack=0 victim=human friend=1 -> BYPASS
[PSW] t=248.37 dir=AttackUp strike=Thrust prog=0.680 flags=NormalHit collider=1 shieldBack=0 blockedShield=0 result=StrikeAgent altAttack=0 victim=human friend=1 -> reject:live-arc
[PSW] t=249.81 dir=AttackUp strike=Thrust prog=0.000 flags=HitWithArm, HitWithBackOfTheWeapon collider=1 shieldBack=0 blockedShield=0 result=None altAttack=0 victim=human friend=1 -> BYPASS
[PSW] t=249.81 dir=AttackUp strike=Thrust prog=0.000 flags=NormalHit collider=1 shieldBack=0 blockedShield=0 result=StrikeAgent altAttack=0 victim=human friend=1 -> BYPASS
[PSW] t=249.81 dir=AttackUp strike=Thrust prog=0.000 flags=NormalHit collider=1 shieldBack=0 blockedShield=0 result=StrikeAgent altAttack=0 victim=human friend=1 -> BYPASS
[PSW] t=251.27 dir=AttackUp strike=Thrust prog=0.000 flags=NormalHit collider=1 shieldBack=0 blockedShield=0 result=StrikeAgent altAttack=0 victim=human friend=1 -> BYPASS
[PSW] t=254.16 dir=AttackDown strike=Thrust prog=0.157 flags=NormalHit collider=1 shieldBack=0 blockedShield=0 result=StrikeAgent altAttack=0 victim=human friend=1 -> BYPASS
[PSW] t=254.16 dir=AttackDown strike=Thrust prog=0.157 flags=NormalHit collider=1 shieldBack=0 blockedShield=1 result=Blocked altAttack=0 victim=human friend=1 -> BYPASS
[PSW] t=255.76 dir=AttackUp strike=Thrust prog=0.167 flags=NormalHit collider=1 shieldBack=0 blockedShield=0 result=StrikeAgent altAttack=0 victim=human friend=1 -> BYPASS
[PSW] t=262.66 dir=AttackDown strike=Thrust prog=0.157 flags=NormalHit collider=1 shieldBack=0 blockedShield=0 result=StrikeAgent altAttack=0 victim=human friend=1 -> BYPASS
[PSW] t=262.66 dir=AttackDown strike=Thrust prog=0.157 flags=NormalHit collider=1 shieldBack=0 blockedShield=0 result=StrikeAgent altAttack=0 victim=human friend=1 -> BYPASS
[PSW] t=262.66 dir=AttackDown strike=Thrust prog=0.157 flags=NormalHit collider=1 shieldBack=0 blockedShield=0 result=StrikeAgent altAttack=0 victim=human friend=1 -> BYPASS
[PSW] t=262.66 dir=AttackDown strike=Thrust prog=0.157 flags=NormalHit collider=1 shieldBack=0 blockedShield=1 result=Blocked altAttack=0 victim=human friend=1 -> BYPASS
[PSW] t=264.26 dir=AttackUp strike=Thrust prog=0.167 flags=HitWithArm collider=1 shieldBack=0 blockedShield=0 result=StrikeAgent altAttack=0 victim=human friend=1 -> BYPASS
[PSW] t=268.01 dir=AttackDown strike=Thrust prog=0.157 flags=NormalHit collider=1 shieldBack=0 blockedShield=1 result=Blocked altAttack=0 victim=human friend=1 -> BYPASS
[PSW] t=289.48 dir=AttackDown strike=Thrust prog=0.157 flags=NormalHit collider=1 shieldBack=0 blockedShield=0 result=StrikeAgent altAttack=0 victim=human friend=1 -> BYPASS
[PSW] t=289.48 dir=AttackDown strike=Thrust prog=0.157 flags=NormalHit collider=1 shieldBack=0 blockedShield=0 result=StrikeAgent altAttack=0 victim=human friend=1 -> BYPASS
[PSW] t=296.54 dir=AttackUp strike=Thrust prog=0.346 flags=NormalHit collider=1 shieldBack=0 blockedShield=0 result=StrikeAgent altAttack=0 victim=human friend=0 -> reject:enemy
[PSW] t=296.71 dir=AttackUp strike=Thrust prog=0.510 flags=NormalHit collider=1 shieldBack=0 blockedShield=0 result=StrikeAgent altAttack=0 victim=human friend=1 -> reject:live-arc
[PSW] t=299.52 dir=AttackUp strike=Thrust prog=0.390 flags=NormalHit collider=1 shieldBack=0 blockedShield=0 result=StrikeAgent altAttack=0 victim=human friend=0 -> reject:enemy
[PSW] t=302.54 dir=AttackUp strike=Thrust prog=0.390 flags=NormalHit collider=1 shieldBack=0 blockedShield=0 result=StrikeAgent altAttack=0 victim=human friend=0 -> reject:enemy
[PSW] t=302.75 dir=AttackUp strike=Thrust prog=0.666 flags=NormalHit collider=1 shieldBack=0 blockedShield=0 result=StrikeAgent altAttack=0 victim=human friend=0 -> reject:enemy
[PSW] t=304.10 dir=AttackUp strike=Thrust prog=0.346 flags=NormalHit collider=1 shieldBack=0 blockedShield=0 result=StrikeAgent altAttack=0 victim=human friend=1 -> reject:live-arc
[PSW] t=305.26 dir=AttackUp strike=Thrust prog=0.476 flags=NormalHit collider=1 shieldBack=0 blockedShield=0 result=StrikeAgent altAttack=0 victim=human friend=0 -> reject:enemy
[PSW] t=306.65 dir=AttackUp strike=Thrust prog=0.519 flags=NormalHit collider=1 shieldBack=0 blockedShield=0 result=StrikeAgent altAttack=0 victim=human friend=0 -> reject:enemy
[PSW] t=308.17 dir=AttackUp strike=Thrust prog=0.649 flags=NormalHit collider=1 shieldBack=0 blockedShield=0 result=StrikeAgent altAttack=0 victim=human friend=0 -> reject:enemy
[PSW] t=309.02 dir=AttackUp strike=Thrust prog=0.000 flags=NormalHit collider=1 shieldBack=0 blockedShield=0 result=StrikeAgent altAttack=0 victim=human friend=1 -> BYPASS
[PSW] t=311.93 dir=AttackUp strike=Thrust prog=0.693 flags=NormalHit collider=1 shieldBack=0 blockedShield=0 result=StrikeAgent altAttack=0 victim=human friend=0 -> reject:enemy
[PSW] t=313.41 dir=AttackUp strike=Thrust prog=0.519 flags=NormalHit collider=1 shieldBack=0 blockedShield=0 result=StrikeAgent altAttack=0 victim=human friend=0 -> reject:enemy
[PSW] t=316.41 dir=AttackUp strike=Thrust prog=0.606 flags=NormalHit collider=1 shieldBack=0 blockedShield=0 result=StrikeAgent altAttack=0 victim=human friend=0 -> reject:enemy
[PSW] t=325.84 dir=AttackDown strike=Thrust prog=0.500 flags=NormalHit collider=1 shieldBack=0 blockedShield=0 result=StrikeAgent altAttack=1 victim=human friend=0 -> reject:enemy
[PSW] t=325.86 dir=AttackDown strike=Thrust prog=0.500 flags=NormalHit collider=1 shieldBack=0 blockedShield=0 result=StrikeAgent altAttack=1 victim=human friend=0 -> reject:enemy
[PSW] t=325.87 dir=AttackDown strike=Thrust prog=0.500 flags=NormalHit collider=1 shieldBack=0 blockedShield=0 result=StrikeAgent altAttack=1 victim=human friend=0 -> reject:enemy
[PSW] t=328.13 dir=AttackUp strike=Swing prog=0.921 flags=NormalHit collider=1 shieldBack=0 blockedShield=0 result=StrikeAgent altAttack=0 victim=human friend=0 -> reject:enemy
[PSW] t=328.98 dir=AttackRight strike=Swing prog=0.425 flags=NormalHit collider=1 shieldBack=0 blockedShield=0 result=StrikeAgent altAttack=0 victim=human friend=0 -> reject:enemy
[PSW] t=335.45 dir=AttackDown strike=Thrust prog=0.273 flags=NormalHit collider=1 shieldBack=0 blockedShield=0 result=None altAttack=0 victim=human friend=1 -> reject:live-arc
[PSW] t=335.52 dir=AttackDown strike=Thrust prog=0.499 flags=NormalHit collider=1 shieldBack=0 blockedShield=0 result=StrikeAgent altAttack=0 victim=human friend=1 -> reject:live-arc
[PSW] ==== mission report ====
[PSW]  windup transparency : 14577 friendly hits made transparent
[PSW]      rejected live-arc             x9987
[PSW]  friendly blocks     : 7160 neutralised (ally shield no longer halts the swing)
[PSW]  cramped gating (AI) : 1145 swings remapped across 547 agents (8963 input ticks)
[PSW] ========================
[PSW] ---- mission start ----
[PSW] t=80.68 dir=AttackUp strike=Thrust prog=0.712 flags=NormalHit collider=1 shieldBack=0 blockedShield=0 result=StrikeAgent altAttack=0 victim=human friend=0 -> reject:enemy
[PSW] t=81.93 dir=AttackUp strike=Thrust prog=0.449 flags=NormalHit collider=1 shieldBack=0 blockedShield=0 result=StrikeAgent altAttack=0 victim=human friend=0 -> reject:enemy
[PSW] t=84.10 dir=AttackUp strike=Thrust prog=0.661 flags=NormalHit collider=1 shieldBack=0 blockedShield=0 result=StrikeAgent altAttack=0 victim=human friend=1 -> reject:live-arc
[PSW] t=85.41 dir=AttackUp strike=Thrust prog=0.539 flags=NormalHit collider=1 shieldBack=0 blockedShield=0 result=StrikeAgent altAttack=0 victim=human friend=0 -> reject:enemy
[PSW] t=87.45 dir=AttackDown strike=Thrust prog=0.750 flags=NormalHit collider=1 shieldBack=0 blockedShield=0 result=StrikeAgent altAttack=0 victim=human friend=0 -> reject:enemy
[PSW] t=88.73 dir=AttackUp strike=Thrust prog=0.580 flags=NormalHit collider=1 shieldBack=0 blockedShield=0 result=StrikeAgent altAttack=0 victim=human friend=0 -> reject:enemy
[PSW] t=88.92 dir=AttackUp strike=Thrust prog=0.725 flags=HitWithStartOfTheAnimation collider=1 shieldBack=0 blockedShield=0 result=StrikeAgent altAttack=0 victim=human friend=1 -> BYPASS
[PSW] t=93.36 dir=AttackUp strike=Thrust prog=0.024 flags=NormalHit collider=1 shieldBack=0 blockedShield=0 result=StrikeAgent altAttack=0 victim=human friend=1 -> BYPASS
[PSW] t=94.70 dir=AttackUp strike=Thrust prog=0.479 flags=NormalHit collider=1 shieldBack=0 blockedShield=0 result=StrikeAgent altAttack=0 victim=human friend=0 -> reject:enemy
[PSW] t=97.09 dir=AttackUp strike=Thrust prog=0.481 flags=NormalHit collider=1 shieldBack=0 blockedShield=0 result=StrikeAgent altAttack=0 victim=human friend=1 -> reject:live-arc
[PSW] t=98.33 dir=AttackUp strike=Thrust prog=0.717 flags=NormalHit collider=1 shieldBack=0 blockedShield=0 result=StrikeAgent altAttack=0 victim=human friend=0 -> reject:enemy
[PSW] t=99.48 dir=AttackUp strike=Thrust prog=0.402 flags=NormalHit collider=1 shieldBack=0 blockedShield=0 result=Parried altAttack=0 victim=human friend=0 -> reject:enemy
[PSW] t=105.17 dir=AttackUp strike=Thrust prog=0.490 flags=NormalHit collider=1 shieldBack=0 blockedShield=0 result=None altAttack=0 victim=human friend=0 -> reject:enemy
[PSW] t=105.20 dir=AttackUp strike=Thrust prog=0.584 flags=NormalHit collider=1 shieldBack=0 blockedShield=0 result=StrikeAgent altAttack=0 victim=human friend=0 -> reject:enemy
[PSW] t=105.36 dir=AttackUp strike=Thrust prog=0.665 flags=HitWithStartOfTheAnimation collider=1 shieldBack=0 blockedShield=0 result=StrikeAgent altAttack=0 victim=human friend=0 -> reject:enemy
[PSW] t=107.51 dir=AttackUp strike=Thrust prog=0.409 flags=NormalHit collider=1 shieldBack=0 blockedShield=0 result=StrikeAgent altAttack=0 victim=human friend=0 -> reject:enemy
[PSW] t=108.91 dir=AttackUp strike=Thrust prog=0.372 flags=NormalHit collider=1 shieldBack=0 blockedShield=0 result=StrikeAgent altAttack=0 victim=human friend=1 -> reject:live-arc
[PSW] t=115.99 dir=AttackDown strike=Thrust prog=0.000 flags=HitWithStartOfTheAnimation collider=1 shieldBack=0 blockedShield=1 result=Parried altAttack=0 victim=human friend=0 -> reject:enemy
[PSW] t=129.13 dir=AttackUp strike=Swing prog=0.845 flags=NormalHit collider=1 shieldBack=0 blockedShield=1 result=Blocked altAttack=0 victim=human friend=0 -> reject:enemy
[PSW] t=129.91 dir=AttackUp strike=Swing prog=0.722 flags=NormalHit collider=1 shieldBack=0 blockedShield=0 result=StrikeAgent altAttack=0 victim=human friend=0 -> reject:enemy
[PSW] t=130.68 dir=AttackUp strike=Swing prog=0.826 flags=NormalHit collider=1 shieldBack=0 blockedShield=1 result=Blocked altAttack=0 victim=human friend=0 -> reject:enemy
[PSW] t=131.46 dir=AttackUp strike=Swing prog=0.921 flags=HitWithBackOfTheWeapon collider=1 shieldBack=0 blockedShield=0 result=None altAttack=0 victim=human friend=0 -> reject:enemy
[PSW] t=131.46 dir=AttackUp strike=Swing prog=0.921 flags=NormalHit collider=1 shieldBack=0 blockedShield=0 result=StrikeAgent altAttack=0 victim=human friend=0 -> reject:enemy
[PSW] t=132.22 dir=AttackUp strike=Swing prog=0.722 flags=HitWithArm collider=1 shieldBack=0 blockedShield=0 result=StrikeAgent altAttack=0 victim=human friend=0 -> reject:enemy
[PSW] ==== mission report ====
[PSW]  windup transparency : 6512 friendly hits made transparent
[PSW]      rejected live-arc             x4793
[PSW]  friendly blocks     : 2604 neutralised (ally shield no longer halts the swing)
[PSW]  cramped gating (AI) : 642 swings remapped across 402 agents (6952 input ticks)
[PSW] ========================
[PSW] ---- mission start ----
[PSW] t=68.16 dir=AttackUp strike=Thrust prog=0.000 flags=NormalHit collider=1 shieldBack=0 blockedShield=0 result=StrikeAgent altAttack=0 victim=human friend=1 -> BYPASS
[PSW] t=69.78 dir=AttackUp strike=Thrust prog=0.519 flags=NormalHit collider=1 shieldBack=0 blockedShield=0 result=StrikeAgent altAttack=0 victim=human friend=0 -> reject:enemy
[PSW] t=72.95 dir=AttackDown strike=Thrust prog=0.026 flags=NormalHit collider=1 shieldBack=0 blockedShield=0 result=StrikeAgent altAttack=0 victim=human friend=1 -> BYPASS
[PSW] t=76.27 dir=AttackDown strike=Thrust prog=0.157 flags=NormalHit collider=1 shieldBack=0 blockedShield=0 result=StrikeAgent altAttack=0 victim=human friend=1 -> BYPASS
[PSW] t=76.27 dir=AttackDown strike=Thrust prog=0.157 flags=NormalHit collider=1 shieldBack=0 blockedShield=0 result=StrikeAgent altAttack=0 victim=human friend=1 -> BYPASS
[PSW] t=76.27 dir=AttackDown strike=Thrust prog=0.157 flags=NormalHit collider=1 shieldBack=0 blockedShield=0 result=StrikeAgent altAttack=0 victim=human friend=1 -> BYPASS
[PSW] t=77.27 dir=AttackDown strike=Thrust prog=0.157 flags=NormalHit collider=1 shieldBack=0 blockedShield=1 result=Blocked altAttack=0 victim=human friend=1 -> BYPASS
[PSW] t=79.43 dir=AttackUp strike=Thrust prog=0.464 flags=NormalHit collider=1 shieldBack=0 blockedShield=0 result=StrikeAgent altAttack=0 victim=human friend=1 -> reject:live-arc
[PSW] t=80.86 dir=AttackDown strike=Thrust prog=0.157 flags=NormalHit collider=1 shieldBack=0 blockedShield=0 result=StrikeAgent altAttack=0 victim=human friend=1 -> BYPASS
[PSW] t=80.86 dir=AttackDown strike=Thrust prog=0.157 flags=NormalHit collider=1 shieldBack=0 blockedShield=0 result=StrikeAgent altAttack=0 victim=human friend=1 -> BYPASS
[PSW] t=80.86 dir=AttackDown strike=Thrust prog=0.157 flags=NormalHit collider=1 shieldBack=0 blockedShield=1 result=Blocked altAttack=0 victim=human friend=1 -> BYPASS
[PSW] t=81.96 dir=AttackDown strike=Thrust prog=0.157 flags=NormalHit collider=1 shieldBack=0 blockedShield=1 result=Blocked altAttack=0 victim=human friend=1 -> BYPASS
[PSW] t=86.16 dir=AttackUp strike=Thrust prog=0.509 flags=NormalHit collider=1 shieldBack=0 blockedShield=0 result=StrikeAgent altAttack=0 victim=human friend=0 -> reject:enemy
[PSW] t=86.21 dir=AttackUp strike=Thrust prog=0.315 flags=HitWithStartOfTheAnimation collider=1 shieldBack=0 blockedShield=1 result=Blocked altAttack=0 victim=human friend=1 -> BYPASS
[PSW] t=87.63 dir=AttackDown strike=Thrust prog=0.157 flags=NormalHit collider=1 shieldBack=0 blockedShield=1 result=Blocked altAttack=0 victim=human friend=1 -> BYPASS
[PSW] ==== mission report ====
[PSW]  windup transparency : 1784 friendly hits made transparent
[PSW]      rejected live-arc             x1452
[PSW]  friendly blocks     : 754 neutralised (ally shield no longer halts the swing)
[PSW]  cramped gating (AI) : 167 swings remapped across 123 agents (1113 input ticks)
[PSW] ========================
[PSW] ---- mission start ----
[PSW] t=91.41 dir=AttackUp strike=Thrust prog=0.509 flags=NormalHit collider=1 shieldBack=0 blockedShield=0 result=StrikeAgent altAttack=0 victim=human friend=0 -> reject:enemy
[PSW] t=92.95 dir=AttackUp strike=Thrust prog=0.552 flags=NormalHit collider=1 shieldBack=0 blockedShield=0 result=StrikeAgent altAttack=0 victim=human friend=0 -> reject:enemy
[PSW] t=95.78 dir=AttackDown strike=Thrust prog=0.292 flags=NormalHit collider=1 shieldBack=0 blockedShield=0 result=StrikeAgent altAttack=0 victim=human friend=1 -> reject:live-arc
[PSW] t=99.58 dir=AttackUp strike=Thrust prog=0.167 flags=NormalHit collider=1 shieldBack=0 blockedShield=0 result=StrikeAgent altAttack=0 victim=human friend=1 -> BYPASS
[PSW] t=103.08 dir=AttackDown strike=Thrust prog=0.157 flags=HitWithBackOfTheWeapon collider=1 shieldBack=0 blockedShield=0 result=None altAttack=0 victim=human friend=1 -> BYPASS
[PSW] t=103.08 dir=AttackDown strike=Thrust prog=0.157 flags=NormalHit collider=1 shieldBack=0 blockedShield=1 result=Parried altAttack=0 victim=human friend=0 -> reject:enemy
[PSW] t=111.93 dir=AttackUp strike=Swing prog=0.000 flags=HitWithStartOfTheAnimation collider=1 shieldBack=0 blockedShield=1 result=Blocked altAttack=0 victim=human friend=0 -> reject:enemy
[PSW] t=118.20 dir=AttackUp strike=Thrust prog=0.025 flags=HitWithArm collider=1 shieldBack=0 blockedShield=0 result=StrikeAgent altAttack=0 victim=human friend=1 -> BYPASS
[PSW] t=121.03 dir=AttackUp strike=Thrust prog=0.712 flags=NormalHit collider=1 shieldBack=0 blockedShield=0 result=StrikeAgent altAttack=0 victim=human friend=0 -> reject:enemy
[PSW] t=123.58 dir=AttackUp strike=Thrust prog=1.000 flags=NormalHit collider=1 shieldBack=0 blockedShield=0 result=StrikeAgent altAttack=0 victim=human friend=1 -> reject:live-arc
[PSW] t=125.65 dir=AttackDown strike=Thrust prog=0.081 flags=NormalHit collider=1 shieldBack=0 blockedShield=0 result=StrikeAgent altAttack=0 victim=human friend=1 -> BYPASS
[PSW] t=125.65 dir=AttackDown strike=Thrust prog=0.081 flags=NormalHit collider=1 shieldBack=0 blockedShield=0 result=StrikeAgent altAttack=0 victim=human friend=1 -> BYPASS
[PSW] t=125.65 dir=AttackDown strike=Thrust prog=0.081 flags=NormalHit collider=1 shieldBack=0 blockedShield=0 result=StrikeAgent altAttack=0 victim=human friend=1 -> BYPASS
[PSW] t=127.10 dir=AttackUp strike=Thrust prog=0.077 flags=NormalHit collider=1 shieldBack=0 blockedShield=0 result=StrikeAgent altAttack=0 victim=human friend=1 -> BYPASS
[PSW] t=133.16 dir=AttackUp strike=Thrust prog=0.501 flags=NormalHit collider=1 shieldBack=0 blockedShield=0 result=StrikeAgent altAttack=0 victim=human friend=0 -> reject:enemy
[PSW] t=135.30 dir=AttackUp strike=Thrust prog=0.240 flags=NormalHit collider=1 shieldBack=0 blockedShield=0 result=StrikeAgent altAttack=0 victim=human friend=1 -> BYPASS
[PSW] t=136.84 dir=AttackDown strike=Thrust prog=0.118 flags=NormalHit collider=1 shieldBack=0 blockedShield=0 result=StrikeAgent altAttack=0 victim=human friend=1 -> BYPASS
[PSW] t=136.84 dir=AttackDown strike=Thrust prog=0.118 flags=NormalHit collider=1 shieldBack=0 blockedShield=0 result=StrikeAgent altAttack=0 victim=human friend=1 -> BYPASS
[PSW] t=139.59 dir=AttackUp strike=Thrust prog=0.701 flags=NormalHit collider=1 shieldBack=0 blockedShield=0 result=StrikeAgent altAttack=0 victim=human friend=0 -> reject:enemy
[PSW] t=140.32 dir=AttackUp strike=Thrust prog=0.644 flags=NormalHit collider=1 shieldBack=0 blockedShield=1 result=Blocked altAttack=0 victim=human friend=0 -> reject:enemy
[PSW] t=145.18 dir=AttackUp strike=Swing prog=0.184 flags=NormalHit collider=1 shieldBack=0 blockedShield=0 result=StrikeAgent altAttack=0 victim=human friend=1 -> BYPASS
[PSW] t=145.18 dir=AttackUp strike=Swing prog=0.184 flags=NormalHit collider=1 shieldBack=0 blockedShield=0 result=StrikeAgent altAttack=0 victim=human friend=1 -> BYPASS
[PSW] t=167.28 dir=AttackDown strike=Thrust prog=0.042 flags=NormalHit collider=1 shieldBack=0 blockedShield=0 result=StrikeAgent altAttack=0 victim=human friend=1 -> BYPASS
[PSW] t=169.24 dir=AttackDown strike=Thrust prog=0.686 flags=NormalHit collider=1 shieldBack=0 blockedShield=0 result=StrikeAgent altAttack=0 victim=human friend=0 -> reject:enemy
[PSW] t=173.89 dir=AttackUp strike=Thrust prog=0.252 flags=NormalHit collider=1 shieldBack=0 blockedShield=0 result=StrikeAgent altAttack=0 victim=human friend=1 -> reject:live-arc
[PSW] t=183.46 dir=AttackUp strike=Thrust prog=0.597 flags=NormalHit collider=1 shieldBack=0 blockedShield=0 result=StrikeAgent altAttack=0 victim=human friend=1 -> reject:live-arc
[PSW] t=186.06 dir=AttackLeft strike=Swing prog=0.108 flags=NormalHit collider=1 shieldBack=0 blockedShield=0 result=StrikeAgent altAttack=0 victim=human friend=1 -> BYPASS
[PSW] t=186.35 dir=AttackLeft strike=Swing prog=0.340 flags=NormalHit collider=1 shieldBack=0 blockedShield=1 result=Blocked altAttack=0 victim=human friend=1 -> reject:live-arc
[PSW] t=190.76 dir=AttackUp strike=Thrust prog=0.070 flags=NormalHit collider=1 shieldBack=0 blockedShield=0 result=StrikeAgent altAttack=0 victim=human friend=1 -> BYPASS
[PSW] t=192.43 dir=AttackUp strike=Thrust prog=0.574 flags=NormalHit collider=1 shieldBack=0 blockedShield=0 result=StrikeAgent altAttack=0 victim=human friend=0 -> reject:enemy
[PSW] t=208.74 dir=AttackUp strike=Thrust prog=0.619 flags=NormalHit collider=1 shieldBack=0 blockedShield=0 result=StrikeAgent altAttack=0 victim=human friend=0 -> reject:enemy
[PSW] t=210.08 dir=AttackUp strike=Thrust prog=0.070 flags=NormalHit collider=1 shieldBack=0 blockedShield=0 result=StrikeAgent altAttack=0 victim=human friend=1 -> BYPASS
[PSW] t=210.08 dir=AttackUp strike=Thrust prog=0.070 flags=NormalHit collider=1 shieldBack=0 blockedShield=0 result=StrikeAgent altAttack=0 victim=human friend=1 -> BYPASS
[PSW] t=212.50 dir=AttackUp strike=Swing prog=0.072 flags=NormalHit collider=1 shieldBack=0 blockedShield=0 result=StrikeAgent altAttack=0 victim=human friend=1 -> BYPASS
[PSW] t=212.65 dir=AttackUp strike=Swing prog=0.236 flags=NormalHit collider=1 shieldBack=0 blockedShield=0 result=None altAttack=0 victim=human friend=1 -> BYPASS
[PSW] t=212.72 dir=AttackUp strike=Swing prog=0.388 flags=NormalHit collider=1 shieldBack=0 blockedShield=0 result=StrikeAgent altAttack=0 victim=human friend=1 -> reject:live-arc
[PSW] t=214.33 dir=AttackLeft strike=Swing prog=0.078 flags=NormalHit collider=1 shieldBack=0 blockedShield=0 result=StrikeAgent altAttack=0 victim=human friend=1 -> BYPASS
[PSW] t=214.42 dir=AttackLeft strike=Swing prog=0.129 flags=NormalHit collider=1 shieldBack=0 blockedShield=0 result=StrikeAgent altAttack=0 victim=human friend=0 -> reject:enemy
[PSW] t=217.82 dir=AttackDown strike=Thrust prog=0.000 flags=HitWithStartOfTheAnimation collider=1 shieldBack=0 blockedShield=0 result=StrikeAgent altAttack=0 victim=human friend=1 -> BYPASS
[PSW] t=220.35 dir=AttackUp strike=Swing prog=0.072 flags=NormalHit collider=1 shieldBack=0 blockedShield=0 result=StrikeAgent altAttack=0 victim=human friend=1 -> BYPASS
[PSW] t=220.42 dir=AttackUp strike=Swing prog=0.143 flags=HitWithArm collider=1 shieldBack=0 blockedShield=0 result=StrikeAgent altAttack=0 victim=human friend=1 -> BYPASS
[PSW] t=221.68 dir=AttackDown strike=Thrust prog=0.000 flags=HitWithStartOfTheAnimation, HitWithBackOfTheWeapon collider=1 shieldBack=0 blockedShield=0 result=None altAttack=0 victim=human friend=1 -> BYPASS
[PSW] t=221.68 dir=AttackDown strike=Thrust prog=0.000 flags=HitWithStartOfTheAnimation collider=1 shieldBack=0 blockedShield=0 result=StrikeAgent altAttack=0 victim=human friend=1 -> BYPASS
[PSW] t=221.68 dir=AttackDown strike=Thrust prog=0.000 flags=HitWithStartOfTheAnimation collider=1 shieldBack=0 blockedShield=0 result=StrikeAgent altAttack=0 victim=human friend=1 -> BYPASS
[PSW] t=223.21 dir=AttackDown strike=Thrust prog=0.222 flags=NormalHit collider=1 shieldBack=0 blockedShield=0 result=StrikeAgent altAttack=0 victim=human friend=1 -> BYPASS
[PSW] t=225.30 dir=AttackDown strike=Thrust prog=0.836 flags=NormalHit collider=1 shieldBack=0 blockedShield=0 result=StrikeAgent altAttack=0 victim=human friend=0 -> reject:enemy
[PSW] t=231.50 dir=AttackUp strike=Swing prog=0.147 flags=NormalHit collider=1 shieldBack=0 blockedShield=0 result=StrikeAgent altAttack=0 victim=human friend=1 -> BYPASS
[PSW] t=237.25 dir=AttackUp strike=Thrust prog=0.574 flags=NormalHit collider=1 shieldBack=0 blockedShield=0 result=StrikeAgent altAttack=0 victim=human friend=0 -> reject:enemy
[PSW] t=238.02 dir=AttackUp strike=Thrust prog=0.619 flags=NormalHit collider=1 shieldBack=0 blockedShield=0 result=StrikeAgent altAttack=0 victim=human friend=0 -> reject:enemy
[PSW] ==== mission report ====
[PSW]  windup transparency : 4514 friendly hits made transparent
[PSW]      rejected live-arc             x3636
[PSW]  friendly blocks     : 1867 neutralised (ally shield no longer halts the swing)
[PSW]  cramped gating (AI) : 403 swings remapped across 235 agents (1864 input ticks)
[PSW] ========================
[PSW] ---- mission start ----
[PSW] t=119.37 dir=AttackUp strike=Thrust prog=0.167 flags=NormalHit collider=1 shieldBack=0 blockedShield=0 result=StrikeAgent altAttack=0 victim=human friend=1 -> BYPASS
[PSW] t=120.25 dir=AttackDown strike=Thrust prog=0.318 flags=NormalHit collider=1 shieldBack=0 blockedShield=0 result=StrikeAgent altAttack=0 victim=human friend=1 -> reject:live-arc
[PSW] t=122.11 dir=AttackDown strike=Thrust prog=0.599 flags=NormalHit collider=1 shieldBack=0 blockedShield=1 result=Parried altAttack=0 victim=human friend=0 -> reject:enemy
[PSW] t=125.08 dir=AttackUp strike=Thrust prog=0.514 flags=NormalHit collider=1 shieldBack=0 blockedShield=0 result=StrikeAgent altAttack=0 victim=human friend=0 -> reject:enemy
[PSW] t=127.70 dir=AttackRight strike=Swing prog=0.216 flags=NormalHit collider=1 shieldBack=0 blockedShield=0 result=StrikeAgent altAttack=0 victim=human friend=1 -> BYPASS
[PSW] t=127.70 dir=AttackRight strike=Swing prog=0.216 flags=NormalHit collider=1 shieldBack=0 blockedShield=0 result=StrikeAgent altAttack=0 victim=human friend=1 -> BYPASS
[PSW] t=130.02 dir=AttackUp strike=Swing prog=1.000 flags=NormalHit collider=1 shieldBack=0 blockedShield=0 result=None altAttack=0 victim=human friend=0 -> reject:enemy
[PSW] t=132.54 dir=AttackUp strike=Thrust prog=0.645 flags=NormalHit collider=1 shieldBack=0 blockedShield=0 result=StrikeAgent altAttack=0 victim=human friend=1 -> reject:live-arc
[PSW] t=135.59 dir=AttackDown strike=Thrust prog=0.265 flags=NormalHit collider=1 shieldBack=0 blockedShield=0 result=StrikeAgent altAttack=0 victim=human friend=1 -> reject:live-arc
[PSW] t=200.94 dir=AttackDown strike=Thrust prog=0.401 flags=NormalHit collider=1 shieldBack=0 blockedShield=1 result=Parried altAttack=0 victim=human friend=0 -> reject:enemy
[PSW] t=212.64 dir=AttackUp strike=Thrust prog=0.606 flags=NormalHit collider=1 shieldBack=0 blockedShield=0 result=StrikeAgent altAttack=0 victim=human friend=0 -> reject:enemy
[PSW] t=212.67 dir=AttackUp strike=Thrust prog=0.325 flags=HitWithStartOfTheAnimation collider=1 shieldBack=0 blockedShield=0 result=StrikeAgent altAttack=0 victim=human friend=1 -> BYPASS
[PSW] t=214.17 dir=AttackDown strike=Thrust prog=0.073 flags=NormalHit collider=1 shieldBack=0 blockedShield=0 result=StrikeAgent altAttack=0 victim=human friend=0 -> reject:enemy
[PSW] t=215.32 dir=AttackDown strike=Thrust prog=0.026 flags=HitWithBackOfTheWeapon collider=1 shieldBack=0 blockedShield=0 result=None altAttack=0 victim=human friend=1 -> BYPASS
[PSW] t=215.43 dir=AttackDown strike=Thrust prog=0.448 flags=NormalHit collider=1 shieldBack=0 blockedShield=0 result=StrikeAgent altAttack=0 victim=human friend=1 -> reject:live-arc
[PSW] t=217.58 dir=AttackDown strike=Thrust prog=0.073 flags=NormalHit collider=1 shieldBack=0 blockedShield=0 result=StrikeAgent altAttack=0 victim=human friend=0 -> reject:enemy
[PSW] t=219.42 dir=AttackUp strike=Thrust prog=0.519 flags=NormalHit collider=1 shieldBack=0 blockedShield=0 result=StrikeAgent altAttack=0 victim=human friend=0 -> reject:enemy
[PSW] t=219.44 dir=AttackUp strike=Thrust prog=0.257 flags=HitWithStartOfTheAnimation collider=1 shieldBack=0 blockedShield=0 result=StrikeAgent altAttack=0 victim=human friend=0 -> reject:enemy
[PSW] t=220.59 dir=AttackUp strike=Thrust prog=0.000 flags=NormalHit collider=1 shieldBack=0 blockedShield=0 result=StrikeAgent altAttack=0 victim=human friend=1 -> BYPASS
[PSW] t=221.92 dir=AttackDown strike=Thrust prog=0.495 flags=NormalHit collider=1 shieldBack=0 blockedShield=0 result=StrikeAgent altAttack=0 victim=human friend=0 -> reject:enemy
[PSW] t=222.05 dir=AttackDown strike=Thrust prog=0.514 flags=HitWithStartOfTheAnimation collider=1 shieldBack=0 blockedShield=1 result=Blocked altAttack=0 victim=human friend=1 -> BYPASS
[PSW] t=226.66 dir=AttackUp strike=Thrust prog=0.606 flags=NormalHit collider=1 shieldBack=0 blockedShield=0 result=StrikeAgent altAttack=0 victim=human friend=0 -> reject:enemy
[PSW] t=226.75 dir=AttackUp strike=Thrust prog=0.496 flags=HitWithStartOfTheAnimation collider=1 shieldBack=0 blockedShield=0 result=StrikeAgent altAttack=0 victim=human friend=1 -> BYPASS
[PSW] t=230.80 dir=AttackUp strike=Thrust prog=0.563 flags=NormalHit collider=1 shieldBack=0 blockedShield=0 result=StrikeAgent altAttack=0 victim=human friend=0 -> reject:enemy
[PSW] t=231.82 dir=AttackUp strike=Thrust prog=0.000 flags=NormalHit collider=1 shieldBack=0 blockedShield=0 result=StrikeAgent altAttack=0 victim=human friend=0 -> reject:enemy
[PSW] t=232.62 dir=AttackUp strike=Thrust prog=0.519 flags=NormalHit collider=1 shieldBack=0 blockedShield=0 result=StrikeAgent altAttack=0 victim=human friend=0 -> reject:enemy
[PSW] t=234.96 dir=AttackRight strike=Swing prog=0.349 flags=NormalHit collider=1 shieldBack=0 blockedShield=1 result=Blocked altAttack=0 victim=human friend=0 -> reject:enemy
[PSW] t=237.68 dir=AttackLeft strike=Swing prog=0.557 flags=NormalHit collider=1 shieldBack=0 blockedShield=1 result=Parried altAttack=0 victim=human friend=0 -> reject:enemy
[PSW] t=241.22 dir=AttackUp strike=Thrust prog=0.519 flags=NormalHit collider=1 shieldBack=0 blockedShield=0 result=StrikeAgent altAttack=0 victim=human friend=0 -> reject:enemy
[PSW] t=241.98 dir=AttackUp strike=Thrust prog=0.520 flags=NormalHit collider=1 shieldBack=0 blockedShield=0 result=StrikeAgent altAttack=0 victim=human friend=0 -> reject:enemy
[PSW] t=245.99 dir=AttackRight strike=Swing prog=0.409 flags=NormalHit collider=1 shieldBack=0 blockedShield=0 result=StrikeAgent altAttack=0 victim=human friend=0 -> reject:enemy
[PSW] t=249.68 dir=AttackUp strike=Swing prog=0.946 flags=NormalHit collider=1 shieldBack=0 blockedShield=1 result=Blocked altAttack=0 victim=human friend=0 -> reject:enemy
[PSW] t=251.66 dir=AttackRight strike=Swing prog=0.289 flags=NormalHit collider=1 shieldBack=0 blockedShield=1 result=Blocked altAttack=0 victim=human friend=0 -> reject:enemy
[PSW] ==== mission report ====
[PSW]  windup transparency : 4908 friendly hits made transparent
[PSW]      rejected live-arc             x3658
[PSW]  friendly blocks     : 1687 neutralised (ally shield no longer halts the swing)
[PSW]  cramped gating (AI) : 368 swings remapped across 216 agents (4124 input ticks)
[PSW] ========================
[PSW] ---- mission start ----
[PSW] t=72.13 dir=AttackUp strike=Thrust prog=0.130 flags=HitWithArm collider=1 shieldBack=0 blockedShield=0 result=None altAttack=0 victim=human friend=1 -> BYPASS
[PSW] t=72.24 dir=AttackUp strike=Thrust prog=0.519 flags=NormalHit collider=1 shieldBack=0 blockedShield=0 result=StrikeAgent altAttack=0 victim=human friend=1 -> reject:live-arc
[PSW] t=73.49 dir=AttackUp strike=Thrust prog=0.006 flags=NormalHit collider=1 shieldBack=0 blockedShield=0 result=StrikeAgent altAttack=0 victim=human friend=1 -> BYPASS
[PSW] t=75.18 dir=AttackDown strike=Thrust prog=0.307 flags=NormalHit collider=1 shieldBack=0 blockedShield=0 result=StrikeAgent altAttack=0 victim=human friend=0 -> reject:enemy
[PSW] t=75.75 dir=AttackDown strike=Thrust prog=0.026 flags=NormalHit collider=1 shieldBack=0 blockedShield=0 result=StrikeAgent altAttack=0 victim=human friend=1 -> BYPASS
[PSW] t=77.04 dir=AttackDown strike=Thrust prog=0.026 flags=HitWithBackOfTheWeapon collider=1 shieldBack=0 blockedShield=0 result=None altAttack=0 victim=human friend=1 -> BYPASS
[PSW] t=77.04 dir=AttackDown strike=Thrust prog=0.026 flags=NormalHit collider=1 shieldBack=0 blockedShield=0 result=StrikeAgent altAttack=0 victim=human friend=0 -> reject:enemy
[PSW] t=77.33 dir=AttackDown strike=Thrust prog=0.563 flags=HitWithStartOfTheAnimation collider=1 shieldBack=0 blockedShield=0 result=StrikeAgent altAttack=0 victim=human friend=1 -> BYPASS
[PSW] t=78.33 dir=AttackUp strike=Thrust prog=0.000 flags=NormalHit collider=1 shieldBack=0 blockedShield=0 result=StrikeAgent altAttack=0 victim=human friend=1 -> BYPASS
[PSW] t=78.33 dir=AttackUp strike=Thrust prog=0.000 flags=NormalHit collider=1 shieldBack=0 blockedShield=0 result=StrikeAgent altAttack=0 victim=human friend=1 -> BYPASS
[PSW] t=79.26 dir=AttackDown strike=Thrust prog=0.032 flags=NormalHit collider=1 shieldBack=0 blockedShield=1 result=Blocked altAttack=0 victim=human friend=1 -> BYPASS
[PSW] t=83.44 dir=AttackLeft strike=Swing prog=0.153 flags=NormalHit collider=1 shieldBack=0 blockedShield=1 result=Blocked altAttack=0 victim=human friend=0 -> reject:enemy
[PSW] t=84.43 dir=AttackUp strike=Swing prog=0.025 flags=NormalHit collider=1 shieldBack=0 blockedShield=0 result=StrikeAgent altAttack=0 victim=human friend=1 -> BYPASS
[PSW] t=84.43 dir=AttackUp strike=Swing prog=0.025 flags=NormalHit collider=1 shieldBack=0 blockedShield=0 result=StrikeAgent altAttack=0 victim=human friend=0 -> reject:enemy
[PSW] t=87.21 dir=AttackUp strike=Swing prog=0.025 flags=NormalHit collider=1 shieldBack=0 blockedShield=0 result=StrikeAgent altAttack=0 victim=human friend=1 -> BYPASS
[PSW] t=90.82 dir=AttackUp strike=Swing prog=0.025 flags=NormalHit collider=1 shieldBack=0 blockedShield=0 result=StrikeAgent altAttack=0 victim=human friend=1 -> BYPASS
[PSW] t=92.74 dir=AttackUp strike=Swing prog=0.921 flags=NormalHit collider=1 shieldBack=0 blockedShield=1 result=Blocked altAttack=0 victim=human friend=0 -> reject:enemy
[PSW] t=98.72 dir=AttackUp strike=Thrust prog=0.000 flags=NormalHit collider=1 shieldBack=0 blockedShield=0 result=StrikeAgent altAttack=0 victim=human friend=1 -> BYPASS
[PSW] t=99.62 dir=AttackUp strike=Thrust prog=0.000 flags=HitWithArm collider=1 shieldBack=0 blockedShield=0 result=StrikeAgent altAttack=0 victim=human friend=1 -> BYPASS
[PSW] t=100.85 dir=AttackUp strike=Thrust prog=0.000 flags=HitWithArm collider=1 shieldBack=0 blockedShield=0 result=None altAttack=0 victim=human friend=1 -> BYPASS
[PSW] t=100.98 dir=AttackUp strike=Thrust prog=0.433 flags=HitWithArm, HitWithBackOfTheWeapon collider=1 shieldBack=0 blockedShield=1 result=Blocked altAttack=0 victim=human friend=0 -> reject:enemy
[PSW] t=104.18 dir=AttackUp strike=Thrust prog=0.000 flags=NormalHit collider=1 shieldBack=0 blockedShield=0 result=StrikeAgent altAttack=0 victim=human friend=1 -> BYPASS
[PSW] t=105.94 dir=AttackUp strike=Thrust prog=0.910 flags=NormalHit collider=1 shieldBack=0 blockedShield=0 result=StrikeAgent altAttack=0 victim=human friend=1 -> reject:live-arc
[PSW] t=107.17 dir=AttackDown strike=Thrust prog=0.261 flags=NormalHit collider=1 shieldBack=0 blockedShield=0 result=StrikeAgent altAttack=0 victim=human friend=1 -> reject:live-arc
[PSW] t=108.86 dir=AttackUp strike=Thrust prog=0.606 flags=NormalHit collider=1 shieldBack=0 blockedShield=0 result=StrikeAgent altAttack=0 victim=human friend=0 -> reject:enemy
[PSW] t=109.50 dir=AttackUp strike=Thrust prog=0.563 flags=NormalHit collider=1 shieldBack=0 blockedShield=0 result=StrikeAgent altAttack=0 victim=human friend=0 -> reject:enemy
[PSW] t=110.25 dir=AttackUp strike=Thrust prog=0.000 flags=HitWithStartOfTheAnimation, HitWithArm, HitWithBackOfTheWeapon collider=1 shieldBack=0 blockedShield=0 result=None altAttack=0 victim=human friend=0 -> reject:enemy
[PSW] t=110.31 dir=AttackUp strike=Thrust prog=0.000 flags=NormalHit collider=1 shieldBack=0 blockedShield=0 result=StrikeAgent altAttack=0 victim=human friend=1 -> BYPASS
[PSW] t=113.06 dir=AttackUp strike=Thrust prog=0.563 flags=NormalHit collider=1 shieldBack=0 blockedShield=0 result=StrikeAgent altAttack=0 victim=human friend=0 -> reject:enemy
[PSW] ==== mission report ====
[PSW]  windup transparency : 2900 friendly hits made transparent
[PSW]      rejected live-arc             x1966
[PSW]  friendly blocks     : 959 neutralised (ally shield no longer halts the swing)
[PSW]  cramped gating (AI) : 282 swings remapped across 191 agents (3092 input ticks)
[PSW] ========================
[PSW] ---- mission start ----
[PSW] t=227.60 dir=AttackUp strike=Thrust prog=0.042 flags=NormalHit collider=1 shieldBack=0 blockedShield=0 result=StrikeAgent altAttack=0 victim=human friend=1 -> BYPASS
[PSW] t=230.27 dir=AttackDown strike=Thrust prog=0.026 flags=NormalHit collider=1 shieldBack=0 blockedShield=1 result=Blocked altAttack=0 victim=human friend=1 -> BYPASS
[PSW] t=231.45 dir=AttackUp strike=Thrust prog=0.602 flags=NormalHit collider=1 shieldBack=0 blockedShield=0 result=StrikeAgent altAttack=0 victim=human friend=0 -> reject:enemy
[PSW] t=233.01 dir=AttackDown strike=Thrust prog=0.000 flags=HitWithStartOfTheAnimation collider=1 shieldBack=0 blockedShield=1 result=Parried altAttack=0 victim=human friend=0 -> reject:enemy
[PSW] t=235.48 dir=AttackDown strike=Thrust prog=0.022 flags=NormalHit collider=1 shieldBack=0 blockedShield=0 result=StrikeAgent altAttack=0 victim=human friend=0 -> reject:enemy
[PSW] t=236.12 dir=AttackUp strike=Thrust prog=0.603 flags=NormalHit collider=1 shieldBack=0 blockedShield=0 result=StrikeAgent altAttack=0 victim=human friend=0 -> reject:enemy
[PSW] t=236.65 dir=AttackDown strike=Thrust prog=0.026 flags=NormalHit collider=1 shieldBack=0 blockedShield=0 result=StrikeAgent altAttack=0 victim=human friend=1 -> BYPASS
[PSW] t=237.44 dir=AttackDown strike=Thrust prog=0.026 flags=NormalHit collider=1 shieldBack=0 blockedShield=0 result=StrikeAgent altAttack=0 victim=human friend=1 -> BYPASS
[PSW] t=238.32 dir=AttackDown strike=Thrust prog=0.026 flags=NormalHit collider=1 shieldBack=0 blockedShield=0 result=StrikeAgent altAttack=0 victim=human friend=1 -> BYPASS
[PSW] t=238.32 dir=AttackDown strike=Thrust prog=0.026 flags=NormalHit collider=1 shieldBack=0 blockedShield=0 result=StrikeAgent altAttack=0 victim=human friend=0 -> reject:enemy
[PSW] t=239.85 dir=AttackDown strike=Thrust prog=0.257 flags=NormalHit collider=1 shieldBack=0 blockedShield=0 result=StrikeAgent altAttack=0 victim=human friend=1 -> reject:live-arc
[PSW] t=241.58 dir=AttackUp strike=Thrust prog=0.611 flags=NormalHit collider=1 shieldBack=0 blockedShield=0 result=StrikeAgent altAttack=0 victim=human friend=0 -> reject:enemy
[PSW] t=242.25 dir=AttackUp strike=Thrust prog=0.563 flags=NormalHit collider=1 shieldBack=0 blockedShield=1 result=Blocked altAttack=0 victim=human friend=0 -> reject:enemy
[PSW] t=247.20 dir=AttackDown strike=Thrust prog=0.015 flags=NormalHit collider=1 shieldBack=0 blockedShield=0 result=StrikeAgent altAttack=0 victim=human friend=1 -> BYPASS
[PSW] t=249.01 dir=AttackUp strike=Thrust prog=0.043 flags=NormalHit collider=1 shieldBack=0 blockedShield=0 result=StrikeAgent altAttack=0 victim=human friend=1 -> BYPASS
[PSW] t=250.24 dir=AttackDown strike=Thrust prog=0.777 flags=NormalHit collider=1 shieldBack=0 blockedShield=0 result=StrikeAgent altAttack=0 victim=human friend=0 -> reject:enemy
[PSW] t=250.44 dir=AttackDown strike=Thrust prog=0.912 flags=HitWithStartOfTheAnimation collider=1 shieldBack=0 blockedShield=0 result=StrikeAgent altAttack=0 victim=human friend=1 -> BYPASS
[PSW] t=254.57 dir=AttackUp strike=Thrust prog=0.552 flags=NormalHit collider=1 shieldBack=0 blockedShield=0 result=StrikeAgent altAttack=0 victim=human friend=0 -> reject:enemy
[PSW] t=255.55 dir=AttackDown strike=Thrust prog=0.010 flags=NormalHit collider=1 shieldBack=0 blockedShield=0 result=StrikeAgent altAttack=0 victim=human friend=1 -> BYPASS
[PSW] t=257.75 dir=AttackUp strike=Thrust prog=0.525 flags=NormalHit collider=1 shieldBack=0 blockedShield=0 result=StrikeAgent altAttack=0 victim=human friend=0 -> reject:enemy
[PSW] t=258.32 dir=AttackUp strike=Thrust prog=0.001 flags=NormalHit collider=1 shieldBack=0 blockedShield=0 result=None altAttack=0 victim=human friend=1 -> BYPASS
[PSW] t=258.34 dir=AttackUp strike=Thrust prog=0.087 flags=NormalHit collider=1 shieldBack=0 blockedShield=0 result=StrikeAgent altAttack=0 victim=human friend=1 -> BYPASS
[PSW] t=259.80 dir=AttackDown strike=Thrust prog=0.309 flags=NormalHit collider=1 shieldBack=0 blockedShield=0 result=StrikeAgent altAttack=0 victim=human friend=1 -> reject:live-arc
[PSW] t=262.87 dir=AttackUp strike=Swing prog=1.000 flags=NormalHit collider=1 shieldBack=0 blockedShield=0 result=StrikeAgent altAttack=0 victim=human friend=0 -> reject:enemy
[PSW] t=263.82 dir=AttackUp strike=Swing prog=1.000 flags=NormalHit collider=1 shieldBack=0 blockedShield=0 result=StrikeAgent altAttack=0 victim=human friend=1 -> reject:live-arc
[PSW] t=280.31 dir=AttackUp strike=Thrust prog=0.543 flags=NormalHit collider=1 shieldBack=0 blockedShield=0 result=StrikeAgent altAttack=0 victim=human friend=0 -> reject:enemy
[PSW] t=281.66 dir=AttackDown strike=Thrust prog=0.550 flags=NormalHit collider=1 shieldBack=0 blockedShield=0 result=StrikeAgent altAttack=0 victim=human friend=0 -> reject:enemy
[PSW] t=283.81 dir=AttackDown strike=Thrust prog=0.343 flags=NormalHit collider=1 shieldBack=0 blockedShield=0 result=StrikeAgent altAttack=0 victim=human friend=0 -> reject:enemy
[PSW] t=290.39 dir=AttackUp strike=Thrust prog=0.571 flags=HitWithArm collider=1 shieldBack=0 blockedShield=0 result=None altAttack=0 victim=human friend=0 -> reject:enemy
[PSW] t=290.39 dir=AttackUp strike=Thrust prog=0.571 flags=HitWithArm, HitWithBackOfTheWeapon collider=1 shieldBack=0 blockedShield=0 result=StrikeAgent altAttack=0 victim=human friend=0 -> reject:enemy
[PSW] t=292.24 dir=AttackUp strike=Thrust prog=0.502 flags=HitWithArm, HitWithBackOfTheWeapon collider=1 shieldBack=0 blockedShield=0 result=StrikeAgent altAttack=0 victim=human friend=0 -> reject:enemy
[PSW] t=293.64 dir=AttackDown strike=Thrust prog=0.215 flags=NormalHit collider=1 shieldBack=0 blockedShield=0 result=StrikeAgent altAttack=0 victim=human friend=0 -> reject:enemy
[PSW] t=295.22 dir=AttackUp strike=Thrust prog=0.761 flags=NormalHit collider=1 shieldBack=0 blockedShield=0 result=StrikeAgent altAttack=0 victim=human friend=0 -> reject:enemy
[PSW] t=298.30 dir=AttackUp strike=Thrust prog=0.552 flags=NormalHit collider=1 shieldBack=0 blockedShield=0 result=StrikeAgent altAttack=0 victim=human friend=1 -> reject:live-arc
[PSW] t=312.81 dir=AttackDown strike=Thrust prog=0.321 flags=NormalHit collider=1 shieldBack=0 blockedShield=0 result=StrikeAgent altAttack=0 victim=human friend=0 -> reject:enemy
[PSW] t=315.65 dir=AttackLeft strike=Swing prog=0.473 flags=NormalHit collider=1 shieldBack=0 blockedShield=0 result=StrikeAgent altAttack=0 victim=human friend=1 -> reject:live-arc
[PSW] t=317.12 dir=AttackUp strike=Swing prog=0.009 flags=NormalHit collider=1 shieldBack=0 blockedShield=0 result=StrikeAgent altAttack=0 victim=human friend=1 -> BYPASS
[PSW] t=317.33 dir=AttackUp strike=Swing prog=0.210 flags=NormalHit collider=1 shieldBack=0 blockedShield=0 result=StrikeAgent altAttack=0 victim=human friend=1 -> BYPASS
[PSW] t=317.76 dir=AttackUp strike=Swing prog=0.940 flags=HitWithArm, HitWithBackOfTheWeapon collider=1 shieldBack=0 blockedShield=0 result=StrikeAgent altAttack=0 victim=human friend=1 -> reject:live-arc
[PSW] t=320.16 dir=AttackUp strike=Thrust prog=0.028 flags=NormalHit collider=1 shieldBack=0 blockedShield=0 result=StrikeAgent altAttack=0 victim=human friend=1 -> BYPASS
[PSW] t=323.17 dir=AttackUp strike=Thrust prog=0.569 flags=NormalHit collider=1 shieldBack=0 blockedShield=0 result=StrikeAgent altAttack=0 victim=human friend=0 -> reject:enemy
[PSW] t=351.77 dir=AttackDown strike=Thrust prog=0.093 flags=NormalHit collider=1 shieldBack=0 blockedShield=0 result=StrikeAgent altAttack=0 victim=human friend=1 -> BYPASS
[PSW] ==== mission report ====
[PSW]  windup transparency : 7397 friendly hits made transparent
[PSW]      rejected live-arc             x5042
[PSW]  friendly blocks     : 3527 neutralised (ally shield no longer halts the swing)
[PSW]  cramped gating (AI) : 536 swings remapped across 290 agents (7372 input ticks)
[PSW] ========================
[PSW] ---- mission start ----
[PSW] ==== mission report ====
[PSW]  windup transparency : 0 friendly hits made transparent   <-- FEATURE NEVER FIRED
[PSW]  friendly blocks     : 0 neutralised (ally shield no longer halts the swing)   <-- FEATURE NEVER FIRED
[PSW]  cramped gating (AI) : 0 swings remapped across 0 agents (0 input ticks)   <-- FEATURE NEVER FIRED
[PSW] ========================
[PSW] ---- mission start ----
[PSW] ==== mission report ====
[PSW]  windup transparency : 0 friendly hits made transparent   <-- FEATURE NEVER FIRED
[PSW]  friendly blocks     : 0 neutralised (ally shield no longer halts the swing)   <-- FEATURE NEVER FIRED
[PSW]  cramped gating (AI) : 0 swings remapped across 0 agents (0 input ticks)   <-- FEATURE NEVER FIRED
[PSW] ========================
[PSW] ---- mission start ----
[PSW] t=117.76 dir=AttackDown strike=Thrust prog=0.375 flags=NormalHit collider=1 shieldBack=0 blockedShield=0 result=Parried altAttack=0 victim=human friend=0 -> reject:enemy
[PSW] t=120.03 dir=AttackUp strike=Thrust prog=0.528 flags=NormalHit collider=1 shieldBack=0 blockedShield=0 result=StrikeAgent altAttack=0 victim=human friend=0 -> reject:enemy
[PSW] t=134.13 dir=AttackUp strike=Thrust prog=0.850 flags=HitWithBackOfTheWeapon collider=1 shieldBack=0 blockedShield=0 result=None altAttack=0 victim=human friend=1 -> reject:live-arc
[PSW] t=134.13 dir=AttackUp strike=Thrust prog=0.850 flags=HitWithBackOfTheWeapon collider=1 shieldBack=0 blockedShield=0 result=None altAttack=0 victim=human friend=1 -> reject:live-arc
[PSW] t=134.13 dir=AttackUp strike=Thrust prog=0.850 flags=NormalHit collider=1 shieldBack=0 blockedShield=0 result=None altAttack=0 victim=human friend=0 -> reject:enemy
[PSW] t=134.13 dir=AttackUp strike=Thrust prog=0.850 flags=NormalHit collider=1 shieldBack=0 blockedShield=0 result=StrikeAgent altAttack=0 victim=human friend=0 -> reject:enemy
[PSW] t=140.63 dir=AttackUp strike=Swing prog=1.000 flags=NormalHit collider=1 shieldBack=0 blockedShield=0 result=StrikeAgent altAttack=0 victim=human friend=1 -> reject:live-arc
[PSW] t=147.43 dir=AttackDown strike=Thrust prog=0.157 flags=NormalHit collider=1 shieldBack=0 blockedShield=0 result=StrikeAgent altAttack=0 victim=human friend=0 -> reject:enemy
[PSW] t=147.53 dir=AttackDown strike=Thrust prog=0.133 flags=NormalHit collider=1 shieldBack=0 blockedShield=0 result=None altAttack=0 victim=human friend=1 -> BYPASS
[PSW] t=147.63 dir=AttackDown strike=Thrust prog=0.425 flags=NormalHit collider=1 shieldBack=0 blockedShield=0 result=StrikeAgent altAttack=0 victim=human friend=1 -> reject:live-arc
[PSW] t=149.88 dir=AttackUp strike=Thrust prog=0.167 flags=HitWithArm, HitWithBackOfTheWeapon collider=1 shieldBack=0 blockedShield=0 result=None altAttack=0 victim=human friend=1 -> BYPASS
[PSW] t=150.03 dir=AttackUp strike=Thrust prog=0.680 flags=NormalHit collider=1 shieldBack=0 blockedShield=0 result=StrikeAgent altAttack=0 victim=human friend=0 -> reject:enemy
[PSW] t=151.97 dir=AttackDown strike=Thrust prog=0.157 flags=NormalHit collider=1 shieldBack=0 blockedShield=0 result=StrikeAgent altAttack=0 victim=human friend=1 -> BYPASS
[PSW] t=151.97 dir=AttackDown strike=Thrust prog=0.157 flags=NormalHit collider=1 shieldBack=0 blockedShield=0 result=StrikeAgent altAttack=0 victim=human friend=0 -> reject:enemy
[PSW] t=152.58 dir=AttackDown strike=Thrust prog=0.447 flags=NormalHit collider=1 shieldBack=0 blockedShield=0 result=StrikeAgent altAttack=0 victim=human friend=1 -> reject:live-arc
[PSW] t=154.17 dir=AttackUp strike=Thrust prog=0.529 flags=NormalHit collider=1 shieldBack=0 blockedShield=1 result=Blocked altAttack=0 victim=human friend=0 -> reject:enemy
[PSW] t=155.46 dir=AttackDown strike=Thrust prog=0.037 flags=NormalHit collider=1 shieldBack=0 blockedShield=0 result=StrikeAgent altAttack=0 victim=human friend=1 -> BYPASS
[PSW] t=155.46 dir=AttackDown strike=Thrust prog=0.037 flags=NormalHit collider=1 shieldBack=0 blockedShield=0 result=StrikeAgent altAttack=0 victim=human friend=1 -> BYPASS
[PSW] t=158.48 dir=AttackUp strike=Thrust prog=0.676 flags=NormalHit collider=1 shieldBack=0 blockedShield=1 result=Blocked altAttack=0 victim=human friend=0 -> reject:enemy
[PSW] t=160.89 dir=AttackDown strike=Thrust prog=0.157 flags=NormalHit collider=1 shieldBack=0 blockedShield=0 result=StrikeAgent altAttack=0 victim=human friend=1 -> BYPASS
[PSW] t=162.28 dir=AttackUp strike=Thrust prog=0.634 flags=NormalHit collider=1 shieldBack=0 blockedShield=0 result=StrikeAgent altAttack=0 victim=human friend=0 -> reject:enemy
[PSW] t=168.37 dir=AttackLeft strike=Swing prog=0.476 flags=NormalHit collider=1 shieldBack=0 blockedShield=0 result=StrikeAgent altAttack=0 victim=human friend=0 -> reject:enemy
[PSW] t=200.58 dir=AttackUp strike=Swing prog=1.000 flags=NormalHit collider=1 shieldBack=0 blockedShield=1 result=Blocked altAttack=0 victim=human friend=0 -> reject:enemy
[PSW] ==== mission report ====
[PSW]  windup transparency : 4497 friendly hits made transparent
[PSW]      rejected live-arc             x2886
[PSW]  friendly blocks     : 1302 neutralised (ally shield no longer halts the swing)
[PSW]  cramped gating (AI) : 317 swings remapped across 221 agents (1544 input ticks)
[PSW] ========================
[PSW] ---- mission start ----
[PSW] t=164.75 dir=AttackDown strike=Thrust prog=0.307 flags=NormalHit collider=1 shieldBack=0 blockedShield=0 result=StrikeAgent altAttack=0 victim=human friend=0 -> reject:enemy
[PSW] t=203.05 dir=AttackDown strike=Thrust prog=0.157 flags=NormalHit collider=1 shieldBack=0 blockedShield=0 result=StrikeAgent altAttack=0 victim=human friend=1 -> BYPASS
[PSW] t=203.05 dir=AttackDown strike=Thrust prog=0.157 flags=NormalHit collider=1 shieldBack=0 blockedShield=0 result=StrikeAgent altAttack=0 victim=human friend=1 -> BYPASS
[PSW] t=203.94 dir=AttackUp strike=Thrust prog=0.167 flags=NormalHit collider=1 shieldBack=0 blockedShield=0 result=StrikeAgent altAttack=0 victim=human friend=1 -> BYPASS
[PSW] t=204.84 dir=AttackUp strike=Thrust prog=0.680 flags=NormalHit collider=1 shieldBack=0 blockedShield=0 result=StrikeAgent altAttack=0 victim=human friend=1 -> reject:live-arc
[PSW] t=206.00 dir=AttackUp strike=Thrust prog=0.619 flags=NormalHit collider=1 shieldBack=0 blockedShield=0 result=StrikeAgent altAttack=0 victim=human friend=0 -> reject:enemy
[PSW] t=206.62 dir=AttackUp strike=Thrust prog=0.167 flags=HitWithArm, HitWithBackOfTheWeapon collider=1 shieldBack=0 blockedShield=0 result=None altAttack=0 victim=human friend=1 -> BYPASS
[PSW] t=206.77 dir=AttackUp strike=Thrust prog=0.680 flags=NormalHit collider=1 shieldBack=0 blockedShield=0 result=StrikeAgent altAttack=0 victim=human friend=0 -> reject:enemy
[PSW] t=206.92 dir=AttackUp strike=Thrust prog=0.719 flags=HitWithStartOfTheAnimation collider=1 shieldBack=0 blockedShield=0 result=StrikeAgent altAttack=0 victim=human friend=0 -> reject:enemy
[PSW] t=208.41 dir=AttackDown strike=Thrust prog=0.157 flags=NormalHit collider=1 shieldBack=0 blockedShield=0 result=StrikeAgent altAttack=0 victim=human friend=1 -> BYPASS
[PSW] t=210.09 dir=AttackUp strike=Thrust prog=0.651 flags=NormalHit collider=1 shieldBack=0 blockedShield=0 result=StrikeAgent altAttack=0 victim=human friend=0 -> reject:enemy
[PSW] t=210.19 dir=AttackUp strike=Thrust prog=0.562 flags=HitWithStartOfTheAnimation collider=1 shieldBack=0 blockedShield=0 result=StrikeAgent altAttack=0 victim=human friend=1 -> BYPASS
[PSW] t=213.04 dir=AttackDown strike=Thrust prog=0.343 flags=NormalHit collider=1 shieldBack=0 blockedShield=0 result=StrikeAgent altAttack=0 victim=human friend=1 -> reject:live-arc
[PSW] t=214.61 dir=AttackDown strike=Thrust prog=0.675 flags=NormalHit collider=1 shieldBack=0 blockedShield=0 result=StrikeAgent altAttack=0 victim=human friend=0 -> reject:enemy
[PSW] t=221.70 dir=AttackUp strike=Thrust prog=0.661 flags=NormalHit collider=1 shieldBack=0 blockedShield=0 result=StrikeAgent altAttack=0 victim=human friend=1 -> reject:live-arc
[PSW] t=223.60 dir=AttackDown strike=Thrust prog=0.138 flags=NormalHit collider=1 shieldBack=0 blockedShield=0 result=StrikeAgent altAttack=0 victim=human friend=0 -> reject:enemy
[PSW] t=223.70 dir=AttackDown strike=Thrust prog=0.117 flags=NormalHit collider=1 shieldBack=0 blockedShield=0 result=StrikeAgent altAttack=0 victim=human friend=1 -> BYPASS
[PSW] t=227.08 dir=AttackUp strike=Thrust prog=0.621 flags=NormalHit collider=1 shieldBack=0 blockedShield=0 result=StrikeAgent altAttack=0 victim=human friend=0 -> reject:enemy
[PSW] t=233.18 dir=AttackUp strike=Thrust prog=0.519 flags=NormalHit collider=1 shieldBack=0 blockedShield=1 result=Blocked altAttack=0 victim=human friend=0 -> reject:enemy
[PSW] t=236.24 dir=AttackUp strike=Thrust prog=0.519 flags=NormalHit collider=1 shieldBack=0 blockedShield=0 result=None altAttack=0 victim=human friend=0 -> reject:enemy
[PSW] t=236.25 dir=AttackUp strike=Thrust prog=0.567 flags=NormalHit collider=1 shieldBack=0 blockedShield=0 result=StrikeAgent altAttack=0 victim=human friend=0 -> reject:enemy
[PSW] t=242.65 dir=AttackUp strike=Thrust prog=0.568 flags=NormalHit collider=1 shieldBack=0 blockedShield=0 result=StrikeAgent altAttack=0 victim=human friend=0 -> reject:enemy
[PSW] t=243.84 dir=AttackDown strike=Thrust prog=0.511 flags=NormalHit collider=1 shieldBack=0 blockedShield=0 result=StrikeAgent altAttack=0 victim=human friend=0 -> reject:enemy
[PSW] t=246.45 dir=AttackUp strike=Thrust prog=0.522 flags=NormalHit collider=1 shieldBack=0 blockedShield=0 result=StrikeAgent altAttack=0 victim=human friend=0 -> reject:enemy
[PSW] t=246.48 dir=AttackUp strike=Thrust prog=0.305 flags=HitWithStartOfTheAnimation collider=1 shieldBack=0 blockedShield=0 result=StrikeAgent altAttack=0 victim=human friend=0 -> reject:enemy
[PSW] t=248.78 dir=AttackUp strike=Thrust prog=0.519 flags=NormalHit collider=1 shieldBack=0 blockedShield=1 result=Blocked altAttack=0 victim=human friend=0 -> reject:enemy
[PSW] t=250.22 dir=AttackUp strike=Thrust prog=0.231 flags=NormalHit collider=1 shieldBack=0 blockedShield=0 result=StrikeAgent altAttack=0 victim=human friend=1 -> BYPASS
[PSW] t=250.97 dir=AttackDown strike=Thrust prog=0.144 flags=NormalHit collider=1 shieldBack=0 blockedShield=0 result=StrikeAgent altAttack=0 victim=human friend=1 -> BYPASS
[PSW] t=259.36 dir=AttackUp strike=Thrust prog=0.351 flags=NormalHit collider=1 shieldBack=0 blockedShield=0 result=StrikeAgent altAttack=0 victim=human friend=0 -> reject:enemy
[PSW] t=259.41 dir=AttackUp strike=Thrust prog=0.206 flags=HitWithStartOfTheAnimation collider=1 shieldBack=0 blockedShield=0 result=StrikeAgent altAttack=0 victim=human friend=0 -> reject:enemy
[PSW] t=261.11 dir=AttackUp strike=Thrust prog=0.643 flags=NormalHit collider=1 shieldBack=0 blockedShield=0 result=StrikeAgent altAttack=0 victim=human friend=0 -> reject:enemy
[PSW] t=264.62 dir=AttackUp strike=Swing prog=1.000 flags=NormalHit collider=1 shieldBack=0 blockedShield=0 result=StrikeAgent altAttack=0 victim=human friend=1 -> reject:live-arc
[PSW] t=270.60 dir=AttackUp strike=Swing prog=0.292 flags=NormalHit collider=1 shieldBack=0 blockedShield=0 result=StrikeAgent altAttack=0 victim=human friend=1 -> reject:live-arc
[PSW] t=280.57 dir=AttackUp strike=Swing prog=1.000 flags=NormalHit collider=1 shieldBack=0 blockedShield=0 result=StrikeAgent altAttack=0 victim=human friend=0 -> reject:enemy
[PSW] t=283.42 dir=AttackDown strike=Thrust prog=0.604 flags=NormalHit collider=1 shieldBack=0 blockedShield=0 result=StrikeAgent altAttack=0 victim=human friend=0 -> reject:enemy
[PSW] t=283.44 dir=AttackDown strike=Thrust prog=0.355 flags=NormalHit collider=1 shieldBack=0 blockedShield=0 result=StrikeAgent altAttack=0 victim=human friend=1 -> reject:live-arc
[PSW] t=285.38 dir=AttackDown strike=Thrust prog=0.481 flags=NormalHit collider=1 shieldBack=0 blockedShield=0 result=StrikeAgent altAttack=0 victim=human friend=0 -> reject:enemy
[PSW] t=285.43 dir=AttackDown strike=Thrust prog=0.169 flags=HitWithStartOfTheAnimation collider=1 shieldBack=0 blockedShield=0 result=StrikeAgent altAttack=0 victim=human friend=1 -> BYPASS
[PSW] t=292.02 dir=AttackUp strike=Swing prog=1.000 flags=NormalHit collider=1 shieldBack=0 blockedShield=0 result=StrikeAgent altAttack=0 victim=human friend=0 -> reject:enemy
[PSW] t=294.03 dir=AttackRight strike=Swing prog=0.271 flags=NormalHit collider=1 shieldBack=0 blockedShield=0 result=StrikeAgent altAttack=0 victim=human friend=0 -> reject:enemy
[PSW] t=297.25 dir=AttackUp strike=Thrust prog=0.946 flags=NormalHit collider=1 shieldBack=0 blockedShield=0 result=StrikeAgent altAttack=0 victim=human friend=0 -> reject:enemy
[PSW] t=304.76 dir=AttackDown strike=Thrust prog=0.258 flags=NormalHit collider=1 shieldBack=0 blockedShield=1 result=Parried altAttack=0 victim=human friend=0 -> reject:enemy
[PSW] t=306.32 dir=AttackUp strike=Thrust prog=0.467 flags=NormalHit collider=1 shieldBack=0 blockedShield=1 result=Blocked altAttack=0 victim=human friend=0 -> reject:enemy
[PSW] t=310.81 dir=AttackRight strike=Swing prog=0.429 flags=HitWithArm, HitWithBackOfTheWeapon collider=1 shieldBack=0 blockedShield=1 result=Blocked altAttack=0 victim=human friend=0 -> reject:enemy
[PSW] t=312.77 dir=AttackLeft strike=Swing prog=0.532 flags=NormalHit collider=1 shieldBack=0 blockedShield=0 result=StrikeAgent altAttack=0 victim=human friend=0 -> reject:enemy
[PSW] t=313.46 dir=AttackLeft strike=Swing prog=0.235 flags=NormalHit collider=1 shieldBack=0 blockedShield=1 result=Blocked altAttack=0 victim=human friend=0 -> reject:enemy
[PSW] t=315.99 dir=AttackLeft strike=Swing prog=0.679 flags=NormalHit collider=1 shieldBack=0 blockedShield=0 result=StrikeAgent altAttack=0 victim=human friend=0 -> reject:enemy
[PSW] t=316.67 dir=AttackLeft strike=Swing prog=0.532 flags=NormalHit collider=1 shieldBack=0 blockedShield=1 result=Blocked altAttack=0 victim=human friend=0 -> reject:enemy
[PSW] t=322.81 dir=AttackDown strike=Thrust prog=0.640 flags=NormalHit collider=1 shieldBack=0 blockedShield=0 result=StrikeAgent altAttack=0 victim=human friend=0 -> reject:enemy
[PSW] t=334.12 dir=AttackUp strike=Thrust prog=0.573 flags=NormalHit collider=1 shieldBack=0 blockedShield=0 result=StrikeAgent altAttack=0 victim=human friend=0 -> reject:enemy
[PSW] t=335.73 dir=AttackDown strike=Thrust prog=0.412 flags=NormalHit collider=1 shieldBack=0 blockedShield=0 result=StrikeAgent altAttack=0 victim=human friend=0 -> reject:enemy
[PSW] t=338.03 dir=AttackDown strike=Thrust prog=0.408 flags=NormalHit collider=1 shieldBack=0 blockedShield=0 result=StrikeAgent altAttack=0 victim=human friend=0 -> reject:enemy
[PSW] t=340.41 dir=AttackDown strike=Thrust prog=0.365 flags=NormalHit collider=1 shieldBack=0 blockedShield=0 result=StrikeAgent altAttack=0 victim=human friend=1 -> reject:live-arc
[PSW] t=348.92 dir=AttackUp strike=Thrust prog=0.769 flags=NormalHit collider=1 shieldBack=0 blockedShield=0 result=StrikeAgent altAttack=0 victim=human friend=0 -> reject:enemy
[PSW] t=354.68 dir=AttackDown strike=Thrust prog=0.195 flags=NormalHit collider=1 shieldBack=0 blockedShield=1 result=Parried altAttack=0 victim=human friend=0 -> reject:enemy
[PSW] t=357.36 dir=AttackUp strike=Thrust prog=0.612 flags=NormalHit collider=1 shieldBack=0 blockedShield=0 result=StrikeAgent altAttack=0 victim=human friend=0 -> reject:enemy
[PSW] t=361.33 dir=AttackUp strike=Thrust prog=0.573 flags=NormalHit collider=1 shieldBack=0 blockedShield=0 result=StrikeAgent altAttack=0 victim=human friend=0 -> reject:enemy
[PSW] t=369.20 dir=AttackUp strike=Thrust prog=0.446 flags=NormalHit collider=1 shieldBack=0 blockedShield=0 result=StrikeAgent altAttack=0 victim=human friend=0 -> reject:enemy
[PSW] t=371.74 dir=AttackUp strike=Thrust prog=0.529 flags=NormalHit collider=1 shieldBack=0 blockedShield=0 result=None altAttack=0 victim=human friend=0 -> reject:enemy
[PSW] t=371.74 dir=AttackUp strike=Thrust prog=0.529 flags=NormalHit collider=1 shieldBack=0 blockedShield=0 result=StrikeAgent altAttack=0 victim=human friend=0 -> reject:enemy
[PSW] ==== mission report ====
[PSW]  windup transparency : 12378 friendly hits made transparent
[PSW]      rejected live-arc             x5233
[PSW]  friendly blocks     : 3524 neutralised (ally shield no longer halts the swing)
[PSW]  cramped gating (AI) : 662 swings remapped across 316 agents (6829 input ticks)
[PSW] ========================
[PSW] ---- mission start ----
[PSW] t=76.50 dir=AttackUp strike=Thrust prog=0.000 flags=NormalHit collider=1 shieldBack=0 blockedShield=0 result=StrikeAgent altAttack=0 victim=human friend=1 -> BYPASS
[PSW] t=90.91 dir=AttackRight strike=Swing prog=0.048 flags=NormalHit collider=1 shieldBack=0 blockedShield=1 result=Blocked altAttack=0 victim=human friend=1 -> BYPASS
[PSW] t=94.97 dir=AttackUp strike=Swing prog=0.025 flags=NormalHit collider=1 shieldBack=0 blockedShield=0 result=StrikeAgent altAttack=0 victim=human friend=1 -> BYPASS
[PSW] t=102.13 dir=AttackUp strike=Thrust prog=0.606 flags=NormalHit collider=1 shieldBack=0 blockedShield=0 result=StrikeAgent altAttack=0 victim=human friend=1 -> reject:live-arc
[PSW] t=103.44 dir=AttackUp strike=Thrust prog=0.693 flags=NormalHit collider=1 shieldBack=0 blockedShield=0 result=StrikeAgent altAttack=0 victim=human friend=0 -> reject:enemy
[PSW] t=108.63 dir=AttackUp strike=Thrust prog=0.606 flags=NormalHit collider=1 shieldBack=0 blockedShield=0 result=StrikeAgent altAttack=0 victim=human friend=0 -> reject:enemy
[PSW] t=109.35 dir=AttackUp strike=Thrust prog=0.563 flags=NormalHit collider=1 shieldBack=0 blockedShield=0 result=Parried altAttack=0 victim=human friend=0 -> reject:enemy
[PSW] t=114.81 dir=AttackUp strike=Thrust prog=0.000 flags=NormalHit collider=1 shieldBack=0 blockedShield=0 result=StrikeAgent altAttack=0 victim=human friend=1 -> BYPASS
[PSW] t=117.34 dir=AttackDown strike=Thrust prog=0.303 flags=NormalHit collider=1 shieldBack=0 blockedShield=1 result=Parried altAttack=0 victim=human friend=0 -> reject:enemy
[PSW] t=119.38 dir=AttackDown strike=Thrust prog=0.283 flags=NormalHit collider=1 shieldBack=0 blockedShield=0 result=StrikeAgent altAttack=0 victim=human friend=0 -> reject:enemy
[PSW] t=119.61 dir=AttackDown strike=Thrust prog=0.613 flags=HitWithStartOfTheAnimation collider=1 shieldBack=0 blockedShield=0 result=StrikeAgent altAttack=0 victim=human friend=0 -> reject:enemy
[PSW] t=120.77 dir=AttackUp strike=Thrust prog=0.822 flags=NormalHit collider=1 shieldBack=0 blockedShield=0 result=StrikeAgent altAttack=0 victim=human friend=0 -> reject:enemy
[PSW] t=122.96 dir=AttackDown strike=Thrust prog=0.401 flags=NormalHit collider=1 shieldBack=0 blockedShield=0 result=StrikeAgent altAttack=0 victim=human friend=0 -> reject:enemy
[PSW] t=127.22 dir=AttackDown strike=Thrust prog=0.467 flags=NormalHit collider=1 shieldBack=0 blockedShield=0 result=StrikeAgent altAttack=0 victim=human friend=0 -> reject:enemy
[PSW] t=127.32 dir=AttackDown strike=Thrust prog=0.317 flags=HitWithStartOfTheAnimation collider=1 shieldBack=0 blockedShield=0 result=StrikeAgent altAttack=0 victim=human friend=0 -> reject:enemy
[PSW] t=130.30 dir=AttackRight strike=Swing prog=0.473 flags=NormalHit collider=1 shieldBack=0 blockedShield=0 result=StrikeAgent altAttack=0 victim=human friend=0 -> reject:enemy
[PSW] t=132.81 dir=AttackUp strike=Swing prog=1.000 flags=NormalHit collider=1 shieldBack=0 blockedShield=0 result=StrikeAgent altAttack=0 victim=human friend=0 -> reject:enemy
[PSW] t=133.62 dir=AttackRight strike=Swing prog=0.466 flags=NormalHit collider=1 shieldBack=0 blockedShield=1 result=Blocked altAttack=0 victim=human friend=0 -> reject:enemy
[PSW] t=144.14 dir=AttackUp strike=Thrust prog=0.636 flags=NormalHit collider=1 shieldBack=0 blockedShield=0 result=StrikeAgent altAttack=0 victim=human friend=0 -> reject:enemy
[PSW] t=145.34 dir=AttackDown strike=Thrust prog=0.420 flags=NormalHit collider=1 shieldBack=0 blockedShield=0 result=StrikeAgent altAttack=0 victim=human friend=0 -> reject:enemy
[PSW] t=149.56 dir=AttackDown strike=Thrust prog=0.468 flags=NormalHit collider=1 shieldBack=0 blockedShield=1 result=Parried altAttack=0 victim=human friend=0 -> reject:enemy
[PSW] t=153.67 dir=AttackDown strike=Thrust prog=0.792 flags=NormalHit collider=1 shieldBack=0 blockedShield=0 result=StrikeAgent altAttack=0 victim=human friend=0 -> reject:enemy
[PSW] t=213.27 dir=AttackUp strike=Swing prog=0.000 flags=HitWithStartOfTheAnimation collider=1 shieldBack=0 blockedShield=1 result=Blocked altAttack=0 victim=human friend=0 -> reject:enemy
[PSW] t=214.52 dir=AttackUp strike=Swing prog=0.072 flags=NormalHit collider=1 shieldBack=0 blockedShield=0 result=StrikeAgent altAttack=0 victim=human friend=0 -> reject:enemy
[PSW] t=219.70 dir=AttackUp strike=Thrust prog=0.289 flags=NormalHit collider=1 shieldBack=0 blockedShield=1 result=Blocked altAttack=0 victim=human friend=0 -> reject:enemy
[PSW] t=223.13 dir=AttackDown strike=Thrust prog=0.000 flags=HitWithStartOfTheAnimation collider=1 shieldBack=0 blockedShield=1 result=Parried altAttack=0 victim=human friend=0 -> reject:enemy
[PSW] ==== mission report ====
[PSW]  config: enabled=1 windup=1 cramped=1 blockPass=1 threshold=0.25 crowdedDur=2.0
[PSW]  windup transparency : 7252 friendly hits made transparent
[PSW]      rejected live-arc             x3657
[PSW]  friendly blocks     : 1875 neutralised (ally shield no longer halts the swing)
[PSW]  cramped gating (AI) : 522 swings remapped across 272 agents (5526 input ticks)
[PSW] ========================
[PSW] ---- mission start ----
[PSW] t=87.98 dir=AttackDown strike=Thrust prog=0.028 flags=NormalHit collider=1 shieldBack=0 blockedShield=0 result=StrikeAgent altAttack=0 victim=human friend=1 -> BYPASS
[PSW] t=89.33 dir=AttackDown strike=Thrust prog=0.030 flags=NormalHit collider=1 shieldBack=0 blockedShield=0 result=StrikeAgent altAttack=0 victim=human friend=1 -> BYPASS
[PSW] t=89.33 dir=AttackDown strike=Thrust prog=0.030 flags=NormalHit collider=1 shieldBack=0 blockedShield=0 result=StrikeAgent altAttack=0 victim=human friend=1 -> BYPASS
[PSW] t=89.33 dir=AttackDown strike=Thrust prog=0.030 flags=NormalHit collider=1 shieldBack=0 blockedShield=0 result=StrikeAgent altAttack=0 victim=human friend=1 -> BYPASS
[PSW] t=92.84 dir=AttackUp strike=Thrust prog=0.433 flags=NormalHit collider=1 shieldBack=0 blockedShield=0 result=StrikeAgent altAttack=0 victim=human friend=1 -> reject:live-arc
[PSW] t=94.34 dir=AttackDown strike=Thrust prog=0.026 flags=NormalHit collider=1 shieldBack=0 blockedShield=0 result=StrikeAgent altAttack=0 victim=human friend=1 -> BYPASS
[PSW] t=94.34 dir=AttackDown strike=Thrust prog=0.026 flags=NormalHit collider=1 shieldBack=0 blockedShield=1 result=Blocked altAttack=0 victim=human friend=1 -> BYPASS
[PSW] t=97.62 dir=AttackDown strike=Thrust prog=0.073 flags=NormalHit collider=1 shieldBack=0 blockedShield=0 result=StrikeAgent altAttack=0 victim=human friend=0 -> reject:enemy
[PSW] t=98.52 dir=AttackDown strike=Thrust prog=0.027 flags=NormalHit collider=1 shieldBack=0 blockedShield=0 result=StrikeAgent altAttack=0 victim=human friend=1 -> BYPASS
[PSW] t=98.52 dir=AttackDown strike=Thrust prog=0.027 flags=NormalHit collider=1 shieldBack=0 blockedShield=0 result=StrikeAgent altAttack=0 victim=human friend=0 -> reject:enemy
[PSW] t=99.08 dir=AttackDown strike=Thrust prog=0.285 flags=HitWithStartOfTheAnimation collider=1 shieldBack=0 blockedShield=0 result=StrikeAgent altAttack=0 victim=human friend=1 -> BYPASS
[PSW] t=99.20 dir=AttackDown strike=Thrust prog=0.325 flags=HitWithStartOfTheAnimation collider=1 shieldBack=0 blockedShield=0 result=StrikeAgent altAttack=0 victim=human friend=1 -> BYPASS
[PSW] t=99.49 dir=AttackDown strike=Thrust prog=0.435 flags=HitWithStartOfTheAnimation collider=1 shieldBack=0 blockedShield=0 result=None altAttack=0 victim=human friend=1 -> BYPASS
[PSW] t=99.71 dir=AttackDown strike=Thrust prog=0.663 flags=HitWithStartOfTheAnimation collider=1 shieldBack=0 blockedShield=0 result=StrikeAgent altAttack=0 victim=human friend=1 -> BYPASS
[PSW] t=99.97 dir=AttackDown strike=Thrust prog=0.783 flags=HitWithStartOfTheAnimation collider=1 shieldBack=0 blockedShield=0 result=StrikeAgent altAttack=0 victim=human friend=1 -> BYPASS
[PSW] t=101.60 dir=AttackUp strike=Swing prog=1.000 flags=NormalHit collider=1 shieldBack=0 blockedShield=0 result=StrikeAgent altAttack=0 victim=human friend=0 -> reject:enemy
[PSW] t=102.25 dir=AttackUp strike=Swing prog=0.025 flags=NormalHit collider=1 shieldBack=0 blockedShield=0 result=StrikeAgent altAttack=0 victim=human friend=1 -> BYPASS
[PSW] t=107.75 dir=AttackUp strike=Thrust prog=0.567 flags=NormalHit collider=1 shieldBack=0 blockedShield=0 result=StrikeAgent altAttack=0 victim=human friend=0 -> reject:enemy
[PSW] t=110.74 dir=AttackDown strike=Thrust prog=0.026 flags=NormalHit collider=1 shieldBack=0 blockedShield=1 result=Parried altAttack=0 victim=human friend=0 -> reject:enemy
[PSW] t=113.59 dir=AttackUp strike=Thrust prog=0.564 flags=NormalHit collider=1 shieldBack=0 blockedShield=0 result=StrikeAgent altAttack=0 victim=human friend=0 -> reject:enemy
[PSW] t=113.60 dir=AttackUp strike=Thrust prog=0.258 flags=HitWithStartOfTheAnimation collider=1 shieldBack=0 blockedShield=0 result=StrikeAgent altAttack=0 victim=human friend=0 -> reject:enemy
[PSW] t=114.68 dir=AttackUp strike=Thrust prog=0.000 flags=NormalHit collider=1 shieldBack=0 blockedShield=0 result=StrikeAgent altAttack=0 victim=human friend=1 -> BYPASS
[PSW] t=115.96 dir=AttackUp strike=Thrust prog=0.614 flags=NormalHit collider=1 shieldBack=0 blockedShield=0 result=StrikeAgent altAttack=0 victim=human friend=0 -> reject:enemy
[PSW] t=117.95 dir=AttackDown strike=Thrust prog=0.157 flags=NormalHit collider=1 shieldBack=0 blockedShield=0 result=StrikeAgent altAttack=0 victim=human friend=1 -> BYPASS
[PSW] t=126.25 dir=AttackLeft strike=Swing prog=0.771 flags=NormalHit collider=1 shieldBack=0 blockedShield=0 result=StrikeAgent altAttack=0 victim=human friend=0 -> reject:enemy
[PSW] t=127.10 dir=AttackLeft strike=Swing prog=0.476 flags=NormalHit collider=1 shieldBack=0 blockedShield=1 result=Blocked altAttack=0 victim=human friend=0 -> reject:enemy
[PSW] t=138.25 dir=AttackUp strike=Swing prog=1.000 flags=HitWithArm, HitWithBackOfTheWeapon collider=1 shieldBack=0 blockedShield=1 result=Blocked altAttack=0 victim=human friend=0 -> reject:enemy
[PSW] t=140.66 dir=AttackUp strike=Thrust prog=0.618 flags=NormalHit collider=1 shieldBack=0 blockedShield=0 result=StrikeAgent altAttack=0 victim=human friend=0 -> reject:enemy
[PSW] t=140.93 dir=AttackUp strike=Thrust prog=0.998 flags=HitWithStartOfTheAnimation collider=1 shieldBack=0 blockedShield=0 result=StrikeAgent altAttack=0 victim=human friend=1 -> BYPASS
[PSW] t=141.67 dir=AttackUp strike=Thrust prog=0.647 flags=NormalHit collider=1 shieldBack=0 blockedShield=0 result=StrikeAgent altAttack=0 victim=human friend=0 -> reject:enemy
[PSW] t=141.72 dir=AttackUp strike=Thrust prog=0.425 flags=HitWithStartOfTheAnimation collider=1 shieldBack=0 blockedShield=0 result=StrikeAgent altAttack=0 victim=human friend=1 -> BYPASS
[PSW] t=155.98 dir=AttackUp strike=Swing prog=0.299 flags=NormalHit collider=1 shieldBack=0 blockedShield=0 result=StrikeAgent altAttack=0 victim=human friend=0 -> reject:enemy
[PSW] t=157.90 dir=AttackDown strike=Thrust prog=0.064 flags=NormalHit collider=1 shieldBack=0 blockedShield=0 result=StrikeAgent altAttack=0 victim=human friend=0 -> reject:enemy
[PSW] t=159.27 dir=AttackUp strike=Thrust prog=0.582 flags=NormalHit collider=1 shieldBack=0 blockedShield=0 result=StrikeAgent altAttack=0 victim=human friend=0 -> reject:enemy
[PSW] t=170.79 dir=AttackDown strike=Thrust prog=0.500 flags=NormalHit collider=1 shieldBack=0 blockedShield=0 result=StrikeAgent altAttack=1 victim=human friend=0 -> reject:enemy
[PSW] t=173.38 dir=AttackDown strike=Thrust prog=0.036 flags=NormalHit collider=1 shieldBack=0 blockedShield=0 result=StrikeAgent altAttack=0 victim=human friend=1 -> BYPASS
[PSW] t=197.34 dir=AttackUp strike=Thrust prog=0.462 flags=NormalHit collider=1 shieldBack=0 blockedShield=0 result=StrikeAgent altAttack=0 victim=human friend=0 -> reject:enemy
[PSW] t=200.24 dir=AttackDown strike=Thrust prog=0.161 flags=NormalHit collider=1 shieldBack=0 blockedShield=0 result=StrikeAgent altAttack=0 victim=human friend=0 -> reject:enemy
[PSW] t=213.80 dir=AttackUp strike=Swing prog=0.050 flags=NormalHit collider=1 shieldBack=0 blockedShield=0 result=StrikeAgent altAttack=0 victim=human friend=1 -> BYPASS
[PSW] t=213.85 dir=AttackUp strike=Swing prog=0.064 flags=NormalHit collider=1 shieldBack=0 blockedShield=0 result=StrikeAgent altAttack=0 victim=human friend=1 -> BYPASS
[PSW] t=214.24 dir=AttackUp strike=Swing prog=0.667 flags=HitWithArm collider=1 shieldBack=0 blockedShield=1 result=Blocked altAttack=0 victim=human friend=0 -> reject:enemy
[PSW] t=215.71 dir=AttackDown strike=Thrust prog=0.000 flags=HitWithStartOfTheAnimation collider=1 shieldBack=0 blockedShield=1 result=Parried altAttack=0 victim=human friend=0 -> reject:enemy
[PSW] t=219.27 dir=AttackUp strike=Thrust prog=0.015 flags=NormalHit collider=1 shieldBack=0 blockedShield=0 result=StrikeAgent altAttack=0 victim=human friend=1 -> BYPASS
[PSW] t=228.16 dir=AttackUp strike=Swing prog=0.110 flags=NormalHit collider=1 shieldBack=0 blockedShield=0 result=StrikeAgent altAttack=0 victim=human friend=1 -> BYPASS
[PSW] t=229.94 dir=AttackUp strike=Thrust prog=0.691 flags=HitWithArm, HitWithBackOfTheWeapon collider=1 shieldBack=0 blockedShield=1 result=Blocked altAttack=0 victim=human friend=0 -> reject:enemy
[PSW] ==== mission report ====
[PSW]  config: enabled=1 windup=1 cramped=1 blockPass=1 threshold=0.25 crowdedDur=2.0
[PSW]  windup transparency : 11060 friendly hits made transparent
[PSW]      rejected live-arc             x5318
[PSW]  friendly blocks     : 3105 neutralised (ally shield no longer halts the swing)
[PSW]  cramped gating (AI) : 516 swings remapped across 292 agents (3012 input ticks)
[PSW] ========================
[PSW] ---- mission start ----
[PSW] t=95.50 dir=AttackUp strike=Swing prog=1.000 flags=NormalHit collider=1 shieldBack=0 blockedShield=1 result=Blocked altAttack=0 victim=human friend=0 -> reject:enemy
[PSW] t=129.37 dir=AttackDown strike=Thrust prog=0.094 flags=HitWithArm collider=1 shieldBack=0 blockedShield=0 result=StrikeAgent altAttack=0 victim=human friend=1 -> BYPASS
[PSW] t=132.31 dir=AttackDown strike=Thrust prog=0.491 flags=NormalHit collider=1 shieldBack=0 blockedShield=0 result=StrikeAgent altAttack=0 victim=human friend=0 -> reject:enemy
[PSW] t=135.58 dir=AttackDown strike=Thrust prog=0.349 flags=NormalHit collider=1 shieldBack=0 blockedShield=0 result=StrikeAgent altAttack=0 victim=human friend=0 -> reject:enemy
[PSW] t=135.67 dir=AttackDown strike=Thrust prog=0.135 flags=HitWithStartOfTheAnimation collider=1 shieldBack=0 blockedShield=0 result=StrikeAgent altAttack=0 victim=human friend=0 -> reject:enemy
[PSW] t=137.59 dir=AttackUp strike=Thrust prog=0.589 flags=NormalHit collider=1 shieldBack=0 blockedShield=0 result=StrikeAgent altAttack=0 victim=human friend=0 -> reject:enemy
[PSW] t=138.79 dir=AttackDown strike=Thrust prog=0.861 flags=NormalHit collider=1 shieldBack=0 blockedShield=0 result=StrikeAgent altAttack=0 victim=human friend=0 -> reject:enemy
[PSW] t=141.08 dir=AttackDown strike=Thrust prog=0.384 flags=NormalHit collider=1 shieldBack=0 blockedShield=1 result=Parried altAttack=0 victim=human friend=0 -> reject:enemy
[PSW] t=143.32 dir=AttackDown strike=Thrust prog=0.522 flags=NormalHit collider=1 shieldBack=0 blockedShield=1 result=Parried altAttack=0 victim=human friend=0 -> reject:enemy
[PSW] t=146.11 dir=AttackUp strike=Thrust prog=0.669 flags=NormalHit collider=1 shieldBack=0 blockedShield=1 result=Blocked altAttack=0 victim=human friend=0 -> reject:enemy
[PSW] t=150.99 dir=AttackDown strike=Thrust prog=0.413 flags=NormalHit collider=1 shieldBack=0 blockedShield=1 result=Parried altAttack=0 victim=human friend=0 -> reject:enemy
[PSW] t=168.21 dir=AttackRight strike=Swing prog=0.378 flags=NormalHit collider=1 shieldBack=0 blockedShield=0 result=StrikeAgent altAttack=0 victim=human friend=0 -> reject:enemy
[PSW] t=181.61 dir=AttackDown strike=Thrust prog=0.094 flags=NormalHit collider=1 shieldBack=0 blockedShield=0 result=StrikeAgent altAttack=0 victim=human friend=0 -> reject:enemy
[PSW] t=183.63 dir=AttackDown strike=Thrust prog=0.500 flags=NormalHit collider=1 shieldBack=0 blockedShield=0 result=StrikeAgent altAttack=1 victim=human friend=1 -> reject:live-arc
[PSW] t=187.18 dir=AttackDown strike=Thrust prog=0.084 flags=NormalHit collider=1 shieldBack=0 blockedShield=0 result=StrikeAgent altAttack=0 victim=human friend=1 -> BYPASS
[PSW] t=187.18 dir=AttackDown strike=Thrust prog=0.084 flags=NormalHit collider=1 shieldBack=0 blockedShield=0 result=StrikeAgent altAttack=0 victim=human friend=1 -> BYPASS
[PSW] t=199.94 dir=AttackUp strike=Thrust prog=0.473 flags=HitWithArm, HitWithBackOfTheWeapon collider=1 shieldBack=0 blockedShield=0 result=StrikeAgent altAttack=0 victim=human friend=0 -> reject:enemy
[PSW] ==== mission report ====
[PSW]  config: enabled=1 windup=1 cramped=1 blockPass=1 threshold=0.25 crowdedDur=2.0
[PSW]  windup transparency : 5525 friendly hits made transparent
[PSW]      rejected live-arc             x3307
[PSW]  friendly blocks     : 1373 neutralised (ally shield no longer halts the swing)
[PSW]  cramped gating (AI) : 309 swings remapped across 211 agents (1256 input ticks)
[PSW] ========================
[PSW] ---- mission start ----
[PSW] t=80.59 dir=AttackRight strike=Swing prog=0.526 flags=NormalHit collider=1 shieldBack=0 blockedShield=1 result=Blocked altAttack=0 victim=human friend=0 -> reject:enemy
[PSW] t=85.39 dir=AttackLeft strike=Swing prog=1.000 flags=NormalHit collider=1 shieldBack=0 blockedShield=0 result=StrikeAgent altAttack=0 victim=human friend=1 -> reject:live-arc
[PSW] t=93.69 dir=AttackUp strike=Swing prog=0.000 flags=HitWithStartOfTheAnimation collider=1 shieldBack=0 blockedShield=1 result=Blocked altAttack=0 victim=human friend=0 -> reject:enemy
[PSW] t=98.79 dir=AttackLeft strike=Swing prog=0.603 flags=HitWithArm collider=1 shieldBack=0 blockedShield=0 result=StrikeAgent altAttack=0 victim=human friend=1 -> reject:live-arc
[PSW] t=105.79 dir=AttackUp strike=Thrust prog=0.241 flags=NormalHit collider=1 shieldBack=0 blockedShield=0 result=StrikeAgent altAttack=0 victim=human friend=1 -> BYPASS
[PSW] t=111.44 dir=AttackUp strike=Swing prog=0.110 flags=NormalHit collider=1 shieldBack=0 blockedShield=0 result=StrikeAgent altAttack=0 victim=human friend=1 -> BYPASS
[PSW] t=113.24 dir=AttackUp strike=Swing prog=0.110 flags=NormalHit collider=1 shieldBack=0 blockedShield=0 result=StrikeAgent altAttack=0 victim=human friend=1 -> BYPASS
[PSW] t=115.04 dir=AttackUp strike=Thrust prog=0.749 flags=NormalHit collider=1 shieldBack=0 blockedShield=1 result=Blocked altAttack=0 victim=human friend=0 -> reject:enemy
[PSW] t=119.34 dir=AttackUp strike=Thrust prog=0.905 flags=NormalHit collider=1 shieldBack=0 blockedShield=0 result=StrikeAgent altAttack=0 victim=human friend=0 -> reject:enemy
[PSW] t=131.36 dir=AttackUp strike=Thrust prog=0.610 flags=NormalHit collider=1 shieldBack=0 blockedShield=0 result=StrikeAgent altAttack=0 victim=human friend=0 -> reject:enemy
[PSW] t=133.55 dir=AttackDown strike=Thrust prog=0.107 flags=NormalHit collider=1 shieldBack=0 blockedShield=0 result=StrikeAgent altAttack=0 victim=human friend=0 -> reject:enemy
[PSW] t=134.64 dir=AttackUp strike=Thrust prog=0.017 flags=NormalHit collider=1 shieldBack=0 blockedShield=0 result=StrikeAgent altAttack=0 victim=human friend=0 -> reject:enemy
[PSW] t=139.20 dir=AttackRight strike=Swing prog=0.475 flags=NormalHit collider=1 shieldBack=0 blockedShield=0 result=StrikeAgent altAttack=0 victim=human friend=1 -> reject:live-arc
[PSW] t=148.89 dir=AttackUp strike=Swing prog=0.071 flags=NormalHit collider=1 shieldBack=0 blockedShield=0 result=StrikeAgent altAttack=0 victim=human friend=1 -> BYPASS
[PSW] t=157.31 dir=AttackDown strike=Thrust prog=0.094 flags=NormalHit collider=1 shieldBack=0 blockedShield=0 result=StrikeAgent altAttack=0 victim=human friend=1 -> BYPASS
[PSW] t=158.28 dir=AttackDown strike=Thrust prog=0.007 flags=NormalHit collider=1 shieldBack=0 blockedShield=0 result=StrikeAgent altAttack=0 victim=human friend=0 -> reject:enemy
[PSW] t=162.80 dir=AttackUp strike=Swing prog=0.123 flags=NormalHit collider=1 shieldBack=0 blockedShield=0 result=StrikeAgent altAttack=0 victim=human friend=1 -> BYPASS
[PSW] t=163.28 dir=AttackUp strike=Swing prog=1.000 flags=NormalHit collider=1 shieldBack=0 blockedShield=1 result=Blocked altAttack=0 victim=human friend=0 -> reject:enemy
[PSW] t=176.33 dir=AttackDown strike=Thrust prog=0.100 flags=NormalHit collider=1 shieldBack=0 blockedShield=0 result=StrikeAgent altAttack=0 victim=human friend=0 -> reject:enemy
[PSW] t=176.45 dir=AttackDown strike=Thrust prog=0.133 flags=HitWithStartOfTheAnimation collider=1 shieldBack=0 blockedShield=0 result=StrikeAgent altAttack=0 victim=human friend=0 -> reject:enemy
[PSW] t=177.74 dir=AttackUp strike=Thrust prog=0.611 flags=NormalHit collider=1 shieldBack=0 blockedShield=0 result=StrikeAgent altAttack=0 victim=human friend=0 -> reject:enemy
[PSW] t=185.35 dir=AttackUp strike=Thrust prog=0.507 flags=NormalHit collider=1 shieldBack=0 blockedShield=1 result=Blocked altAttack=0 victim=human friend=0 -> reject:enemy
[PSW] t=198.52 dir=AttackUp strike=Swing prog=0.093 flags=NormalHit collider=1 shieldBack=0 blockedShield=0 result=StrikeAgent altAttack=0 victim=human friend=1 -> BYPASS
[PSW] t=198.52 dir=AttackUp strike=Swing prog=0.093 flags=NormalHit collider=1 shieldBack=0 blockedShield=0 result=StrikeAgent altAttack=0 victim=human friend=1 -> BYPASS
[PSW] t=220.41 dir=AttackDown strike=Thrust prog=0.000 flags=HitWithStartOfTheAnimation collider=1 shieldBack=0 blockedShield=0 result=StrikeAgent altAttack=0 victim=human friend=0 -> reject:enemy
[PSW] t=221.19 dir=AttackRight strike=Swing prog=0.022 flags=NormalHit collider=1 shieldBack=0 blockedShield=0 result=StrikeAgent altAttack=0 victim=human friend=0 -> reject:enemy
[PSW] t=224.00 dir=AttackUp strike=Swing prog=0.290 flags=NormalHit collider=1 shieldBack=0 blockedShield=0 result=StrikeAgent altAttack=0 victim=human friend=0 -> reject:enemy
[PSW] t=226.29 dir=AttackLeft strike=Swing prog=0.366 flags=NormalHit collider=1 shieldBack=0 blockedShield=1 result=Blocked altAttack=0 victim=human friend=0 -> reject:enemy
[PSW] t=227.43 dir=AttackRight strike=Swing prog=0.299 flags=HitWithArm, HitWithBackOfTheWeapon collider=1 shieldBack=0 blockedShield=1 result=Blocked altAttack=0 victim=human friend=0 -> reject:enemy
[PSW] t=228.27 dir=AttackLeft strike=Swing prog=0.198 flags=NormalHit collider=1 shieldBack=0 blockedShield=1 result=Blocked altAttack=0 victim=human friend=0 -> reject:enemy
[PSW] t=230.29 dir=AttackUp strike=Swing prog=0.979 flags=NormalHit collider=1 shieldBack=0 blockedShield=0 result=StrikeAgent altAttack=0 victim=human friend=0 -> reject:enemy
[PSW] t=231.19 dir=AttackUp strike=Swing prog=1.000 flags=NormalHit collider=1 shieldBack=0 blockedShield=0 result=StrikeAgent altAttack=0 victim=human friend=0 -> reject:enemy
[PSW] t=232.62 dir=AttackUp strike=Swing prog=0.979 flags=NormalHit collider=1 shieldBack=0 blockedShield=0 result=StrikeAgent altAttack=0 victim=human friend=0 -> reject:enemy
[PSW] t=233.68 dir=AttackLeft strike=Swing prog=0.624 flags=NormalHit collider=1 shieldBack=0 blockedShield=0 result=StrikeAgent altAttack=0 victim=human friend=0 -> reject:enemy
[PSW] t=235.16 dir=AttackDown strike=Thrust prog=0.498 flags=NormalHit collider=1 shieldBack=0 blockedShield=0 result=StrikeAgent altAttack=0 victim=human friend=0 -> reject:enemy
[PSW] t=248.73 dir=AttackUp strike=Thrust prog=0.545 flags=NormalHit collider=1 shieldBack=0 blockedShield=0 result=StrikeAgent altAttack=0 victim=human friend=0 -> reject:enemy
[PSW] t=250.95 dir=AttackDown strike=Thrust prog=0.647 flags=NormalHit collider=1 shieldBack=0 blockedShield=0 result=StrikeAgent altAttack=0 victim=human friend=0 -> reject:enemy
[PSW] t=251.03 dir=AttackDown strike=Thrust prog=0.435 flags=NormalHit collider=1 shieldBack=0 blockedShield=0 result=StrikeAgent altAttack=0 victim=human friend=1 -> reject:live-arc
[PSW] ==== mission report ====
[PSW]  config: enabled=1 windup=1 cramped=1 blockPass=1 threshold=0.25 crowdedDur=2.0
[PSW]  windup transparency : 7772 friendly hits made transparent
[PSW]      rejected live-arc             x4595
[PSW]  friendly blocks     : 2276 neutralised (ally shield no longer halts the swing)
[PSW]  cramped gating (AI) : 401 swings remapped across 250 agents (1774 input ticks)
[PSW] ========================
[PSW] ---- mission start ----
[PSW] ==== mission report ====
[PSW]  config: enabled=1 windup=1 cramped=1 blockPass=1 threshold=0.25 crowdedDur=2.0
[PSW]  windup transparency : 0 friendly hits made transparent   <-- FEATURE NEVER FIRED
[PSW]  friendly blocks     : 0 neutralised (ally shield no longer halts the swing)   <-- FEATURE NEVER FIRED
[PSW]  cramped gating (AI) : 0 swings remapped across 0 agents (0 input ticks)   <-- FEATURE NEVER FIRED
[PSW] ========================
[PSW] ---- mission start ----
[PSW] t=12.77 dir=AttackUp strike=Thrust prog=0.000 flags=NormalHit collider=1 shieldBack=0 blockedShield=0 result=None altAttack=0 victim=human friend=1 -> BYPASS
[PSW] t=12.96 dir=AttackUp strike=Thrust prog=0.634 flags=HitWithArm, HitWithBackOfTheWeapon collider=1 shieldBack=0 blockedShield=0 result=StrikeAgent altAttack=0 victim=human friend=1 -> reject:live-arc
[PSW] t=14.72 dir=AttackUp strike=Thrust prog=0.000 flags=NormalHit collider=1 shieldBack=0 blockedShield=0 result=StrikeAgent altAttack=0 victim=human friend=1 -> BYPASS
[PSW] t=16.57 dir=AttackUp strike=Thrust prog=0.000 flags=HitWithArm collider=1 shieldBack=0 blockedShield=0 result=StrikeAgent altAttack=0 victim=human friend=1 -> BYPASS
[PSW] t=18.21 dir=AttackUp strike=Thrust prog=0.000 flags=NormalHit collider=1 shieldBack=0 blockedShield=1 result=Blocked altAttack=0 victim=human friend=1 -> BYPASS
[PSW] t=19.85 dir=AttackUp strike=Thrust prog=0.606 flags=HitWithArm, HitWithBackOfTheWeapon collider=1 shieldBack=0 blockedShield=0 result=StrikeAgent altAttack=0 victim=human friend=1 -> reject:live-arc
[PSW] t=24.25 dir=AttackUp strike=Thrust prog=0.000 flags=HitWithArm, HitWithBackOfTheWeapon collider=1 shieldBack=0 blockedShield=0 result=None altAttack=0 victim=human friend=1 -> BYPASS
[PSW] t=24.25 dir=AttackUp strike=Thrust prog=0.000 flags=NormalHit collider=1 shieldBack=0 blockedShield=0 result=None altAttack=0 victim=human friend=1 -> BYPASS
[PSW] t=24.44 dir=AttackUp strike=Thrust prog=0.649 flags=HitWithArm, HitWithBackOfTheWeapon collider=1 shieldBack=0 blockedShield=0 result=StrikeAgent altAttack=0 victim=human friend=1 -> reject:live-arc
[PSW] t=30.10 dir=AttackUp strike=Thrust prog=0.000 flags=NormalHit collider=1 shieldBack=0 blockedShield=0 result=StrikeAgent altAttack=0 victim=human friend=1 -> BYPASS
[PSW] t=30.10 dir=AttackUp strike=Thrust prog=0.000 flags=NormalHit collider=1 shieldBack=0 blockedShield=0 result=StrikeAgent altAttack=0 victim=human friend=1 -> BYPASS
[PSW] t=31.41 dir=AttackUp strike=Thrust prog=0.001 flags=HitWithBackOfTheWeapon collider=1 shieldBack=0 blockedShield=0 result=None altAttack=0 victim=human friend=1 -> BYPASS
[PSW] t=31.41 dir=AttackUp strike=Thrust prog=0.001 flags=NormalHit collider=1 shieldBack=0 blockedShield=0 result=StrikeAgent altAttack=0 victim=human friend=1 -> BYPASS
[PSW] t=33.48 dir=AttackUp strike=Thrust prog=0.000 flags=HitWithBackOfTheWeapon collider=1 shieldBack=0 blockedShield=0 result=None altAttack=0 victim=human friend=1 -> BYPASS
[PSW] t=33.48 dir=AttackUp strike=Thrust prog=0.000 flags=NormalHit collider=1 shieldBack=0 blockedShield=0 result=None altAttack=0 victim=human friend=1 -> BYPASS
[PSW] t=33.49 dir=AttackUp strike=Thrust prog=0.043 flags=HitWithBackOfTheWeapon collider=1 shieldBack=0 blockedShield=0 result=None altAttack=0 victim=human friend=1 -> BYPASS
[PSW] t=33.49 dir=AttackUp strike=Thrust prog=0.043 flags=NormalHit collider=1 shieldBack=0 blockedShield=0 result=None altAttack=0 victim=human friend=1 -> BYPASS
[PSW] t=33.50 dir=AttackUp strike=Thrust prog=0.087 flags=HitWithBackOfTheWeapon collider=1 shieldBack=0 blockedShield=0 result=None altAttack=0 victim=human friend=1 -> BYPASS
[PSW] t=33.50 dir=AttackUp strike=Thrust prog=0.087 flags=NormalHit collider=1 shieldBack=0 blockedShield=0 result=None altAttack=0 victim=human friend=1 -> BYPASS
[PSW] t=34.85 dir=AttackUp strike=Thrust prog=0.000 flags=NormalHit collider=1 shieldBack=0 blockedShield=0 result=StrikeAgent altAttack=0 victim=human friend=1 -> BYPASS
[PSW] t=34.85 dir=AttackUp strike=Thrust prog=0.000 flags=NormalHit collider=1 shieldBack=0 blockedShield=0 result=StrikeAgent altAttack=0 victim=human friend=1 -> BYPASS
[PSW] t=36.15 dir=AttackUp strike=Thrust prog=0.000 flags=HitWithBackOfTheWeapon collider=1 shieldBack=0 blockedShield=0 result=None altAttack=0 victim=human friend=1 -> BYPASS
[PSW] t=36.15 dir=AttackUp strike=Thrust prog=0.000 flags=NormalHit collider=1 shieldBack=0 blockedShield=0 result=StrikeAgent altAttack=0 victim=human friend=1 -> BYPASS
[PSW] t=36.15 dir=AttackUp strike=Thrust prog=0.000 flags=NormalHit collider=1 shieldBack=0 blockedShield=0 result=StrikeAgent altAttack=0 victim=human friend=1 -> BYPASS
[PSW] t=37.55 dir=AttackUp strike=Thrust prog=0.000 flags=NormalHit collider=1 shieldBack=0 blockedShield=0 result=StrikeAgent altAttack=0 victim=human friend=1 -> BYPASS
[PSW] t=37.55 dir=AttackUp strike=Thrust prog=0.000 flags=NormalHit collider=1 shieldBack=0 blockedShield=0 result=StrikeAgent altAttack=0 victim=human friend=1 -> BYPASS
[PSW] t=39.09 dir=AttackUp strike=Thrust prog=0.000 flags=HitWithArm, HitWithBackOfTheWeapon collider=1 shieldBack=0 blockedShield=0 result=None altAttack=0 victim=human friend=1 -> BYPASS
[PSW] t=39.09 dir=AttackUp strike=Thrust prog=0.000 flags=NormalHit collider=1 shieldBack=0 blockedShield=0 result=None altAttack=0 victim=human friend=1 -> BYPASS
[PSW] t=41.01 dir=AttackUp strike=Thrust prog=0.001 flags=NormalHit collider=1 shieldBack=0 blockedShield=0 result=StrikeAgent altAttack=0 victim=human friend=1 -> BYPASS
[PSW] t=41.01 dir=AttackUp strike=Thrust prog=0.001 flags=NormalHit collider=1 shieldBack=0 blockedShield=0 result=None altAttack=0 victim=human friend=1 -> BYPASS
[PSW] t=43.21 dir=AttackUp strike=Thrust prog=0.002 flags=HitWithBackOfTheWeapon collider=1 shieldBack=0 blockedShield=0 result=None altAttack=0 victim=human friend=1 -> BYPASS
[PSW] t=43.21 dir=AttackUp strike=Thrust prog=0.002 flags=NormalHit collider=1 shieldBack=0 blockedShield=0 result=None altAttack=0 victim=human friend=1 -> BYPASS
[PSW] t=43.22 dir=AttackUp strike=Thrust prog=0.045 flags=HitWithArm, HitWithBackOfTheWeapon collider=1 shieldBack=0 blockedShield=0 result=None altAttack=0 victim=human friend=1 -> BYPASS
[PSW] t=43.22 dir=AttackUp strike=Thrust prog=0.045 flags=NormalHit collider=1 shieldBack=0 blockedShield=0 result=None altAttack=0 victim=human friend=1 -> BYPASS
[PSW] t=91.80 dir=AttackUp strike=Thrust prog=0.010 flags=HitWithArm, HitWithBackOfTheWeapon collider=1 shieldBack=0 blockedShield=0 result=None altAttack=0 victim=human friend=1 -> BYPASS
[PSW] t=91.96 dir=AttackUp strike=Thrust prog=0.522 flags=NormalHit collider=1 shieldBack=0 blockedShield=0 result=StrikeAgent altAttack=0 victim=human friend=1 -> reject:live-arc
[PSW] t=108.06 dir=AttackUp strike=Thrust prog=0.420 flags=NormalHit collider=1 shieldBack=0 blockedShield=0 result=StrikeAgent altAttack=0 victim=human friend=0 -> reject:enemy
[PSW] t=109.41 dir=AttackUp strike=Thrust prog=0.228 flags=NormalHit collider=1 shieldBack=0 blockedShield=0 result=StrikeAgent altAttack=0 victim=human friend=0 -> reject:enemy
[PSW] t=110.88 dir=AttackUp strike=Thrust prog=0.013 flags=NormalHit collider=1 shieldBack=0 blockedShield=0 result=StrikeAgent altAttack=0 victim=human friend=1 -> BYPASS
[PSW] t=112.36 dir=AttackUp strike=Thrust prog=0.015 flags=NormalHit collider=1 shieldBack=0 blockedShield=0 result=StrikeAgent altAttack=0 victim=human friend=1 -> BYPASS
[PSW] t=114.38 dir=AttackUp strike=Thrust prog=0.013 flags=NormalHit collider=1 shieldBack=0 blockedShield=0 result=StrikeAgent altAttack=0 victim=human friend=1 -> BYPASS
[PSW] t=116.82 dir=AttackUp strike=Thrust prog=0.623 flags=NormalHit collider=1 shieldBack=0 blockedShield=0 result=None altAttack=0 victim=human friend=0 -> reject:enemy
[PSW] t=116.92 dir=AttackUp strike=Thrust prog=1.000 flags=NormalHit collider=1 shieldBack=0 blockedShield=0 result=StrikeAgent altAttack=0 victim=human friend=0 -> reject:enemy
[PSW] t=119.32 dir=AttackUp strike=Thrust prog=0.217 flags=NormalHit collider=1 shieldBack=0 blockedShield=1 result=Blocked altAttack=0 victim=human friend=0 -> reject:enemy
[PSW] t=120.63 dir=AttackUp strike=Thrust prog=0.000 flags=HitWithStartOfTheAnimation collider=1 shieldBack=0 blockedShield=0 result=None altAttack=0 victim=human friend=0 -> reject:enemy
[PSW] t=120.82 dir=AttackUp strike=Thrust prog=0.013 flags=NormalHit collider=1 shieldBack=0 blockedShield=0 result=StrikeAgent altAttack=0 victim=human friend=0 -> reject:enemy
[PSW] t=122.38 dir=AttackUp strike=Thrust prog=0.322 flags=HitWithArm, HitWithBackOfTheWeapon collider=1 shieldBack=0 blockedShield=0 result=StrikeAgent altAttack=0 victim=human friend=1 -> reject:live-arc
[PSW] t=123.87 dir=AttackUp strike=Thrust prog=0.166 flags=NormalHit collider=1 shieldBack=0 blockedShield=1 result=Blocked altAttack=0 victim=human friend=0 -> reject:enemy
[PSW] t=125.32 dir=AttackUp strike=Thrust prog=0.117 flags=NormalHit collider=1 shieldBack=0 blockedShield=0 result=StrikeAgent altAttack=0 victim=human friend=0 -> reject:enemy
[PSW] t=125.37 dir=AttackUp strike=Thrust prog=0.008 flags=HitWithStartOfTheAnimation collider=1 shieldBack=0 blockedShield=0 result=StrikeAgent altAttack=0 victim=human friend=0 -> reject:enemy
[PSW] t=126.87 dir=AttackUp strike=Thrust prog=0.218 flags=NormalHit collider=1 shieldBack=0 blockedShield=1 result=Blocked altAttack=0 victim=human friend=0 -> reject:enemy
[PSW] t=128.33 dir=AttackUp strike=Thrust prog=0.065 flags=NormalHit collider=1 shieldBack=0 blockedShield=0 result=StrikeAgent altAttack=0 victim=human friend=0 -> reject:enemy
[PSW] t=128.65 dir=AttackUp strike=Thrust prog=0.868 flags=HitWithStartOfTheAnimation collider=1 shieldBack=0 blockedShield=0 result=StrikeAgent altAttack=0 victim=human friend=1 -> BYPASS
[PSW] t=133.12 dir=AttackUp strike=Thrust prog=0.013 flags=NormalHit collider=1 shieldBack=0 blockedShield=0 result=StrikeAgent altAttack=0 victim=human friend=1 -> BYPASS
[PSW] t=134.65 dir=AttackUp strike=Thrust prog=0.016 flags=NormalHit collider=1 shieldBack=0 blockedShield=0 result=StrikeAgent altAttack=0 victim=human friend=0 -> reject:enemy
[PSW] t=134.72 dir=AttackUp strike=Thrust prog=0.007 flags=HitWithStartOfTheAnimation collider=1 shieldBack=0 blockedShield=0 result=None altAttack=0 victim=human friend=0 -> reject:enemy
[PSW] t=134.77 dir=AttackUp strike=Thrust prog=0.181 flags=HitWithStartOfTheAnimation collider=1 shieldBack=0 blockedShield=0 result=StrikeAgent altAttack=0 victim=human friend=1 -> BYPASS
[PSW] t=136.28 dir=AttackUp strike=Thrust prog=0.166 flags=NormalHit collider=1 shieldBack=0 blockedShield=0 result=StrikeAgent altAttack=0 victim=human friend=0 -> reject:enemy
[PSW] t=137.74 dir=AttackUp strike=Thrust prog=0.217 flags=NormalHit collider=1 shieldBack=0 blockedShield=0 result=StrikeAgent altAttack=0 victim=human friend=0 -> reject:enemy
[PSW] t=137.76 dir=AttackUp strike=Thrust prog=0.008 flags=NormalHit collider=1 shieldBack=0 blockedShield=1 result=Blocked altAttack=0 victim=human friend=0 -> reject:enemy
[PSW] t=139.21 dir=AttackUp strike=Thrust prog=0.014 flags=NormalHit collider=1 shieldBack=0 blockedShield=0 result=StrikeAgent altAttack=0 victim=human friend=1 -> BYPASS
[PSW] t=141.77 dir=AttackUp strike=Thrust prog=0.217 flags=NormalHit collider=1 shieldBack=0 blockedShield=0 result=StrikeAgent altAttack=0 victim=human friend=0 -> reject:enemy
[PSW] t=157.47 dir=AttackUp strike=Swing prog=0.723 flags=NormalHit collider=1 shieldBack=0 blockedShield=0 result=StrikeAgent altAttack=0 victim=human friend=1 -> reject:live-arc
[PSW] t=158.41 dir=AttackUp strike=Swing prog=0.025 flags=NormalHit collider=1 shieldBack=0 blockedShield=0 result=None altAttack=0 victim=human friend=1 -> BYPASS
[PSW] t=158.54 dir=AttackUp strike=Swing prog=1.000 flags=NormalHit collider=1 shieldBack=0 blockedShield=0 result=StrikeAgent altAttack=0 victim=human friend=0 -> reject:enemy
[PSW] t=159.46 dir=AttackUp strike=Swing prog=0.025 flags=NormalHit collider=1 shieldBack=0 blockedShield=0 result=StrikeAgent altAttack=0 victim=human friend=1 -> BYPASS
[PSW] t=160.70 dir=AttackUp strike=Swing prog=1.000 flags=NormalHit collider=1 shieldBack=0 blockedShield=0 result=StrikeAgent altAttack=0 victim=human friend=0 -> reject:enemy
[PSW] t=177.64 dir=AttackUp strike=Thrust prog=0.048 flags=NormalHit collider=1 shieldBack=0 blockedShield=0 result=StrikeAgent altAttack=0 victim=human friend=1 -> BYPASS
[PSW] t=177.64 dir=AttackUp strike=Thrust prog=0.048 flags=NormalHit collider=1 shieldBack=0 blockedShield=0 result=StrikeAgent altAttack=0 victim=human friend=1 -> BYPASS
[PSW] t=178.75 dir=AttackUp strike=Thrust prog=0.048 flags=NormalHit collider=1 shieldBack=0 blockedShield=0 result=StrikeAgent altAttack=0 victim=human friend=1 -> BYPASS
[PSW] t=181.54 dir=AttackUp strike=Thrust prog=0.000 flags=HitWithStartOfTheAnimation collider=1 shieldBack=0 blockedShield=1 result=Blocked altAttack=0 victim=human friend=0 -> reject:enemy
[PSW] t=185.11 dir=AttackUp strike=Thrust prog=0.050 flags=NormalHit collider=1 shieldBack=0 blockedShield=0 result=StrikeAgent altAttack=0 victim=human friend=1 -> BYPASS
[PSW] t=190.45 dir=AttackUp strike=Swing prog=0.026 flags=HitWithArm collider=1 shieldBack=0 blockedShield=0 result=StrikeAgent altAttack=0 victim=human friend=1 -> BYPASS
[PSW] t=192.26 dir=AttackUp strike=Swing prog=0.026 flags=NormalHit collider=1 shieldBack=0 blockedShield=0 result=StrikeAgent altAttack=0 victim=human friend=1 -> BYPASS
[PSW] t=192.87 dir=AttackUp strike=Swing prog=0.026 flags=NormalHit collider=1 shieldBack=0 blockedShield=0 result=StrikeAgent altAttack=0 victim=human friend=1 -> BYPASS
[PSW] t=192.87 dir=AttackUp strike=Swing prog=0.026 flags=NormalHit collider=1 shieldBack=0 blockedShield=0 result=None altAttack=0 victim=human friend=1 -> BYPASS
[PSW] t=194.95 dir=AttackLeft strike=Swing prog=0.202 flags=NormalHit collider=1 shieldBack=0 blockedShield=0 result=StrikeAgent altAttack=0 victim=human friend=0 -> reject:enemy
[PSW] t=195.66 dir=AttackUp strike=Swing prog=0.324 flags=NormalHit collider=1 shieldBack=0 blockedShield=0 result=StrikeAgent altAttack=0 victim=human friend=1 -> reject:live-arc
[PSW] t=196.59 dir=AttackUp strike=Swing prog=0.026 flags=NormalHit collider=1 shieldBack=0 blockedShield=0 result=StrikeAgent altAttack=0 victim=human friend=1 -> BYPASS
[PSW] t=196.59 dir=AttackUp strike=Swing prog=0.026 flags=NormalHit collider=1 shieldBack=0 blockedShield=0 result=StrikeAgent altAttack=0 victim=human friend=1 -> BYPASS
[PSW] t=200.15 dir=AttackUp strike=Thrust prog=0.610 flags=NormalHit collider=1 shieldBack=0 blockedShield=0 result=StrikeAgent altAttack=0 victim=human friend=0 -> reject:enemy
[PSW] t=202.62 dir=AttackDown strike=Thrust prog=0.057 flags=NormalHit collider=1 shieldBack=0 blockedShield=0 result=StrikeAgent altAttack=0 victim=human friend=0 -> reject:enemy
[PSW] t=217.06 dir=AttackLeft strike=Swing prog=0.084 flags=NormalHit collider=1 shieldBack=0 blockedShield=0 result=StrikeAgent altAttack=0 victim=human friend=1 -> BYPASS
[PSW] t=221.36 dir=AttackRight strike=Swing prog=0.006 flags=NormalHit collider=1 shieldBack=0 blockedShield=0 result=StrikeAgent altAttack=0 victim=human friend=1 -> BYPASS
[PSW] t=229.77 dir=AttackRight strike=Swing prog=0.000 flags=HitWithStartOfTheAnimation, HitWithArm collider=1 shieldBack=0 blockedShield=1 result=Blocked altAttack=0 victim=human friend=0 -> reject:enemy
[PSW] t=232.77 dir=AttackDown strike=Thrust prog=0.000 flags=HitWithStartOfTheAnimation collider=1 shieldBack=0 blockedShield=1 result=Parried altAttack=0 victim=human friend=0 -> reject:enemy
[PSW] t=236.64 dir=AttackUp strike=Thrust prog=0.273 flags=NormalHit collider=1 shieldBack=0 blockedShield=0 result=StrikeAgent altAttack=0 victim=human friend=0 -> reject:enemy
[PSW] t=237.69 dir=AttackUp strike=Thrust prog=0.328 flags=NormalHit collider=1 shieldBack=0 blockedShield=0 result=StrikeAgent altAttack=0 victim=human friend=0 -> reject:enemy
[PSW] t=243.68 dir=AttackLeft strike=Swing prog=0.000 flags=HitWithStartOfTheAnimation, HitWithArm collider=1 shieldBack=0 blockedShield=1 result=Blocked altAttack=0 victim=human friend=0 -> reject:enemy
[PSW] t=250.80 dir=AttackUp strike=Swing prog=0.036 flags=NormalHit collider=1 shieldBack=0 blockedShield=0 result=StrikeAgent altAttack=0 victim=human friend=1 -> BYPASS
[PSW] t=251.25 dir=AttackUp strike=Swing prog=0.960 flags=NormalHit collider=1 shieldBack=0 blockedShield=1 result=Blocked altAttack=0 victim=human friend=0 -> reject:enemy
[PSW] t=253.06 dir=AttackUp strike=Swing prog=0.976 flags=NormalHit collider=1 shieldBack=0 blockedShield=0 result=StrikeAgent altAttack=0 victim=human friend=0 -> reject:enemy
[PSW] t=254.58 dir=AttackUp strike=Thrust prog=0.049 flags=NormalHit collider=1 shieldBack=0 blockedShield=0 result=StrikeAgent altAttack=0 victim=human friend=0 -> reject:enemy
[PSW] t=255.87 dir=AttackUp strike=Thrust prog=0.216 flags=NormalHit collider=1 shieldBack=0 blockedShield=0 result=StrikeAgent altAttack=0 victim=human friend=1 -> BYPASS
[PSW] t=256.38 dir=AttackDown strike=Thrust prog=0.056 flags=NormalHit collider=1 shieldBack=0 blockedShield=0 result=StrikeAgent altAttack=0 victim=human friend=1 -> BYPASS
[PSW] t=258.72 dir=AttackUp strike=Swing prog=0.037 flags=NormalHit collider=1 shieldBack=0 blockedShield=0 result=StrikeAgent altAttack=0 victim=human friend=1 -> BYPASS
[PSW] t=259.19 dir=AttackUp strike=Swing prog=1.000 flags=NormalHit collider=1 shieldBack=0 blockedShield=0 result=StrikeAgent altAttack=0 victim=human friend=0 -> reject:enemy
[PSW] t=283.90 dir=AttackRight strike=Swing prog=0.285 flags=NormalHit collider=1 shieldBack=0 blockedShield=0 result=StrikeAgent altAttack=0 victim=human friend=0 -> reject:enemy
[PSW] ==== mission report ====
[PSW]  config: enabled=1 windup=1 cramped=1 blockPass=1 threshold=0.25 crowdedDur=2.0
[PSW]  windup transparency : 13586 friendly hits made transparent
[PSW]      rejected live-arc             x5112
[PSW]  friendly blocks     : 4226 neutralised (ally shield no longer halts the swing)
[PSW]  cramped gating (AI) : 693 swings remapped across 315 agents (8247 input ticks)
[PSW] ========================
[PSW] ---- mission start ----
[PSW] t=180.34 dir=AttackUp strike=Thrust prog=0.217 flags=NormalHit collider=1 shieldBack=0 blockedShield=0 result=None altAttack=0 victim=human friend=1 -> BYPASS
[PSW] t=180.43 dir=AttackUp strike=Thrust prog=0.520 flags=NormalHit collider=1 shieldBack=0 blockedShield=0 result=StrikeAgent altAttack=0 victim=human friend=1 -> reject:live-arc
[PSW] t=181.81 dir=AttackUp strike=Thrust prog=0.522 flags=NormalHit collider=1 shieldBack=0 blockedShield=0 result=StrikeAgent altAttack=0 victim=human friend=0 -> reject:enemy
[PSW] t=182.35 dir=AttackUp strike=Thrust prog=0.000 flags=NormalHit collider=1 shieldBack=0 blockedShield=0 result=StrikeAgent altAttack=0 victim=human friend=1 -> BYPASS
[PSW] t=183.76 dir=AttackUp strike=Thrust prog=0.000 flags=NormalHit collider=1 shieldBack=0 blockedShield=0 result=StrikeAgent altAttack=0 victim=human friend=1 -> BYPASS
[PSW] t=186.16 dir=AttackUp strike=Thrust prog=0.564 flags=NormalHit collider=1 shieldBack=0 blockedShield=0 result=StrikeAgent altAttack=0 victim=human friend=0 -> reject:enemy
[PSW] t=186.72 dir=AttackDown strike=Thrust prog=0.026 flags=NormalHit collider=1 shieldBack=0 blockedShield=0 result=StrikeAgent altAttack=0 victim=human friend=1 -> BYPASS
[PSW] t=187.64 dir=AttackUp strike=Thrust prog=0.565 flags=NormalHit collider=1 shieldBack=0 blockedShield=1 result=Blocked altAttack=0 victim=human friend=1 -> reject:live-arc
[PSW] t=189.95 dir=AttackUp strike=Thrust prog=0.779 flags=NormalHit collider=1 shieldBack=0 blockedShield=0 result=StrikeAgent altAttack=0 victim=human friend=0 -> reject:enemy
[PSW] t=189.96 dir=AttackUp strike=Thrust prog=0.428 flags=HitWithStartOfTheAnimation collider=1 shieldBack=0 blockedShield=0 result=StrikeAgent altAttack=0 victim=human friend=1 -> BYPASS
[PSW] t=194.00 dir=AttackDown strike=Thrust prog=0.026 flags=NormalHit collider=1 shieldBack=0 blockedShield=0 result=StrikeAgent altAttack=0 victim=human friend=1 -> BYPASS
[PSW] t=207.76 dir=AttackRight strike=Swing prog=0.349 flags=NormalHit collider=1 shieldBack=0 blockedShield=1 result=Blocked altAttack=0 victim=human friend=0 -> reject:enemy
[PSW] t=209.07 dir=AttackUp strike=Thrust prog=0.346 flags=NormalHit collider=1 shieldBack=0 blockedShield=0 result=StrikeAgent altAttack=0 victim=human friend=0 -> reject:enemy
[PSW] t=215.35 dir=AttackUp strike=Thrust prog=0.563 flags=NormalHit collider=1 shieldBack=0 blockedShield=0 result=StrikeAgent altAttack=0 victim=human friend=0 -> reject:enemy
[PSW] t=216.17 dir=AttackUp strike=Thrust prog=0.995 flags=NormalHit collider=1 shieldBack=0 blockedShield=0 result=StrikeAgent altAttack=0 victim=human friend=0 -> reject:enemy
[PSW] t=217.17 dir=AttackUp strike=Thrust prog=0.519 flags=NormalHit collider=1 shieldBack=0 blockedShield=0 result=StrikeAgent altAttack=0 victim=human friend=0 -> reject:enemy
[PSW] t=217.86 dir=AttackUp strike=Thrust prog=0.519 flags=NormalHit collider=1 shieldBack=0 blockedShield=0 result=StrikeAgent altAttack=0 victim=human friend=0 -> reject:enemy
[PSW] t=218.57 dir=AttackUp strike=Thrust prog=0.564 flags=NormalHit collider=1 shieldBack=0 blockedShield=0 result=StrikeAgent altAttack=0 victim=human friend=0 -> reject:enemy
[PSW] t=219.15 dir=AttackDown strike=Thrust prog=0.026 flags=NormalHit collider=1 shieldBack=0 blockedShield=1 result=Parried altAttack=0 victim=human friend=0 -> reject:enemy
[PSW] t=223.06 dir=AttackUp strike=Thrust prog=0.519 flags=NormalHit collider=1 shieldBack=0 blockedShield=0 result=None altAttack=0 victim=human friend=0 -> reject:enemy
[PSW] t=223.06 dir=AttackUp strike=Thrust prog=0.519 flags=NormalHit collider=1 shieldBack=0 blockedShield=0 result=StrikeAgent altAttack=0 victim=human friend=0 -> reject:enemy
[PSW] t=224.90 dir=AttackUp strike=Thrust prog=0.563 flags=NormalHit collider=1 shieldBack=0 blockedShield=1 result=Blocked altAttack=0 victim=human friend=0 -> reject:enemy
[PSW] t=235.33 dir=AttackRight strike=Swing prog=0.532 flags=NormalHit collider=1 shieldBack=0 blockedShield=0 result=StrikeAgent altAttack=0 victim=human friend=0 -> reject:enemy
[PSW] t=236.18 dir=AttackRight strike=Swing prog=0.385 flags=NormalHit collider=1 shieldBack=0 blockedShield=1 result=Blocked altAttack=0 victim=human friend=0 -> reject:enemy
[PSW] t=252.23 dir=AttackRight strike=Swing prog=0.415 flags=NormalHit collider=1 shieldBack=0 blockedShield=0 result=StrikeAgent altAttack=0 victim=human friend=0 -> reject:enemy
[PSW] t=257.31 dir=AttackDown strike=Thrust prog=0.500 flags=NormalHit collider=1 shieldBack=0 blockedShield=1 result=Blocked altAttack=1 victim=human friend=0 -> reject:enemy
[PSW] t=263.13 dir=AttackUp strike=Thrust prog=0.607 flags=NormalHit collider=1 shieldBack=0 blockedShield=0 result=StrikeAgent altAttack=0 victim=human friend=0 -> reject:enemy
[PSW] t=264.85 dir=AttackDown strike=Thrust prog=0.000 flags=HitWithStartOfTheAnimation collider=1 shieldBack=0 blockedShield=0 result=StrikeAgent altAttack=0 victim=human friend=1 -> BYPASS
[PSW] t=286.20 dir=AttackUp strike=Swing prog=0.100 flags=NormalHit collider=1 shieldBack=0 blockedShield=0 result=StrikeAgent altAttack=0 victim=human friend=1 -> BYPASS
[PSW] t=286.43 dir=AttackUp strike=Swing prog=0.400 flags=NormalHit collider=1 shieldBack=0 blockedShield=0 result=None altAttack=0 victim=human friend=1 -> reject:live-arc
[PSW] t=289.84 dir=AttackUp strike=Thrust prog=0.683 flags=NormalHit collider=1 shieldBack=0 blockedShield=0 result=StrikeAgent altAttack=0 victim=human friend=1 -> reject:live-arc
[PSW] t=294.53 dir=AttackUp strike=Swing prog=0.000 flags=HitWithStartOfTheAnimation collider=1 shieldBack=0 blockedShield=0 result=ChamberBlocked altAttack=0 victim=human friend=0 -> reject:enemy
[PSW] t=298.07 dir=AttackDown strike=Thrust prog=0.057 flags=NormalHit collider=1 shieldBack=0 blockedShield=0 result=StrikeAgent altAttack=0 victim=human friend=0 -> reject:enemy
[PSW] ==== mission report ====
[PSW]  config: enabled=1 windup=1 cramped=1 blockPass=1 threshold=0.25 crowdedDur=2.0
[PSW]  windup transparency : 13869 friendly hits made transparent
[PSW]      rejected live-arc             x5763
[PSW]  friendly blocks     : 4325 neutralised (ally shield no longer halts the swing)
[PSW]  cramped gating (AI) : 696 swings remapped across 345 agents (6833 input ticks)
[PSW] ========================
[PSW] ---- mission start ----
[PSW] t=161.40 dir=AttackUp strike=Thrust prog=0.519 flags=NormalHit collider=1 shieldBack=0 blockedShield=0 result=StrikeAgent altAttack=0 victim=human friend=0 -> reject:enemy
[PSW] t=195.44 dir=AttackUp strike=Thrust prog=0.000 flags=HitWithArm, HitWithBackOfTheWeapon collider=1 shieldBack=0 blockedShield=0 result=None altAttack=0 victim=human friend=1 -> BYPASS
[PSW] t=195.44 dir=AttackUp strike=Thrust prog=0.000 flags=NormalHit collider=1 shieldBack=0 blockedShield=0 result=None altAttack=0 victim=human friend=1 -> BYPASS
[PSW] t=195.45 dir=AttackUp strike=Thrust prog=0.043 flags=HitWithArm, HitWithBackOfTheWeapon collider=1 shieldBack=0 blockedShield=0 result=None altAttack=0 victim=human friend=1 -> BYPASS
[PSW] t=195.45 dir=AttackUp strike=Thrust prog=0.043 flags=NormalHit collider=1 shieldBack=0 blockedShield=0 result=None altAttack=0 victim=human friend=1 -> BYPASS
[PSW] t=195.46 dir=AttackUp strike=Thrust prog=0.087 flags=HitWithArm, HitWithBackOfTheWeapon collider=1 shieldBack=0 blockedShield=0 result=None altAttack=0 victim=human friend=1 -> BYPASS
[PSW] t=195.46 dir=AttackUp strike=Thrust prog=0.087 flags=NormalHit collider=1 shieldBack=0 blockedShield=0 result=None altAttack=0 victim=human friend=1 -> BYPASS
[PSW] t=195.47 dir=AttackUp strike=Thrust prog=0.130 flags=HitWithArm, HitWithBackOfTheWeapon collider=1 shieldBack=0 blockedShield=0 result=None altAttack=0 victim=human friend=1 -> BYPASS
[PSW] t=195.47 dir=AttackUp strike=Thrust prog=0.130 flags=NormalHit collider=1 shieldBack=0 blockedShield=0 result=None altAttack=0 victim=human friend=1 -> BYPASS
[PSW] t=195.49 dir=AttackUp strike=Thrust prog=0.173 flags=HitWithArm, HitWithBackOfTheWeapon collider=1 shieldBack=0 blockedShield=0 result=None altAttack=0 victim=human friend=1 -> BYPASS
[PSW] t=195.49 dir=AttackUp strike=Thrust prog=0.173 flags=NormalHit collider=1 shieldBack=0 blockedShield=0 result=None altAttack=0 victim=human friend=1 -> BYPASS
[PSW] t=195.60 dir=AttackUp strike=Thrust prog=0.563 flags=NormalHit collider=1 shieldBack=0 blockedShield=0 result=StrikeAgent altAttack=0 victim=human friend=0 -> reject:enemy
[PSW] t=196.75 dir=AttackDown strike=Thrust prog=0.026 flags=NormalHit collider=1 shieldBack=0 blockedShield=0 result=StrikeAgent altAttack=0 victim=human friend=1 -> BYPASS
[PSW] t=196.75 dir=AttackDown strike=Thrust prog=0.026 flags=NormalHit collider=1 shieldBack=0 blockedShield=0 result=StrikeAgent altAttack=0 victim=human friend=1 -> BYPASS
[PSW] t=213.97 dir=AttackDown strike=Thrust prog=0.026 flags=NormalHit collider=1 shieldBack=0 blockedShield=0 result=StrikeAgent altAttack=0 victim=human friend=1 -> BYPASS
[PSW] t=219.39 dir=AttackUp strike=Thrust prog=0.000 flags=NormalHit collider=1 shieldBack=0 blockedShield=0 result=StrikeAgent altAttack=0 victim=human friend=1 -> BYPASS
[PSW] t=220.66 dir=AttackDown strike=Thrust prog=0.026 flags=HitWithBackOfTheWeapon collider=1 shieldBack=0 blockedShield=0 result=None altAttack=0 victim=human friend=1 -> BYPASS
[PSW] t=220.66 dir=AttackDown strike=Thrust prog=0.026 flags=NormalHit collider=1 shieldBack=0 blockedShield=0 result=StrikeAgent altAttack=0 victim=human friend=1 -> BYPASS
[PSW] t=220.66 dir=AttackDown strike=Thrust prog=0.026 flags=NormalHit collider=1 shieldBack=0 blockedShield=0 result=StrikeAgent altAttack=0 victim=human friend=1 -> BYPASS
[PSW] t=223.18 dir=AttackUp strike=Thrust prog=0.000 flags=NormalHit collider=1 shieldBack=0 blockedShield=1 result=Blocked altAttack=0 victim=human friend=1 -> BYPASS
[PSW] t=223.90 dir=AttackUp strike=Thrust prog=0.000 flags=NormalHit collider=1 shieldBack=0 blockedShield=0 result=StrikeAgent altAttack=0 victim=human friend=1 -> BYPASS
[PSW] t=225.77 dir=AttackUp strike=Thrust prog=0.043 flags=NormalHit collider=1 shieldBack=0 blockedShield=0 result=None altAttack=0 victim=human friend=1 -> BYPASS
[PSW] t=225.90 dir=AttackUp strike=Thrust prog=0.520 flags=NormalHit collider=1 shieldBack=0 blockedShield=0 result=None altAttack=0 victim=human friend=0 -> reject:enemy
[PSW] t=225.90 dir=AttackUp strike=Thrust prog=0.520 flags=NormalHit collider=1 shieldBack=0 blockedShield=0 result=StrikeAgent altAttack=0 victim=human friend=0 -> reject:enemy
[PSW] t=225.96 dir=AttackUp strike=Thrust prog=0.326 flags=HitWithStartOfTheAnimation collider=1 shieldBack=0 blockedShield=0 result=StrikeAgent altAttack=0 victim=human friend=1 -> BYPASS
[PSW] t=231.13 dir=AttackUp strike=Thrust prog=0.000 flags=NormalHit collider=1 shieldBack=0 blockedShield=0 result=StrikeAgent altAttack=0 victim=human friend=1 -> BYPASS
[PSW] t=232.31 dir=AttackUp strike=Thrust prog=0.003 flags=NormalHit collider=1 shieldBack=0 blockedShield=0 result=StrikeAgent altAttack=0 victim=human friend=1 -> BYPASS
[PSW] t=234.57 dir=AttackDown strike=Thrust prog=0.074 flags=NormalHit collider=1 shieldBack=0 blockedShield=0 result=StrikeAgent altAttack=0 victim=human friend=1 -> BYPASS
[PSW] t=236.67 dir=AttackDown strike=Thrust prog=0.026 flags=HitWithBackOfTheWeapon collider=1 shieldBack=0 blockedShield=0 result=None altAttack=0 victim=human friend=1 -> BYPASS
[PSW] t=236.67 dir=AttackDown strike=Thrust prog=0.026 flags=NormalHit collider=1 shieldBack=0 blockedShield=0 result=StrikeAgent altAttack=0 victim=human friend=1 -> BYPASS
[PSW] t=245.16 dir=AttackUp strike=Thrust prog=0.563 flags=NormalHit collider=1 shieldBack=0 blockedShield=0 result=StrikeAgent altAttack=0 victim=human friend=0 -> reject:enemy
[PSW] t=247.11 dir=AttackUp strike=Thrust prog=0.613 flags=NormalHit collider=1 shieldBack=0 blockedShield=1 result=Blocked altAttack=0 victim=human friend=1 -> reject:live-arc
[PSW] t=254.22 dir=AttackUp strike=Thrust prog=0.146 flags=NormalHit collider=1 shieldBack=0 blockedShield=0 result=StrikeAgent altAttack=0 victim=human friend=1 -> BYPASS
[PSW] t=255.71 dir=AttackDown strike=Thrust prog=0.166 flags=HitWithArm collider=1 shieldBack=0 blockedShield=0 result=StrikeAgent altAttack=0 victim=human friend=1 -> BYPASS
[PSW] t=255.71 dir=AttackDown strike=Thrust prog=0.166 flags=NormalHit collider=1 shieldBack=0 blockedShield=0 result=StrikeAgent altAttack=0 victim=human friend=1 -> BYPASS
[PSW] t=255.71 dir=AttackDown strike=Thrust prog=0.166 flags=NormalHit collider=1 shieldBack=0 blockedShield=0 result=StrikeAgent altAttack=0 victim=human friend=1 -> BYPASS
[PSW] t=256.62 dir=AttackUp strike=Thrust prog=0.093 flags=NormalHit collider=1 shieldBack=0 blockedShield=0 result=StrikeAgent altAttack=0 victim=human friend=1 -> BYPASS
[PSW] t=256.62 dir=AttackUp strike=Thrust prog=0.093 flags=NormalHit collider=1 shieldBack=0 blockedShield=0 result=StrikeAgent altAttack=0 victim=human friend=1 -> BYPASS
[PSW] t=257.74 dir=AttackDown strike=Thrust prog=0.157 flags=NormalHit collider=1 shieldBack=0 blockedShield=0 result=StrikeAgent altAttack=0 victim=human friend=0 -> reject:enemy
[PSW] t=257.84 dir=AttackDown strike=Thrust prog=0.133 flags=NormalHit collider=0 shieldBack=0 blockedShield=0 result=HitWorld altAttack=0 victim=none friend=? -> reject:world-hit
[PSW] t=262.01 dir=AttackUp strike=Thrust prog=0.472 flags=NormalHit collider=1 shieldBack=0 blockedShield=0 result=StrikeAgent altAttack=0 victim=human friend=0 -> reject:enemy
[PSW] t=262.14 dir=AttackUp strike=Thrust prog=0.442 flags=HitWithStartOfTheAnimation collider=1 shieldBack=0 blockedShield=1 result=Blocked altAttack=0 victim=human friend=1 -> BYPASS
[PSW] t=264.55 dir=AttackUp strike=Thrust prog=0.089 flags=HitWithArm collider=1 shieldBack=0 blockedShield=0 result=StrikeAgent altAttack=0 victim=human friend=1 -> BYPASS
[PSW] t=267.21 dir=AttackUp strike=Thrust prog=0.098 flags=NormalHit collider=1 shieldBack=0 blockedShield=0 result=None altAttack=0 victim=human friend=1 -> BYPASS
[PSW] t=267.21 dir=AttackUp strike=Thrust prog=0.098 flags=NormalHit collider=1 shieldBack=0 blockedShield=0 result=StrikeAgent altAttack=0 victim=human friend=1 -> BYPASS
[PSW] t=269.70 dir=AttackUp strike=Thrust prog=0.772 flags=NormalHit collider=1 shieldBack=0 blockedShield=0 result=StrikeAgent altAttack=0 victim=human friend=0 -> reject:enemy
[PSW] t=270.88 dir=AttackDown strike=Thrust prog=0.029 flags=NormalHit collider=1 shieldBack=0 blockedShield=0 result=StrikeAgent altAttack=0 victim=human friend=1 -> BYPASS
[PSW] t=271.82 dir=AttackDown strike=Thrust prog=0.026 flags=HitWithBackOfTheWeapon collider=1 shieldBack=0 blockedShield=0 result=None altAttack=0 victim=human friend=1 -> BYPASS
[PSW] t=271.92 dir=AttackDown strike=Thrust prog=0.401 flags=NormalHit collider=1 shieldBack=0 blockedShield=0 result=StrikeAgent altAttack=0 victim=human friend=0 -> reject:enemy
[PSW] t=275.67 dir=AttackUp strike=Swing prog=0.265 flags=NormalHit collider=1 shieldBack=0 blockedShield=0 result=StrikeAgent altAttack=0 victim=human friend=1 -> reject:live-arc
[PSW] t=276.83 dir=AttackUp strike=Swing prog=0.102 flags=NormalHit collider=1 shieldBack=0 blockedShield=0 result=StrikeAgent altAttack=0 victim=human friend=1 -> BYPASS
[PSW] t=279.96 dir=AttackUp strike=Thrust prog=0.563 flags=NormalHit collider=1 shieldBack=0 blockedShield=0 result=StrikeAgent altAttack=0 victim=human friend=0 -> reject:enemy
[PSW] t=281.08 dir=AttackDown strike=Thrust prog=0.026 flags=NormalHit collider=1 shieldBack=0 blockedShield=0 result=StrikeAgent altAttack=0 victim=human friend=1 -> BYPASS
[PSW] t=281.08 dir=AttackDown strike=Thrust prog=0.026 flags=NormalHit collider=1 shieldBack=0 blockedShield=0 result=StrikeAgent altAttack=0 victim=human friend=1 -> BYPASS
[PSW] t=281.73 dir=AttackUp strike=Thrust prog=0.260 flags=NormalHit collider=1 shieldBack=0 blockedShield=0 result=StrikeAgent altAttack=0 victim=human friend=1 -> reject:live-arc
[PSW] t=283.94 dir=AttackDown strike=Thrust prog=0.129 flags=NormalHit collider=1 shieldBack=0 blockedShield=0 result=StrikeAgent altAttack=0 victim=human friend=1 -> BYPASS
[PSW] t=285.52 dir=AttackDown strike=Thrust prog=0.054 flags=NormalHit collider=1 shieldBack=0 blockedShield=0 result=StrikeAgent altAttack=0 victim=human friend=1 -> BYPASS
[PSW] t=288.26 dir=AttackUp strike=Thrust prog=0.585 flags=NormalHit collider=1 shieldBack=0 blockedShield=0 result=StrikeAgent altAttack=0 victim=human friend=0 -> reject:enemy
[PSW] t=288.29 dir=AttackUp strike=Thrust prog=0.345 flags=HitWithStartOfTheAnimation collider=1 shieldBack=0 blockedShield=0 result=StrikeAgent altAttack=0 victim=human friend=1 -> BYPASS
[PSW] t=291.07 dir=AttackUp strike=Thrust prog=0.060 flags=NormalHit collider=1 shieldBack=0 blockedShield=0 result=StrikeAgent altAttack=0 victim=human friend=1 -> BYPASS
[PSW] t=291.80 dir=AttackDown strike=Thrust prog=0.044 flags=NormalHit collider=1 shieldBack=0 blockedShield=0 result=StrikeAgent altAttack=0 victim=human friend=1 -> BYPASS
[PSW] t=294.47 dir=AttackDown strike=Thrust prog=0.181 flags=NormalHit collider=1 shieldBack=0 blockedShield=0 result=StrikeAgent altAttack=0 victim=human friend=1 -> BYPASS
[PSW] t=296.48 dir=AttackUp strike=Thrust prog=0.581 flags=NormalHit collider=1 shieldBack=0 blockedShield=0 result=StrikeAgent altAttack=0 victim=human friend=1 -> reject:live-arc
[PSW] t=297.74 dir=AttackDown strike=Thrust prog=0.000 flags=HitWithStartOfTheAnimation collider=1 shieldBack=0 blockedShield=1 result=Parried altAttack=0 victim=human friend=0 -> reject:enemy
[PSW] t=300.74 dir=AttackUp strike=Swing prog=1.000 flags=HitWithArm collider=1 shieldBack=0 blockedShield=0 result=StrikeAgent altAttack=0 victim=human friend=0 -> reject:enemy
[PSW] t=301.75 dir=AttackUp strike=Swing prog=0.979 flags=NormalHit collider=1 shieldBack=0 blockedShield=0 result=StrikeAgent altAttack=0 victim=human friend=1 -> reject:live-arc
[PSW] t=302.70 dir=AttackUp strike=Swing prog=0.163 flags=NormalHit collider=1 shieldBack=0 blockedShield=0 result=StrikeAgent altAttack=0 victim=human friend=1 -> BYPASS
[PSW] t=304.15 dir=AttackUp strike=Swing prog=0.207 flags=NormalHit collider=1 shieldBack=0 blockedShield=0 result=StrikeAgent altAttack=0 victim=human friend=1 -> BYPASS
[PSW] t=315.49 dir=AttackDown strike=Thrust prog=0.035 flags=NormalHit collider=1 shieldBack=0 blockedShield=0 result=StrikeAgent altAttack=0 victim=human friend=1 -> BYPASS
[PSW] t=315.49 dir=AttackDown strike=Thrust prog=0.035 flags=NormalHit collider=1 shieldBack=0 blockedShield=0 result=StrikeAgent altAttack=0 victim=human friend=0 -> reject:enemy
[PSW] t=316.18 dir=AttackDown strike=Thrust prog=0.503 flags=HitWithStartOfTheAnimation collider=1 shieldBack=0 blockedShield=0 result=StrikeAgent altAttack=0 victim=human friend=0 -> reject:enemy
[PSW] t=317.65 dir=AttackUp strike=Thrust prog=0.423 flags=NormalHit collider=1 shieldBack=0 blockedShield=0 result=StrikeAgent altAttack=0 victim=human friend=0 -> reject:enemy
[PSW] t=321.52 dir=AttackUp strike=Thrust prog=0.010 flags=NormalHit collider=1 shieldBack=0 blockedShield=0 result=StrikeAgent altAttack=0 victim=human friend=1 -> BYPASS
[PSW] t=324.61 dir=AttackDown strike=Thrust prog=0.094 flags=NormalHit collider=1 shieldBack=0 blockedShield=0 result=StrikeAgent altAttack=0 victim=human friend=0 -> reject:enemy
[PSW] t=325.99 dir=AttackDown strike=Thrust prog=0.034 flags=NormalHit collider=1 shieldBack=0 blockedShield=0 result=StrikeAgent altAttack=0 victim=human friend=1 -> BYPASS
[PSW] t=327.43 dir=AttackUp strike=Swing prog=0.221 flags=NormalHit collider=1 shieldBack=0 blockedShield=0 result=StrikeAgent altAttack=0 victim=human friend=0 -> reject:enemy
[PSW] t=329.83 dir=AttackUp strike=Swing prog=0.849 flags=NormalHit collider=1 shieldBack=0 blockedShield=0 result=StrikeAgent altAttack=0 victim=human friend=1 -> reject:live-arc
[PSW] ==== mission report ====
[PSW]  config: enabled=1 windup=1 cramped=1 blockPass=1 threshold=0.25 crowdedDur=2.0 rotate=1 rotInterval=0.5
[PSW]  windup transparency : 8451 friendly hits made transparent
[PSW]      rejected live-arc             x3791
[PSW]  friendly blocks     : 2186 neutralised (ally shield no longer halts the swing)
[PSW]  cramped gating (AI) : 512 swings remapped across 279 agents (4454 input ticks)
[PSW]  shield rotation     : 379 swaps across 1766 formation-sweeps (1190 shieldless front-rankers seen, 0 skipped as detached)
[PSW] ========================
[PSW] ---- mission start ----
[PSW] t=107.49 dir=AttackDown strike=Thrust prog=0.073 flags=NormalHit collider=1 shieldBack=0 blockedShield=0 result=StrikeAgent altAttack=0 victim=human friend=1 -> BYPASS
[PSW] t=112.38 dir=AttackDown strike=Thrust prog=0.157 flags=NormalHit collider=1 shieldBack=0 blockedShield=0 result=StrikeAgent altAttack=0 victim=human friend=1 -> BYPASS
[PSW] t=112.38 dir=AttackDown strike=Thrust prog=0.157 flags=NormalHit collider=1 shieldBack=0 blockedShield=0 result=StrikeAgent altAttack=0 victim=human friend=1 -> BYPASS
[PSW] t=112.38 dir=AttackDown strike=Thrust prog=0.157 flags=NormalHit collider=1 shieldBack=0 blockedShield=0 result=StrikeAgent altAttack=0 victim=human friend=1 -> BYPASS
[PSW] t=113.58 dir=AttackDown strike=Thrust prog=0.157 flags=NormalHit collider=1 shieldBack=0 blockedShield=1 result=Parried altAttack=0 victim=human friend=0 -> reject:enemy
[PSW] t=116.33 dir=AttackUp strike=Thrust prog=0.509 flags=NormalHit collider=1 shieldBack=0 blockedShield=0 result=StrikeAgent altAttack=0 victim=human friend=0 -> reject:enemy
[PSW] t=122.03 dir=AttackUp strike=Thrust prog=0.509 flags=NormalHit collider=1 shieldBack=0 blockedShield=0 result=None altAttack=0 victim=human friend=0 -> reject:enemy
[PSW] t=122.08 dir=AttackUp strike=Thrust prog=0.680 flags=NormalHit collider=1 shieldBack=0 blockedShield=0 result=StrikeAgent altAttack=0 victim=human friend=0 -> reject:enemy
[PSW] t=129.57 dir=AttackRight strike=Swing prog=0.101 flags=NormalHit collider=1 shieldBack=0 blockedShield=0 result=StrikeAgent altAttack=0 victim=human friend=1 -> BYPASS
[PSW] t=130.87 dir=AttackUp strike=Swing prog=0.036 flags=NormalHit collider=1 shieldBack=0 blockedShield=0 result=StrikeAgent altAttack=0 victim=human friend=1 -> BYPASS
[PSW] t=132.36 dir=AttackUp strike=Swing prog=0.299 flags=NormalHit collider=1 shieldBack=0 blockedShield=0 result=StrikeAgent altAttack=0 victim=human friend=1 -> reject:live-arc
[PSW] t=133.51 dir=AttackUp strike=Swing prog=0.224 flags=NormalHit collider=1 shieldBack=0 blockedShield=0 result=StrikeAgent altAttack=0 victim=human friend=1 -> BYPASS
[PSW] t=137.92 dir=AttackUp strike=Thrust prog=0.428 flags=NormalHit collider=1 shieldBack=0 blockedShield=0 result=None altAttack=0 victim=human friend=1 -> reject:live-arc
[PSW] t=137.97 dir=AttackUp strike=Thrust prog=0.599 flags=NormalHit collider=1 shieldBack=0 blockedShield=0 result=StrikeAgent altAttack=0 victim=human friend=0 -> reject:enemy
[PSW] t=139.78 dir=AttackDown strike=Thrust prog=0.157 flags=NormalHit collider=1 shieldBack=0 blockedShield=0 result=StrikeAgent altAttack=0 victim=human friend=1 -> BYPASS
[PSW] t=141.98 dir=AttackDown strike=Thrust prog=0.343 flags=NormalHit collider=1 shieldBack=0 blockedShield=0 result=StrikeAgent altAttack=0 victim=human friend=0 -> reject:enemy
[PSW] t=142.37 dir=AttackDown strike=Thrust prog=1.000 flags=HitWithStartOfTheAnimation collider=1 shieldBack=0 blockedShield=1 result=Parried altAttack=0 victim=human friend=0 -> reject:enemy
[PSW] t=144.68 dir=AttackDown strike=Thrust prog=0.497 flags=NormalHit collider=1 shieldBack=0 blockedShield=0 result=StrikeAgent altAttack=0 victim=human friend=0 -> reject:enemy
[PSW] t=144.91 dir=AttackDown strike=Thrust prog=0.770 flags=NormalHit collider=1 shieldBack=0 blockedShield=0 result=StrikeAgent altAttack=0 victim=human friend=1 -> reject:live-arc
[PSW] t=148.27 dir=AttackUp strike=Thrust prog=0.505 flags=NormalHit collider=1 shieldBack=0 blockedShield=0 result=StrikeAgent altAttack=0 victim=human friend=0 -> reject:enemy
[PSW] t=149.58 dir=AttackUp strike=Thrust prog=0.557 flags=NormalHit collider=1 shieldBack=0 blockedShield=0 result=None altAttack=0 victim=human friend=1 -> reject:live-arc
[PSW] t=149.58 dir=AttackUp strike=Thrust prog=0.557 flags=NormalHit collider=1 shieldBack=0 blockedShield=0 result=StrikeAgent altAttack=0 victim=human friend=0 -> reject:enemy
[PSW] t=151.54 dir=AttackUp strike=Thrust prog=0.709 flags=NormalHit collider=1 shieldBack=0 blockedShield=0 result=StrikeAgent altAttack=0 victim=human friend=0 -> reject:enemy
[PSW] t=152.88 dir=AttackUp strike=Thrust prog=0.695 flags=NormalHit collider=1 shieldBack=0 blockedShield=0 result=ChamberBlocked altAttack=0 victim=human friend=0 -> reject:enemy
[PSW] t=162.09 dir=AttackUp strike=Swing prog=0.215 flags=NormalHit collider=1 shieldBack=0 blockedShield=0 result=StrikeAgent altAttack=0 victim=human friend=1 -> BYPASS
[PSW] t=165.20 dir=AttackDown strike=Thrust prog=0.627 flags=NormalHit collider=1 shieldBack=0 blockedShield=0 result=StrikeAgent altAttack=0 victim=human friend=0 -> reject:enemy
[PSW] t=167.70 dir=AttackUp strike=Thrust prog=0.621 flags=NormalHit collider=1 shieldBack=0 blockedShield=0 result=StrikeAgent altAttack=0 victim=human friend=0 -> reject:enemy
[PSW] t=167.77 dir=AttackUp strike=Thrust prog=0.454 flags=HitWithStartOfTheAnimation collider=1 shieldBack=0 blockedShield=1 result=Blocked altAttack=0 victim=human friend=0 -> reject:enemy
[PSW] t=168.30 dir=AttackUp strike=Thrust prog=0.227 flags=NormalHit collider=1 shieldBack=0 blockedShield=0 result=None altAttack=0 victim=human friend=1 -> BYPASS
[PSW] t=171.18 dir=AttackDown strike=Thrust prog=0.170 flags=NormalHit collider=1 shieldBack=0 blockedShield=0 result=StrikeAgent altAttack=0 victim=human friend=0 -> reject:enemy
[PSW] t=171.46 dir=AttackDown strike=Thrust prog=0.588 flags=HitWithStartOfTheAnimation collider=1 shieldBack=0 blockedShield=0 result=StrikeAgent altAttack=0 victim=human friend=0 -> reject:enemy
[PSW] t=173.04 dir=AttackDown strike=Thrust prog=0.013 flags=NormalHit collider=1 shieldBack=0 blockedShield=0 result=StrikeAgent altAttack=0 victim=human friend=1 -> BYPASS
[PSW] ==== mission report ====
[PSW]  config: enabled=1 windup=1 cramped=1 blockPass=1 threshold=0.25 crowdedDur=2.0 rotate=1 rotInterval=0.5
[PSW]  windup transparency : 5452 friendly hits made transparent
[PSW]      rejected live-arc             x3073
[PSW]  friendly blocks     : 1449 neutralised (ally shield no longer halts the swing)
[PSW]  cramped gating (AI) : 305 swings remapped across 208 agents (1413 input ticks)
[PSW]  shield rotation     : 334 swaps across 840 formation-sweeps (179 shieldless front-rankers seen, 0 skipped as detached)
[PSW] ========================
[PSW] ---- mission start ----
[PSW] t=88.18 dir=AttackUp strike=Thrust prog=0.167 flags=HitWithArm, HitWithBackOfTheWeapon collider=1 shieldBack=0 blockedShield=0 result=None altAttack=0 victim=human friend=1 -> BYPASS
[PSW] t=88.28 dir=AttackUp strike=Thrust prog=0.509 flags=NormalHit collider=1 shieldBack=0 blockedShield=0 result=StrikeAgent altAttack=0 victim=human friend=0 -> reject:enemy
[PSW] t=109.38 dir=AttackUp strike=Thrust prog=0.423 flags=NormalHit collider=1 shieldBack=0 blockedShield=0 result=StrikeAgent altAttack=0 victim=human friend=0 -> reject:enemy
[PSW] t=110.53 dir=AttackDown strike=Thrust prog=0.000 flags=HitWithStartOfTheAnimation, HitWithArm collider=1 shieldBack=0 blockedShield=1 result=Blocked altAttack=0 victim=human friend=0 -> reject:enemy
[PSW] t=136.04 dir=AttackDown strike=Thrust prog=0.500 flags=NormalHit collider=1 shieldBack=0 blockedShield=0 result=StrikeAgent altAttack=1 victim=human friend=0 -> reject:enemy
[PSW] t=156.15 dir=AttackUp strike=Swing prog=0.083 flags=NormalHit collider=1 shieldBack=0 blockedShield=0 result=StrikeAgent altAttack=0 victim=human friend=1 -> BYPASS
[PSW] t=157.90 dir=AttackUp strike=Swing prog=1.000 flags=HitWithArm, HitWithBackOfTheWeapon collider=1 shieldBack=0 blockedShield=0 result=StrikeAgent altAttack=0 victim=human friend=1 -> reject:live-arc
[PSW] t=177.87 dir=AttackUp strike=Thrust prog=0.620 flags=NormalHit collider=1 shieldBack=0 blockedShield=0 result=StrikeAgent altAttack=0 victim=human friend=1 -> reject:live-arc
[PSW] ==== mission report ====
[PSW]  config: enabled=1 windup=1 cramped=1 blockPass=1 threshold=0.25 crowdedDur=2.0 rotate=1 rotInterval=0.5
[PSW]  windup transparency : 6255 friendly hits made transparent
[PSW]      rejected live-arc             x3367
[PSW]  friendly blocks     : 1542 neutralised (ally shield no longer halts the swing)
[PSW]  cramped gating (AI) : 375 swings remapped across 220 agents (1561 input ticks)
[PSW]  shield rotation     : 0 swaps across 0 formation-sweeps (0 shieldless front-rankers seen, 0 skipped as detached)   <-- FEATURE NEVER FIRED
[PSW] ========================
[PSW] ---- mission start ----
[PSW] t=98.59 dir=AttackUp strike=Thrust prog=0.680 flags=NormalHit collider=1 shieldBack=0 blockedShield=0 result=StrikeAgent altAttack=0 victim=human friend=1 -> reject:live-arc
[PSW] t=100.44 dir=AttackDown strike=Thrust prog=0.157 flags=NormalHit collider=1 shieldBack=0 blockedShield=0 result=StrikeAgent altAttack=0 victim=human friend=1 -> BYPASS
[PSW] t=102.02 dir=AttackUp strike=Thrust prog=0.680 flags=NormalHit collider=1 shieldBack=0 blockedShield=0 result=StrikeAgent altAttack=0 victim=human friend=0 -> reject:enemy
[PSW] t=115.36 dir=AttackUp strike=Swing prog=0.025 flags=NormalHit collider=1 shieldBack=0 blockedShield=0 result=StrikeAgent altAttack=0 victim=human friend=1 -> BYPASS
[PSW] t=123.72 dir=AttackDown strike=Thrust prog=0.713 flags=NormalHit collider=1 shieldBack=0 blockedShield=0 result=StrikeAgent altAttack=0 victim=human friend=0 -> reject:enemy
[PSW] t=123.97 dir=AttackDown strike=Thrust prog=1.000 flags=HitWithStartOfTheAnimation collider=1 shieldBack=0 blockedShield=0 result=StrikeAgent altAttack=0 victim=human friend=0 -> reject:enemy
[PSW] t=139.39 dir=AttackRight strike=Swing prog=0.704 flags=NormalHit collider=1 shieldBack=0 blockedShield=1 result=Blocked altAttack=0 victim=human friend=0 -> reject:enemy
[PSW] t=149.02 dir=AttackRight strike=Swing prog=0.557 flags=HitWithArm, HitWithBackOfTheWeapon collider=1 shieldBack=0 blockedShield=1 result=Blocked altAttack=0 victim=human friend=0 -> reject:enemy
[PSW] t=155.18 dir=AttackDown strike=Thrust prog=0.500 flags=HitWithBackOfTheWeapon collider=1 shieldBack=0 blockedShield=0 result=StrikeAgent altAttack=1 victim=human friend=0 -> reject:enemy
[PSW] t=156.60 dir=AttackRight strike=Swing prog=0.000 flags=HitWithStartOfTheAnimation collider=1 shieldBack=0 blockedShield=1 result=Blocked altAttack=0 victim=human friend=0 -> reject:enemy
[PSW] t=158.14 dir=AttackUp strike=Swing prog=1.000 flags=HitWithBackOfTheWeapon collider=1 shieldBack=0 blockedShield=1 result=Blocked altAttack=0 victim=human friend=0 -> reject:enemy
[PSW] t=172.08 dir=AttackDown strike=Thrust prog=0.210 flags=NormalHit collider=1 shieldBack=0 blockedShield=0 result=StrikeAgent altAttack=0 victim=human friend=0 -> reject:enemy
[PSW] t=183.47 dir=AttackUp strike=Swing prog=0.284 flags=NormalHit collider=1 shieldBack=0 blockedShield=0 result=StrikeAgent altAttack=0 victim=human friend=0 -> reject:enemy
[PSW] t=187.32 dir=AttackLeft strike=Swing prog=0.639 flags=NormalHit collider=1 shieldBack=0 blockedShield=0 result=StrikeAgent altAttack=0 victim=human friend=0 -> reject:enemy
[PSW] t=190.38 dir=AttackLeft strike=Swing prog=0.365 flags=HitWithArm collider=1 shieldBack=0 blockedShield=1 result=Blocked altAttack=0 victim=human friend=0 -> reject:enemy
[PSW] t=191.70 dir=AttackUp strike=Swing prog=0.019 flags=NormalHit collider=1 shieldBack=0 blockedShield=0 result=StrikeAgent altAttack=0 victim=human friend=1 -> BYPASS
[PSW] t=205.04 dir=AttackLeft strike=Swing prog=0.610 flags=NormalHit collider=1 shieldBack=0 blockedShield=0 result=StrikeAgent altAttack=0 victim=human friend=0 -> reject:enemy
[PSW] t=206.61 dir=AttackRight strike=Swing prog=0.511 flags=NormalHit collider=1 shieldBack=0 blockedShield=0 result=StrikeAgent altAttack=0 victim=human friend=0 -> reject:enemy
[PSW] t=208.30 dir=AttackDown strike=Thrust prog=0.836 flags=NormalHit collider=1 shieldBack=0 blockedShield=0 result=StrikeAgent altAttack=0 victim=human friend=0 -> reject:enemy
[PSW] t=209.46 dir=AttackDown strike=Thrust prog=0.795 flags=NormalHit collider=1 shieldBack=0 blockedShield=0 result=StrikeAgent altAttack=0 victim=human friend=0 -> reject:enemy
[PSW] t=211.64 dir=AttackRight strike=Swing prog=0.583 flags=NormalHit collider=1 shieldBack=0 blockedShield=0 result=StrikeAgent altAttack=0 victim=human friend=0 -> reject:enemy
[PSW] t=212.48 dir=AttackLeft strike=Swing prog=0.422 flags=NormalHit collider=1 shieldBack=0 blockedShield=0 result=StrikeAgent altAttack=0 victim=human friend=0 -> reject:enemy
[PSW] t=216.73 dir=AttackUp strike=Swing prog=1.000 flags=NormalHit collider=1 shieldBack=0 blockedShield=0 result=StrikeAgent altAttack=0 victim=human friend=0 -> reject:enemy
[PSW] t=223.20 dir=AttackLeft strike=Swing prog=0.624 flags=NormalHit collider=1 shieldBack=0 blockedShield=0 result=StrikeAgent altAttack=0 victim=human friend=0 -> reject:enemy
[PSW] t=227.64 dir=AttackDown strike=Thrust prog=0.539 flags=NormalHit collider=1 shieldBack=0 blockedShield=0 result=StrikeAgent altAttack=0 victim=human friend=0 -> reject:enemy
[PSW] t=228.94 dir=AttackLeft strike=Swing prog=0.409 flags=HitWithBackOfTheWeapon collider=1 shieldBack=0 blockedShield=0 result=StrikeAgent altAttack=0 victim=human friend=0 -> reject:enemy
[PSW] ==== mission report ====
[PSW]  config: enabled=1 windup=1 cramped=1 blockPass=1 threshold=0.25 crowdedDur=2.0 rotate=1 rotInterval=0.5
[PSW]  windup transparency : 6254 friendly hits made transparent
[PSW]      rejected live-arc             x3773
[PSW]  friendly blocks     : 1721 neutralised (ally shield no longer halts the swing)
[PSW]  cramped gating (AI) : 363 swings remapped across 233 agents (1608 input ticks)
[PSW]  shield rotation     : 0 swaps across 0 formation-sweeps (0 shieldless front-rankers seen, 0 skipped as detached)   <-- FEATURE NEVER FIRED
[PSW] ========================
[PSW] ---- mission start ----
[PSW] t=73.04 dir=AttackDown strike=Thrust prog=0.157 flags=NormalHit collider=1 shieldBack=0 blockedShield=0 result=StrikeAgent altAttack=0 victim=human friend=1 -> BYPASS
[PSW] t=76.04 dir=AttackDown strike=Thrust prog=0.157 flags=NormalHit collider=1 shieldBack=0 blockedShield=0 result=StrikeAgent altAttack=0 victim=human friend=1 -> BYPASS
[PSW] t=78.79 dir=AttackUp strike=Thrust prog=0.680 flags=NormalHit collider=1 shieldBack=0 blockedShield=0 result=StrikeAgent altAttack=0 victim=human friend=0 -> reject:enemy
[PSW] t=79.54 dir=AttackUp strike=Thrust prog=0.680 flags=NormalHit collider=1 shieldBack=0 blockedShield=0 result=None altAttack=0 victim=human friend=0 -> reject:enemy
[PSW] t=79.54 dir=AttackUp strike=Thrust prog=0.680 flags=NormalHit collider=1 shieldBack=0 blockedShield=0 result=StrikeAgent altAttack=0 victim=human friend=0 -> reject:enemy
[PSW] t=84.49 dir=AttackDown strike=Thrust prog=0.157 flags=NormalHit collider=1 shieldBack=0 blockedShield=0 result=StrikeAgent altAttack=0 victim=human friend=1 -> BYPASS
[PSW] t=84.49 dir=AttackDown strike=Thrust prog=0.157 flags=NormalHit collider=1 shieldBack=0 blockedShield=0 result=StrikeAgent altAttack=0 victim=human friend=1 -> BYPASS
[PSW] t=86.54 dir=AttackUp strike=Thrust prog=0.680 flags=NormalHit collider=1 shieldBack=0 blockedShield=0 result=StrikeAgent altAttack=0 victim=human friend=0 -> reject:enemy
[PSW] t=88.04 dir=AttackDown strike=Thrust prog=0.157 flags=NormalHit collider=1 shieldBack=0 blockedShield=0 result=StrikeAgent altAttack=0 victim=human friend=1 -> BYPASS
[PSW] t=89.64 dir=AttackUp strike=Thrust prog=0.509 flags=NormalHit collider=1 shieldBack=0 blockedShield=0 result=StrikeAgent altAttack=0 victim=human friend=0 -> reject:enemy
[PSW] t=90.44 dir=AttackUp strike=Thrust prog=0.509 flags=NormalHit collider=1 shieldBack=0 blockedShield=0 result=StrikeAgent altAttack=0 victim=human friend=0 -> reject:enemy
[PSW] t=91.94 dir=AttackDown strike=Thrust prog=0.528 flags=NormalHit collider=1 shieldBack=0 blockedShield=0 result=StrikeAgent altAttack=0 victim=human friend=0 -> reject:enemy
[PSW] t=92.04 dir=AttackDown strike=Thrust prog=0.425 flags=HitWithStartOfTheAnimation collider=1 shieldBack=0 blockedShield=0 result=StrikeAgent altAttack=0 victim=human friend=1 -> BYPASS
[PSW] t=104.66 dir=AttackUp strike=Thrust prog=0.694 flags=NormalHit collider=1 shieldBack=0 blockedShield=0 result=StrikeAgent altAttack=0 victim=human friend=0 -> reject:enemy
[PSW] t=105.42 dir=AttackUp strike=Thrust prog=0.649 flags=NormalHit collider=1 shieldBack=0 blockedShield=1 result=Blocked altAttack=0 victim=human friend=0 -> reject:enemy
[PSW] t=108.04 dir=AttackDown strike=Thrust prog=0.641 flags=NormalHit collider=1 shieldBack=0 blockedShield=1 result=Parried altAttack=0 victim=human friend=0 -> reject:enemy
[PSW] t=134.10 dir=AttackDown strike=Thrust prog=0.086 flags=NormalHit collider=1 shieldBack=0 blockedShield=0 result=StrikeAgent altAttack=0 victim=human friend=0 -> reject:enemy
[PSW] t=135.42 dir=AttackDown strike=Thrust prog=0.000 flags=HitWithStartOfTheAnimation collider=1 shieldBack=0 blockedShield=0 result=StrikeAgent altAttack=0 victim=human friend=1 -> BYPASS
[PSW] t=137.55 dir=AttackDown strike=Thrust prog=0.500 flags=NormalHit collider=1 shieldBack=0 blockedShield=0 result=StrikeAgent altAttack=1 victim=human friend=1 -> reject:live-arc
[PSW] t=145.20 dir=AttackUp strike=Swing prog=0.241 flags=NormalHit collider=1 shieldBack=0 blockedShield=0 result=StrikeAgent altAttack=0 victim=human friend=1 -> BYPASS
[PSW] t=176.23 dir=AttackDown strike=Thrust prog=0.500 flags=NormalHit collider=1 shieldBack=0 blockedShield=1 result=Blocked altAttack=1 victim=human friend=0 -> reject:enemy
[PSW] t=178.52 dir=AttackUp strike=Thrust prog=0.042 flags=NormalHit collider=1 shieldBack=0 blockedShield=0 result=StrikeAgent altAttack=0 victim=human friend=1 -> BYPASS
[PSW] t=178.52 dir=AttackUp strike=Thrust prog=0.042 flags=NormalHit collider=1 shieldBack=0 blockedShield=0 result=StrikeAgent altAttack=0 victim=human friend=0 -> reject:enemy
[PSW] t=186.13 dir=AttackRight strike=Swing prog=0.380 flags=NormalHit collider=1 shieldBack=0 blockedShield=1 result=Blocked altAttack=0 victim=human friend=0 -> reject:enemy
[PSW] t=187.50 dir=AttackRight strike=Swing prog=0.042 flags=NormalHit collider=1 shieldBack=0 blockedShield=1 result=Blocked altAttack=0 victim=human friend=0 -> reject:enemy
[PSW] t=202.80 dir=AttackDown strike=Thrust prog=0.836 flags=NormalHit collider=1 shieldBack=0 blockedShield=1 result=Parried altAttack=0 victim=human friend=0 -> reject:enemy
[PSW] t=204.97 dir=AttackDown strike=Thrust prog=0.729 flags=NormalHit collider=1 shieldBack=0 blockedShield=1 result=Parried altAttack=0 victim=human friend=0 -> reject:enemy
[PSW] t=206.65 dir=AttackRight strike=Swing prog=0.206 flags=NormalHit collider=1 shieldBack=0 blockedShield=0 result=None altAttack=0 victim=human friend=0 -> reject:enemy
[PSW] t=206.67 dir=AttackRight strike=Swing prog=0.380 flags=NormalHit collider=1 shieldBack=0 blockedShield=0 result=StrikeAgent altAttack=0 victim=human friend=0 -> reject:enemy
[PSW] t=209.08 dir=AttackRight strike=Swing prog=0.622 flags=NormalHit collider=1 shieldBack=0 blockedShield=0 result=StrikeAgent altAttack=0 victim=human friend=0 -> reject:enemy
[PSW] t=209.78 dir=AttackDown strike=Thrust prog=0.616 flags=NormalHit collider=1 shieldBack=0 blockedShield=1 result=Parried altAttack=0 victim=human friend=0 -> reject:enemy
[PSW] ==== mission report ====
[PSW]  config: enabled=1 windup=1 cramped=1 blockPass=1 threshold=0.25 crowdedDur=2.0 rotate=1 rotInterval=0.5
[PSW]  windup transparency : 6449 friendly hits made transparent
[PSW]      rejected live-arc             x3530
[PSW]  friendly blocks     : 1625 neutralised (ally shield no longer halts the swing)
[PSW]  cramped gating (AI) : 358 swings remapped across 217 agents (1605 input ticks)
[PSW]  shield rotation     : 0 swaps across 0 formation-sweeps (0 shieldless front-rankers seen, 0 skipped as detached)   <-- FEATURE NEVER FIRED
[PSW] ========================
[PSW] ---- mission start ----
[PSW] t=78.97 dir=AttackDown strike=Thrust prog=0.528 flags=NormalHit collider=1 shieldBack=0 blockedShield=0 result=StrikeAgent altAttack=0 victim=human friend=1 -> reject:live-arc
[PSW] t=84.93 dir=AttackUp strike=Thrust prog=0.680 flags=NormalHit collider=1 shieldBack=0 blockedShield=0 result=StrikeAgent altAttack=0 victim=human friend=0 -> reject:enemy
[PSW] t=87.38 dir=AttackDown strike=Thrust prog=0.157 flags=HitWithArm collider=1 shieldBack=0 blockedShield=0 result=None altAttack=0 victim=human friend=1 -> BYPASS
[PSW] t=87.38 dir=AttackDown strike=Thrust prog=0.157 flags=NormalHit collider=1 shieldBack=0 blockedShield=0 result=StrikeAgent altAttack=0 victim=human friend=1 -> BYPASS
[PSW] t=97.63 dir=AttackRight strike=Swing prog=0.274 flags=NormalHit collider=1 shieldBack=0 blockedShield=0 result=StrikeAgent altAttack=0 victim=human friend=1 -> reject:live-arc
[PSW] t=105.32 dir=AttackRight strike=Swing prog=0.508 flags=NormalHit collider=1 shieldBack=0 blockedShield=1 result=Blocked altAttack=0 victim=human friend=0 -> reject:enemy
[PSW] t=109.30 dir=AttackUp strike=Swing prog=1.000 flags=HitWithArm, HitWithBackOfTheWeapon collider=1 shieldBack=0 blockedShield=1 result=Blocked altAttack=0 victim=human friend=0 -> reject:enemy
[PSW] t=113.73 dir=AttackUp strike=Thrust prog=0.680 flags=HitWithArm collider=1 shieldBack=0 blockedShield=0 result=None altAttack=0 victim=human friend=0 -> reject:enemy
[PSW] t=113.73 dir=AttackUp strike=Thrust prog=0.680 flags=HitWithArm, HitWithBackOfTheWeapon collider=1 shieldBack=0 blockedShield=0 result=StrikeAgent altAttack=0 victim=human friend=0 -> reject:enemy
[PSW] t=115.61 dir=AttackLeft strike=Swing prog=0.367 flags=NormalHit collider=1 shieldBack=0 blockedShield=0 result=StrikeAgent altAttack=0 victim=human friend=0 -> reject:enemy
[PSW] t=116.89 dir=AttackRight strike=Swing prog=0.417 flags=NormalHit collider=1 shieldBack=0 blockedShield=1 result=Blocked altAttack=0 victim=human friend=0 -> reject:enemy
[PSW] t=120.81 dir=AttackUp strike=Swing prog=0.174 flags=NormalHit collider=1 shieldBack=0 blockedShield=0 result=StrikeAgent altAttack=0 victim=human friend=0 -> reject:enemy
[PSW] t=122.63 dir=AttackLeft strike=Swing prog=0.704 flags=NormalHit collider=1 shieldBack=0 blockedShield=1 result=Blocked altAttack=0 victim=human friend=0 -> reject:enemy
[PSW] t=124.38 dir=AttackDown strike=Thrust prog=0.000 flags=HitWithStartOfTheAnimation collider=1 shieldBack=0 blockedShield=1 result=Parried altAttack=0 victim=human friend=0 -> reject:enemy
[PSW] t=125.77 dir=AttackDown strike=Thrust prog=0.022 flags=NormalHit collider=1 shieldBack=0 blockedShield=0 result=StrikeAgent altAttack=0 victim=human friend=0 -> reject:enemy
[PSW] t=128.16 dir=AttackDown strike=Thrust prog=0.000 flags=HitWithStartOfTheAnimation collider=1 shieldBack=0 blockedShield=0 result=StrikeAgent altAttack=0 victim=human friend=1 -> BYPASS
[PSW] t=129.37 dir=AttackDown strike=Thrust prog=0.639 flags=NormalHit collider=1 shieldBack=0 blockedShield=0 result=StrikeAgent altAttack=0 victim=human friend=0 -> reject:enemy
[PSW] t=132.22 dir=AttackUp strike=Thrust prog=0.589 flags=NormalHit collider=1 shieldBack=0 blockedShield=0 result=StrikeAgent altAttack=0 victim=human friend=0 -> reject:enemy
[PSW] t=133.55 dir=AttackUp strike=Thrust prog=0.674 flags=NormalHit collider=1 shieldBack=0 blockedShield=0 result=StrikeAgent altAttack=0 victim=human friend=0 -> reject:enemy
[PSW] t=135.72 dir=AttackDown strike=Thrust prog=0.662 flags=NormalHit collider=1 shieldBack=0 blockedShield=0 result=StrikeAgent altAttack=0 victim=human friend=0 -> reject:enemy
[PSW] t=140.58 dir=AttackUp strike=Thrust prog=0.595 flags=NormalHit collider=1 shieldBack=0 blockedShield=0 result=StrikeAgent altAttack=0 victim=human friend=0 -> reject:enemy
[PSW] t=140.63 dir=AttackUp strike=Thrust prog=0.372 flags=HitWithStartOfTheAnimation collider=1 shieldBack=0 blockedShield=0 result=StrikeAgent altAttack=0 victim=human friend=1 -> BYPASS
[PSW] t=140.63 dir=AttackUp strike=Thrust prog=0.372 flags=HitWithStartOfTheAnimation collider=1 shieldBack=0 blockedShield=0 result=StrikeAgent altAttack=0 victim=human friend=1 -> BYPASS
[PSW] t=141.62 dir=AttackDown strike=Thrust prog=0.650 flags=HitWithArm collider=1 shieldBack=0 blockedShield=0 result=StrikeAgent altAttack=0 victim=human friend=1 -> reject:live-arc
[PSW] t=143.22 dir=AttackDown strike=Thrust prog=0.680 flags=NormalHit collider=1 shieldBack=0 blockedShield=0 result=StrikeAgent altAttack=0 victim=human friend=0 -> reject:enemy
[PSW] t=147.55 dir=AttackDown strike=Thrust prog=0.244 flags=NormalHit collider=1 shieldBack=0 blockedShield=0 result=StrikeAgent altAttack=0 victim=human friend=0 -> reject:enemy
[PSW] t=147.95 dir=AttackDown strike=Thrust prog=1.000 flags=HitWithStartOfTheAnimation collider=1 shieldBack=0 blockedShield=0 result=StrikeAgent altAttack=0 victim=human friend=1 -> BYPASS
[PSW] t=149.20 dir=AttackDown strike=Thrust prog=0.236 flags=NormalHit collider=1 shieldBack=0 blockedShield=0 result=StrikeAgent altAttack=0 victim=human friend=0 -> reject:enemy
[PSW] t=150.68 dir=AttackDown strike=Thrust prog=0.143 flags=NormalHit collider=1 shieldBack=0 blockedShield=0 result=StrikeAgent altAttack=0 victim=human friend=0 -> reject:enemy
[PSW] t=150.83 dir=AttackDown strike=Thrust prog=0.294 flags=HitWithStartOfTheAnimation collider=1 shieldBack=0 blockedShield=0 result=StrikeAgent altAttack=0 victim=human friend=1 -> BYPASS
[PSW] t=150.88 dir=AttackDown strike=Thrust prog=0.300 flags=HitWithStartOfTheAnimation collider=1 shieldBack=0 blockedShield=0 result=StrikeAgent altAttack=0 victim=human friend=1 -> BYPASS
[PSW] t=154.19 dir=AttackDown strike=Thrust prog=0.164 flags=NormalHit collider=1 shieldBack=0 blockedShield=0 result=StrikeAgent altAttack=0 victim=human friend=1 -> BYPASS
[PSW] t=154.19 dir=AttackDown strike=Thrust prog=0.164 flags=NormalHit collider=1 shieldBack=0 blockedShield=0 result=StrikeAgent altAttack=0 victim=human friend=1 -> BYPASS
[PSW] t=155.91 dir=AttackDown strike=Thrust prog=0.165 flags=NormalHit collider=1 shieldBack=0 blockedShield=0 result=StrikeAgent altAttack=0 victim=human friend=0 -> reject:enemy
[PSW] t=159.54 dir=AttackUp strike=Thrust prog=0.556 flags=NormalHit collider=1 shieldBack=0 blockedShield=0 result=None altAttack=0 victim=human friend=1 -> reject:live-arc
[PSW] t=159.54 dir=AttackUp strike=Thrust prog=0.556 flags=NormalHit collider=1 shieldBack=0 blockedShield=0 result=StrikeAgent altAttack=0 victim=human friend=1 -> reject:live-arc
[PSW] t=161.21 dir=AttackUp strike=Thrust prog=0.105 flags=NormalHit collider=1 shieldBack=0 blockedShield=0 result=StrikeAgent altAttack=0 victim=human friend=1 -> BYPASS
[PSW] t=210.14 dir=AttackDown strike=Thrust prog=0.819 flags=NormalHit collider=1 shieldBack=0 blockedShield=0 result=StrikeAgent altAttack=0 victim=human friend=0 -> reject:enemy
[PSW] t=235.44 dir=AttackDown strike=Thrust prog=0.118 flags=NormalHit collider=1 shieldBack=0 blockedShield=0 result=StrikeAgent altAttack=0 victim=human friend=0 -> reject:enemy
[PSW] t=236.12 dir=AttackDown strike=Thrust prog=0.301 flags=NormalHit collider=1 shieldBack=0 blockedShield=0 result=StrikeAgent altAttack=0 victim=human friend=0 -> reject:enemy
[PSW] ==== mission report ====
[PSW]  config: enabled=1 windup=1 cramped=1 blockPass=1 threshold=0.25 crowdedDur=2.0 rotate=1 rotInterval=0.5
[PSW]  windup transparency : 4471 friendly hits made transparent
[PSW]      rejected live-arc             x2988
[PSW]  friendly blocks     : 1180 neutralised (ally shield no longer halts the swing)
[PSW]  cramped gating (AI) : 244 swings remapped across 177 agents (1116 input ticks)
[PSW]  shield rotation     : 0 swaps across 0 formation-sweeps (0 shieldless front-rankers seen, 0 skipped as detached)   <-- FEATURE NEVER FIRED
[PSW] ========================
[PSW] ---- mission start ----
[PSW] t=103.82 dir=AttackDown strike=Thrust prog=0.060 flags=NormalHit collider=1 shieldBack=0 blockedShield=0 result=StrikeAgent altAttack=0 victim=human friend=1 -> BYPASS
[PSW] t=104.89 dir=AttackDown strike=Thrust prog=0.072 flags=NormalHit collider=1 shieldBack=0 blockedShield=0 result=StrikeAgent altAttack=0 victim=human friend=0 -> reject:enemy
[PSW] t=112.59 dir=AttackLeft strike=Swing prog=0.622 flags=NormalHit collider=1 shieldBack=0 blockedShield=1 result=Blocked altAttack=0 victim=human friend=0 -> reject:enemy
[PSW] t=118.84 dir=AttackUp strike=Thrust prog=0.641 flags=HitWithArm collider=1 shieldBack=0 blockedShield=1 result=Blocked altAttack=0 victim=human friend=0 -> reject:enemy
[PSW] t=121.54 dir=AttackUp strike=Thrust prog=0.819 flags=NormalHit collider=1 shieldBack=0 blockedShield=0 result=StrikeAgent altAttack=0 victim=human friend=0 -> reject:enemy
[PSW] t=123.73 dir=AttackDown strike=Thrust prog=0.120 flags=NormalHit collider=1 shieldBack=0 blockedShield=0 result=StrikeAgent altAttack=0 victim=human friend=0 -> reject:enemy
[PSW] t=125.64 dir=AttackUp strike=Thrust prog=0.563 flags=NormalHit collider=1 shieldBack=0 blockedShield=0 result=StrikeAgent altAttack=0 victim=human friend=0 -> reject:enemy
[PSW] t=142.39 dir=AttackUp strike=Thrust prog=0.616 flags=HitWithArm, HitWithBackOfTheWeapon collider=1 shieldBack=0 blockedShield=1 result=Blocked altAttack=0 victim=human friend=0 -> reject:enemy
[PSW] t=143.57 dir=AttackDown strike=Thrust prog=0.000 flags=HitWithStartOfTheAnimation collider=1 shieldBack=0 blockedShield=1 result=Parried altAttack=0 victim=human friend=0 -> reject:enemy
[PSW] t=146.17 dir=AttackUp strike=Thrust prog=0.826 flags=NormalHit collider=1 shieldBack=0 blockedShield=0 result=StrikeAgent altAttack=0 victim=human friend=0 -> reject:enemy
[PSW] t=146.35 dir=AttackUp strike=Thrust prog=0.904 flags=HitWithStartOfTheAnimation collider=1 shieldBack=0 blockedShield=0 result=StrikeAgent altAttack=0 victim=human friend=1 -> BYPASS
[PSW] t=146.89 dir=AttackDown strike=Thrust prog=0.080 flags=NormalHit collider=1 shieldBack=0 blockedShield=0 result=StrikeAgent altAttack=0 victim=human friend=1 -> BYPASS
[PSW] t=147.69 dir=AttackDown strike=Thrust prog=0.270 flags=NormalHit collider=1 shieldBack=0 blockedShield=0 result=StrikeAgent altAttack=0 victim=human friend=0 -> reject:enemy
[PSW] t=147.75 dir=AttackDown strike=Thrust prog=0.196 flags=HitWithStartOfTheAnimation collider=1 shieldBack=0 blockedShield=0 result=StrikeAgent altAttack=0 victim=human friend=0 -> reject:enemy
[PSW] t=150.71 dir=AttackUp strike=Thrust prog=0.603 flags=NormalHit collider=1 shieldBack=0 blockedShield=1 result=Blocked altAttack=0 victim=human friend=0 -> reject:enemy
[PSW] t=156.94 dir=AttackDown strike=Thrust prog=0.108 flags=NormalHit collider=1 shieldBack=0 blockedShield=0 result=None altAttack=0 victim=human friend=1 -> BYPASS
[PSW] t=157.05 dir=AttackDown strike=Thrust prog=0.510 flags=NormalHit collider=1 shieldBack=0 blockedShield=0 result=StrikeAgent altAttack=0 victim=human friend=0 -> reject:enemy
[PSW] t=157.11 dir=AttackDown strike=Thrust prog=0.411 flags=HitWithStartOfTheAnimation collider=1 shieldBack=0 blockedShield=1 result=Blocked altAttack=0 victim=human friend=1 -> BYPASS
[PSW] t=162.51 dir=AttackUp strike=Swing prog=1.000 flags=NormalHit collider=1 shieldBack=0 blockedShield=0 result=StrikeAgent altAttack=0 victim=human friend=0 -> reject:enemy
[PSW] t=168.12 dir=AttackUp strike=Thrust prog=0.104 flags=NormalHit collider=1 shieldBack=0 blockedShield=0 result=StrikeAgent altAttack=0 victim=human friend=1 -> BYPASS
[PSW] t=170.75 dir=AttackDown strike=Thrust prog=0.174 flags=NormalHit collider=1 shieldBack=0 blockedShield=0 result=StrikeAgent altAttack=0 victim=human friend=1 -> BYPASS
[PSW] t=178.25 dir=AttackDown strike=Thrust prog=0.626 flags=NormalHit collider=1 shieldBack=0 blockedShield=0 result=StrikeAgent altAttack=0 victim=human friend=0 -> reject:enemy
[PSW] t=190.94 dir=AttackUp strike=Thrust prog=0.541 flags=NormalHit collider=1 shieldBack=0 blockedShield=0 result=None altAttack=0 victim=human friend=0 -> reject:enemy
[PSW] t=190.94 dir=AttackUp strike=Thrust prog=0.541 flags=NormalHit collider=1 shieldBack=0 blockedShield=0 result=StrikeAgent altAttack=0 victim=human friend=0 -> reject:enemy
[PSW] t=191.00 dir=AttackUp strike=Thrust prog=0.271 flags=HitWithStartOfTheAnimation collider=1 shieldBack=0 blockedShield=0 result=StrikeAgent altAttack=0 victim=human friend=0 -> reject:enemy
[PSW] t=193.72 dir=AttackUp strike=Thrust prog=0.540 flags=NormalHit collider=1 shieldBack=0 blockedShield=1 result=Blocked altAttack=0 victim=human friend=0 -> reject:enemy
[PSW] t=196.10 dir=AttackDown strike=Thrust prog=0.195 flags=NormalHit collider=1 shieldBack=0 blockedShield=0 result=StrikeAgent altAttack=0 victim=human friend=0 -> reject:enemy
[PSW] t=196.18 dir=AttackDown strike=Thrust prog=0.076 flags=HitWithStartOfTheAnimation, HitWithArm collider=1 shieldBack=0 blockedShield=1 result=Parried altAttack=0 victim=human friend=0 -> reject:enemy
[PSW] t=197.45 dir=AttackDown strike=Thrust prog=0.105 flags=NormalHit collider=1 shieldBack=0 blockedShield=0 result=None altAttack=0 victim=human friend=1 -> BYPASS
[PSW] t=197.45 dir=AttackDown strike=Thrust prog=0.105 flags=NormalHit collider=1 shieldBack=0 blockedShield=0 result=StrikeAgent altAttack=0 victim=human friend=0 -> reject:enemy
[PSW] ==== mission report ====
[PSW]  config: enabled=1 windup=1 cramped=1 blockPass=1 threshold=0.25 crowdedDur=2.0 rotate=1 rotInterval=0.5
[PSW]  windup transparency : 5883 friendly hits made transparent
[PSW]      rejected live-arc             x3408
[PSW]  friendly blocks     : 1556 neutralised (ally shield no longer halts the swing)
[PSW]  cramped gating (AI) : 356 swings remapped across 210 agents (2017 input ticks)
[PSW]  shield rotation     : 0 swaps across 0 formation-sweeps (0 shieldless front-rankers seen, 0 skipped as detached)   <-- FEATURE NEVER FIRED
[PSW]      formation census:
[PSW]        Line         spacing=2 interval=0.760 eligible=0  x2112
[PSW] ========================
[PSW] ---- mission start ----
[PSW] ==== mission report ====
[PSW]  config: enabled=1 windup=1 cramped=1 blockPass=1 threshold=0.25 crowdedDur=2.0 rotate=1 rotInterval=0.5
[PSW]  windup transparency : 544 friendly hits made transparent
[PSW]      rejected live-arc             x316
[PSW]  friendly blocks     : 295 neutralised (ally shield no longer halts the swing)
[PSW]  cramped gating (AI) : 21 swings remapped across 14 agents (251 input ticks)
[PSW]  shield rotation     : 444 swaps across 263 formation-sweeps (62 shieldless front-rankers seen, 0 skipped as detached)
[PSW]      formation census:
[PSW]        Line         spacing=2 interval=0.760 eligible=0  x805
[PSW]        ShieldWall   spacing=0 interval=0.000 eligible=1  x263
[PSW] ========================
[PSW] ---- mission start ----
[PSW] t=26.51 dir=AttackUp strike=Thrust prog=0.909 flags=NormalHit collider=1 shieldBack=0 blockedShield=0 result=StrikeAgent altAttack=0 victim=human friend=1 -> reject:live-arc
[PSW] t=28.69 dir=AttackUp strike=Thrust prog=0.000 flags=NormalHit collider=1 shieldBack=0 blockedShield=0 result=StrikeAgent altAttack=0 victim=human friend=1 -> BYPASS
[PSW] t=29.85 dir=AttackUp strike=Thrust prog=0.519 flags=NormalHit collider=1 shieldBack=0 blockedShield=1 result=Blocked altAttack=0 victim=human friend=1 -> reject:live-arc
[PSW] t=31.17 dir=AttackUp strike=Thrust prog=0.606 flags=NormalHit collider=1 shieldBack=0 blockedShield=0 result=StrikeAgent altAttack=0 victim=human friend=1 -> reject:live-arc
[PSW] t=32.32 dir=AttackUp strike=Thrust prog=0.519 flags=NormalHit collider=1 shieldBack=0 blockedShield=0 result=StrikeAgent altAttack=0 victim=human friend=1 -> reject:live-arc
[PSW] t=33.37 dir=AttackUp strike=Thrust prog=0.476 flags=NormalHit collider=1 shieldBack=0 blockedShield=0 result=StrikeAgent altAttack=0 victim=human friend=1 -> reject:live-arc
[PSW] t=34.48 dir=AttackUp strike=Thrust prog=0.606 flags=NormalHit collider=1 shieldBack=0 blockedShield=0 result=StrikeAgent altAttack=0 victim=human friend=1 -> reject:live-arc
[PSW] t=37.94 dir=AttackUp strike=Thrust prog=0.000 flags=NormalHit collider=1 shieldBack=0 blockedShield=0 result=None altAttack=0 victim=human friend=1 -> BYPASS
[PSW] t=38.05 dir=AttackUp strike=Thrust prog=0.402 flags=NormalHit collider=1 shieldBack=0 blockedShield=0 result=StrikeAgent altAttack=0 victim=human friend=1 -> reject:live-arc
[PSW] t=39.32 dir=AttackUp strike=Thrust prog=0.000 flags=NormalHit collider=1 shieldBack=0 blockedShield=0 result=None altAttack=0 victim=human friend=1 -> BYPASS
[PSW] t=39.53 dir=AttackUp strike=Thrust prog=0.736 flags=NormalHit collider=1 shieldBack=0 blockedShield=0 result=StrikeAgent altAttack=0 victim=human friend=1 -> reject:live-arc
[PSW] t=40.72 dir=AttackUp strike=Thrust prog=0.000 flags=NormalHit collider=1 shieldBack=0 blockedShield=0 result=None altAttack=0 victim=human friend=1 -> BYPASS
[PSW] t=40.94 dir=AttackUp strike=Thrust prog=0.736 flags=NormalHit collider=1 shieldBack=0 blockedShield=0 result=StrikeAgent altAttack=0 victim=human friend=1 -> reject:live-arc
[PSW] t=42.14 dir=AttackUp strike=Thrust prog=0.000 flags=NormalHit collider=1 shieldBack=0 blockedShield=0 result=None altAttack=0 victim=human friend=1 -> BYPASS
[PSW] t=42.37 dir=AttackUp strike=Thrust prog=0.779 flags=NormalHit collider=1 shieldBack=0 blockedShield=0 result=StrikeAgent altAttack=0 victim=human friend=1 -> reject:live-arc
[PSW] t=43.58 dir=AttackUp strike=Thrust prog=0.000 flags=NormalHit collider=1 shieldBack=0 blockedShield=0 result=None altAttack=0 victim=human friend=1 -> BYPASS
[PSW] t=43.82 dir=AttackUp strike=Thrust prog=0.822 flags=NormalHit collider=1 shieldBack=0 blockedShield=0 result=StrikeAgent altAttack=0 victim=human friend=1 -> reject:live-arc
[PSW] t=46.79 dir=AttackUp strike=Thrust prog=0.000 flags=HitWithBackOfTheWeapon collider=1 shieldBack=0 blockedShield=0 result=None altAttack=0 victim=human friend=1 -> BYPASS
[PSW] t=46.95 dir=AttackUp strike=Thrust prog=0.519 flags=HitWithArm collider=1 shieldBack=0 blockedShield=1 result=Blocked altAttack=0 victim=human friend=1 -> reject:live-arc
[PSW] t=48.55 dir=AttackUp strike=Thrust prog=0.563 flags=HitWithArm, HitWithBackOfTheWeapon collider=1 shieldBack=0 blockedShield=1 result=Blocked altAttack=0 victim=human friend=1 -> reject:live-arc
[PSW] t=50.49 dir=AttackUp strike=Thrust prog=0.519 flags=NormalHit collider=1 shieldBack=0 blockedShield=1 result=Blocked altAttack=0 victim=human friend=1 -> reject:live-arc
[PSW] t=51.84 dir=AttackUp strike=Thrust prog=0.000 flags=NormalHit collider=1 shieldBack=0 blockedShield=0 result=StrikeAgent altAttack=0 victim=human friend=1 -> BYPASS
[PSW] t=53.49 dir=AttackUp strike=Thrust prog=0.433 flags=NormalHit collider=1 shieldBack=0 blockedShield=1 result=Blocked altAttack=0 victim=human friend=1 -> reject:live-arc
[PSW] t=55.13 dir=AttackUp strike=Thrust prog=0.476 flags=NormalHit collider=1 shieldBack=0 blockedShield=1 result=Blocked altAttack=0 victim=human friend=1 -> reject:live-arc
[PSW] t=178.15 dir=AttackUp strike=Thrust prog=0.013 flags=HitWithBackOfTheWeapon collider=1 shieldBack=0 blockedShield=0 result=None altAttack=0 victim=human friend=1 -> BYPASS
[PSW] t=178.22 dir=AttackUp strike=Thrust prog=0.267 flags=NormalHit collider=1 shieldBack=0 blockedShield=0 result=StrikeAgent altAttack=0 victim=human friend=1 -> reject:live-arc
[PSW] t=179.81 dir=AttackUp strike=Thrust prog=0.217 flags=NormalHit collider=1 shieldBack=0 blockedShield=0 result=StrikeAgent altAttack=0 victim=human friend=1 -> BYPASS
[PSW] t=184.43 dir=AttackUp strike=Thrust prog=0.027 flags=NormalHit collider=1 shieldBack=0 blockedShield=1 result=Blocked altAttack=0 victim=human friend=1 -> BYPASS
[PSW] t=190.09 dir=AttackUp strike=Thrust prog=0.000 flags=HitWithStartOfTheAnimation collider=1 shieldBack=0 blockedShield=0 result=None altAttack=0 victim=human friend=0 -> reject:enemy
[PSW] t=190.11 dir=AttackUp strike=Thrust prog=0.013 flags=HitWithArm, HitWithBackOfTheWeapon collider=1 shieldBack=0 blockedShield=0 result=None altAttack=0 victim=human friend=1 -> BYPASS
[PSW] t=190.11 dir=AttackUp strike=Thrust prog=0.013 flags=NormalHit collider=1 shieldBack=0 blockedShield=1 result=Blocked altAttack=0 victim=human friend=1 -> BYPASS
[PSW] t=191.77 dir=AttackUp strike=Thrust prog=0.000 flags=HitWithStartOfTheAnimation collider=1 shieldBack=0 blockedShield=1 result=Blocked altAttack=0 victim=human friend=0 -> reject:enemy
[PSW] t=194.50 dir=AttackUp strike=Thrust prog=0.000 flags=HitWithStartOfTheAnimation collider=1 shieldBack=0 blockedShield=0 result=None altAttack=0 victim=human friend=0 -> reject:enemy
[PSW] t=194.69 dir=AttackUp strike=Thrust prog=0.014 flags=NormalHit collider=1 shieldBack=0 blockedShield=0 result=StrikeAgent altAttack=0 victim=human friend=0 -> reject:enemy
[PSW] t=196.00 dir=AttackUp strike=Thrust prog=0.013 flags=HitWithArm, HitWithBackOfTheWeapon collider=1 shieldBack=0 blockedShield=0 result=None altAttack=0 victim=human friend=1 -> BYPASS
[PSW] t=196.09 dir=AttackUp strike=Thrust prog=0.369 flags=NormalHit collider=1 shieldBack=0 blockedShield=0 result=StrikeAgent altAttack=0 victim=human friend=1 -> reject:live-arc
[PSW] t=197.86 dir=AttackUp strike=Thrust prog=0.013 flags=NormalHit collider=1 shieldBack=0 blockedShield=0 result=StrikeAgent altAttack=0 victim=human friend=1 -> BYPASS
[PSW] t=197.86 dir=AttackUp strike=Thrust prog=0.013 flags=NormalHit collider=1 shieldBack=0 blockedShield=0 result=StrikeAgent altAttack=0 victim=human friend=1 -> BYPASS
[PSW] t=200.17 dir=AttackUp strike=Thrust prog=0.013 flags=NormalHit collider=1 shieldBack=0 blockedShield=0 result=None altAttack=0 victim=human friend=1 -> BYPASS
[PSW] t=200.22 dir=AttackUp strike=Thrust prog=0.217 flags=NormalHit collider=1 shieldBack=0 blockedShield=0 result=StrikeAgent altAttack=0 victim=human friend=1 -> BYPASS
[PSW] t=220.17 dir=AttackDown strike=Thrust prog=0.000 flags=HitWithStartOfTheAnimation collider=1 shieldBack=0 blockedShield=1 result=Blocked altAttack=0 victim=human friend=0 -> reject:enemy
[PSW] t=221.49 dir=AttackDown strike=Thrust prog=0.000 flags=HitWithStartOfTheAnimation collider=1 shieldBack=0 blockedShield=1 result=Parried altAttack=0 victim=human friend=0 -> reject:enemy
[PSW] t=237.60 dir=AttackLeft strike=Swing prog=0.277 flags=HitWithBackOfTheWeapon collider=1 shieldBack=0 blockedShield=0 result=None altAttack=0 victim=human friend=0 -> reject:enemy
[PSW] t=237.71 dir=AttackLeft strike=Swing prog=0.584 flags=NormalHit collider=1 shieldBack=0 blockedShield=0 result=StrikeAgent altAttack=0 victim=human friend=0 -> reject:enemy
[PSW] t=239.03 dir=AttackRight strike=Swing prog=0.338 flags=NormalHit collider=1 shieldBack=0 blockedShield=0 result=StrikeAgent altAttack=0 victim=human friend=0 -> reject:enemy
[PSW] t=316.41 dir=AttackDown strike=Thrust prog=0.009 flags=NormalHit collider=1 shieldBack=0 blockedShield=0 result=StrikeAgent altAttack=0 victim=human friend=0 -> reject:enemy
[PSW] t=317.88 dir=AttackDown strike=Thrust prog=0.002 flags=NormalHit collider=1 shieldBack=0 blockedShield=0 result=StrikeAgent altAttack=0 victim=human friend=0 -> reject:enemy
[PSW] t=319.19 dir=AttackUp strike=Thrust prog=0.557 flags=NormalHit collider=1 shieldBack=0 blockedShield=0 result=StrikeAgent altAttack=0 victim=human friend=0 -> reject:enemy
[PSW] t=353.22 dir=AttackUp strike=Thrust prog=0.000 flags=HitWithStartOfTheAnimation collider=1 shieldBack=0 blockedShield=0 result=None altAttack=0 victim=human friend=0 -> reject:enemy
[PSW] t=357.06 dir=AttackUp strike=Swing prog=1.000 flags=NormalHit collider=1 shieldBack=0 blockedShield=1 result=Blocked altAttack=0 victim=human friend=0 -> reject:enemy
[PSW] ==== mission report ====
[PSW]  config: enabled=1 windup=1 cramped=1 blockPass=1 threshold=0.25 crowdedDur=2.0 rotate=1 rotInterval=0.5
[PSW]  windup transparency : 7435 friendly hits made transparent
[PSW]      rejected live-arc             x3175
[PSW]  friendly blocks     : 2384 neutralised (ally shield no longer halts the swing)
[PSW]  cramped gating (AI) : 357 swings remapped across 189 agents (4671 input ticks)
[PSW]  shield rotation     : 749 swaps across 443 formation-sweeps (368 shieldless front-rankers seen, 0 skipped as detached)
[PSW]      churn check: 88 of 443 formation-sweeps emitted swaps (max 38 in one sweep)
[PSW]      formation census:
[PSW]        Line         spacing=2 interval=0.760 eligible=0  x2466
[PSW]        ShieldWall   spacing=0 interval=0.000 eligible=1  x443
[PSW] ========================
[PSW] ---- mission start ----
[PSW] t=165.34 dir=AttackDown strike=Thrust prog=0.026 flags=NormalHit collider=1 shieldBack=0 blockedShield=0 result=StrikeAgent altAttack=0 victim=human friend=1 -> BYPASS
[PSW] t=165.34 dir=AttackDown strike=Thrust prog=0.026 flags=NormalHit collider=1 shieldBack=0 blockedShield=0 result=StrikeAgent altAttack=0 victim=human friend=1 -> BYPASS
[PSW] t=175.14 dir=AttackUp strike=Thrust prog=0.509 flags=NormalHit collider=1 shieldBack=0 blockedShield=1 result=Blocked altAttack=0 victim=human friend=0 -> reject:enemy
[PSW] t=176.89 dir=AttackDown strike=Thrust prog=0.157 flags=NormalHit collider=1 shieldBack=0 blockedShield=0 result=None altAttack=0 victim=human friend=1 -> BYPASS
[PSW] t=176.89 dir=AttackDown strike=Thrust prog=0.157 flags=NormalHit collider=1 shieldBack=0 blockedShield=0 result=StrikeAgent altAttack=0 victim=human friend=1 -> BYPASS
[PSW] t=176.89 dir=AttackDown strike=Thrust prog=0.157 flags=NormalHit collider=1 shieldBack=0 blockedShield=0 result=StrikeAgent altAttack=0 victim=human friend=1 -> BYPASS
[PSW] t=176.89 dir=AttackDown strike=Thrust prog=0.157 flags=NormalHit collider=1 shieldBack=0 blockedShield=0 result=StrikeAgent altAttack=0 victim=human friend=1 -> BYPASS
[PSW] t=176.89 dir=AttackDown strike=Thrust prog=0.157 flags=NormalHit collider=1 shieldBack=0 blockedShield=0 result=StrikeAgent altAttack=0 victim=human friend=1 -> BYPASS
[PSW] t=179.30 dir=AttackDown strike=Thrust prog=0.174 flags=NormalHit collider=1 shieldBack=0 blockedShield=1 result=Blocked altAttack=0 victim=human friend=1 -> BYPASS
[PSW] t=181.29 dir=AttackUp strike=Thrust prog=0.167 flags=NormalHit collider=1 shieldBack=0 blockedShield=0 result=StrikeAgent altAttack=0 victim=human friend=1 -> BYPASS
[PSW] t=187.54 dir=AttackUp strike=Swing prog=0.000 flags=HitWithStartOfTheAnimation collider=1 shieldBack=0 blockedShield=1 result=Blocked altAttack=0 victim=human friend=0 -> reject:enemy
[PSW] t=188.14 dir=AttackRight strike=Swing prog=0.000 flags=HitWithStartOfTheAnimation, HitWithArm collider=1 shieldBack=0 blockedShield=1 result=Blocked altAttack=0 victim=human friend=0 -> reject:enemy
[PSW] t=188.74 dir=AttackUp strike=Swing prog=0.000 flags=HitWithStartOfTheAnimation collider=1 shieldBack=0 blockedShield=1 result=Blocked altAttack=0 victim=human friend=0 -> reject:enemy
[PSW] t=191.84 dir=AttackUp strike=Thrust prog=0.680 flags=NormalHit collider=1 shieldBack=0 blockedShield=0 result=None altAttack=0 victim=human friend=0 -> reject:enemy
[PSW] t=191.84 dir=AttackUp strike=Thrust prog=0.680 flags=NormalHit collider=1 shieldBack=0 blockedShield=0 result=StrikeAgent altAttack=0 victim=human friend=0 -> reject:enemy
[PSW] t=194.09 dir=AttackDown strike=Thrust prog=0.528 flags=NormalHit collider=1 shieldBack=0 blockedShield=0 result=StrikeAgent altAttack=0 victim=human friend=1 -> reject:live-arc
[PSW] t=197.37 dir=AttackUp strike=Thrust prog=0.680 flags=NormalHit collider=1 shieldBack=0 blockedShield=0 result=ChamberBlocked altAttack=0 victim=human friend=0 -> reject:enemy
[PSW] t=199.93 dir=AttackUp strike=Thrust prog=0.167 flags=NormalHit collider=1 shieldBack=0 blockedShield=0 result=StrikeAgent altAttack=0 victim=human friend=1 -> BYPASS
[PSW] t=202.47 dir=AttackDown strike=Thrust prog=0.157 flags=NormalHit collider=1 shieldBack=0 blockedShield=1 result=Blocked altAttack=0 victim=human friend=1 -> BYPASS
[PSW] t=203.46 dir=AttackDown strike=Thrust prog=0.130 flags=NormalHit collider=1 shieldBack=0 blockedShield=0 result=StrikeAgent altAttack=0 victim=human friend=1 -> BYPASS
[PSW] t=203.46 dir=AttackDown strike=Thrust prog=0.130 flags=NormalHit collider=1 shieldBack=0 blockedShield=0 result=StrikeAgent altAttack=0 victim=human friend=1 -> BYPASS
[PSW] t=203.46 dir=AttackDown strike=Thrust prog=0.130 flags=NormalHit collider=1 shieldBack=0 blockedShield=0 result=StrikeAgent altAttack=0 victim=human friend=0 -> reject:enemy
[PSW] t=203.89 dir=AttackDown strike=Thrust prog=0.143 flags=HitWithStartOfTheAnimation collider=1 shieldBack=0 blockedShield=0 result=StrikeAgent altAttack=0 victim=human friend=1 -> BYPASS
[PSW] t=204.16 dir=AttackDown strike=Thrust prog=0.255 flags=HitWithStartOfTheAnimation collider=1 shieldBack=0 blockedShield=1 result=Parried altAttack=0 victim=human friend=0 -> reject:enemy
[PSW] t=206.04 dir=AttackDown strike=Thrust prog=0.000 flags=HitWithStartOfTheAnimation collider=1 shieldBack=0 blockedShield=1 result=Parried altAttack=0 victim=human friend=0 -> reject:enemy
[PSW] t=212.23 dir=AttackUp strike=Swing prog=0.233 flags=NormalHit collider=1 shieldBack=0 blockedShield=0 result=StrikeAgent altAttack=0 victim=human friend=1 -> BYPASS
[PSW] t=213.68 dir=AttackLeft strike=Swing prog=0.042 flags=NormalHit collider=1 shieldBack=0 blockedShield=0 result=StrikeAgent altAttack=0 victim=human friend=1 -> BYPASS
[PSW] t=217.01 dir=AttackLeft strike=Swing prog=0.270 flags=NormalHit collider=1 shieldBack=0 blockedShield=0 result=None altAttack=0 victim=human friend=1 -> reject:live-arc
[PSW] t=217.06 dir=AttackLeft strike=Swing prog=0.498 flags=NormalHit collider=1 shieldBack=0 blockedShield=0 result=StrikeAgent altAttack=0 victim=human friend=1 -> reject:live-arc
[PSW] t=220.97 dir=AttackUp strike=Swing prog=1.000 flags=NormalHit collider=1 shieldBack=0 blockedShield=0 result=StrikeAgent altAttack=0 victim=human friend=1 -> reject:live-arc
[PSW] t=223.38 dir=AttackUp strike=Swing prog=0.013 flags=NormalHit collider=1 shieldBack=0 blockedShield=0 result=StrikeAgent altAttack=0 victim=human friend=1 -> BYPASS
[PSW] t=224.94 dir=AttackUp strike=Swing prog=0.230 flags=NormalHit collider=1 shieldBack=0 blockedShield=0 result=StrikeAgent altAttack=0 victim=human friend=1 -> BYPASS
[PSW] t=228.05 dir=AttackUp strike=Thrust prog=0.373 flags=NormalHit collider=1 shieldBack=0 blockedShield=1 result=Blocked altAttack=0 victim=human friend=0 -> reject:enemy
[PSW] t=229.82 dir=AttackUp strike=Thrust prog=0.050 flags=NormalHit collider=1 shieldBack=0 blockedShield=0 result=StrikeAgent altAttack=0 victim=human friend=1 -> BYPASS
[PSW] t=229.82 dir=AttackUp strike=Thrust prog=0.050 flags=NormalHit collider=1 shieldBack=0 blockedShield=0 result=StrikeAgent altAttack=0 victim=human friend=1 -> BYPASS
[PSW] t=234.67 dir=AttackUp strike=Swing prog=1.000 flags=NormalHit collider=1 shieldBack=0 blockedShield=0 result=StrikeAgent altAttack=0 victim=human friend=1 -> reject:live-arc
[PSW] t=240.41 dir=AttackUp strike=Swing prog=1.000 flags=NormalHit collider=1 shieldBack=0 blockedShield=0 result=StrikeAgent altAttack=0 victim=human friend=1 -> reject:live-arc
[PSW] t=242.64 dir=AttackUp strike=Swing prog=1.000 flags=NormalHit collider=1 shieldBack=0 blockedShield=0 result=StrikeAgent altAttack=0 victim=human friend=0 -> reject:enemy
[PSW] t=244.43 dir=AttackRight strike=Swing prog=0.359 flags=NormalHit collider=1 shieldBack=0 blockedShield=0 result=StrikeAgent altAttack=0 victim=human friend=0 -> reject:enemy
[PSW] t=256.21 dir=AttackUp strike=Thrust prog=1.000 flags=NormalHit collider=1 shieldBack=0 blockedShield=0 result=StrikeAgent altAttack=0 victim=human friend=0 -> reject:enemy
[PSW] t=257.02 dir=AttackUp strike=Thrust prog=0.695 flags=NormalHit collider=1 shieldBack=0 blockedShield=0 result=None altAttack=0 victim=human friend=0 -> reject:enemy
[PSW] t=257.02 dir=AttackUp strike=Thrust prog=0.695 flags=NormalHit collider=1 shieldBack=0 blockedShield=0 result=StrikeAgent altAttack=0 victim=human friend=0 -> reject:enemy
[PSW] t=260.87 dir=AttackUp strike=Thrust prog=0.856 flags=NormalHit collider=1 shieldBack=0 blockedShield=0 result=StrikeAgent altAttack=0 victim=human friend=0 -> reject:enemy
[PSW] t=274.12 dir=AttackUp strike=Thrust prog=0.580 flags=NormalHit collider=1 shieldBack=0 blockedShield=0 result=StrikeAgent altAttack=0 victim=human friend=0 -> reject:enemy
[PSW] t=276.46 dir=AttackDown strike=Thrust prog=0.379 flags=NormalHit collider=1 shieldBack=0 blockedShield=0 result=StrikeAgent altAttack=0 victim=human friend=0 -> reject:enemy
[PSW] t=278.38 dir=AttackUp strike=Thrust prog=0.542 flags=NormalHit collider=1 shieldBack=0 blockedShield=0 result=StrikeAgent altAttack=0 victim=human friend=0 -> reject:enemy
[PSW] t=279.77 dir=AttackDown strike=Thrust prog=0.268 flags=NormalHit collider=1 shieldBack=0 blockedShield=0 result=StrikeAgent altAttack=0 victim=human friend=0 -> reject:enemy
[PSW] t=282.74 dir=AttackUp strike=Thrust prog=0.619 flags=NormalHit collider=1 shieldBack=0 blockedShield=0 result=StrikeAgent altAttack=0 victim=human friend=0 -> reject:enemy
[PSW] t=283.44 dir=AttackUp strike=Thrust prog=0.550 flags=NormalHit collider=1 shieldBack=0 blockedShield=1 result=Blocked altAttack=0 victim=human friend=0 -> reject:enemy
[PSW] t=285.10 dir=AttackDown strike=Thrust prog=0.473 flags=NormalHit collider=1 shieldBack=0 blockedShield=0 result=StrikeAgent altAttack=0 victim=human friend=0 -> reject:enemy
[PSW] t=287.49 dir=AttackDown strike=Thrust prog=0.736 flags=NormalHit collider=1 shieldBack=0 blockedShield=0 result=StrikeAgent altAttack=0 victim=human friend=0 -> reject:enemy
[PSW] t=291.62 dir=AttackUp strike=Thrust prog=0.674 flags=NormalHit collider=1 shieldBack=0 blockedShield=0 result=StrikeAgent altAttack=0 victim=human friend=0 -> reject:enemy
[PSW] t=292.32 dir=AttackUp strike=Thrust prog=0.618 flags=NormalHit collider=1 shieldBack=0 blockedShield=1 result=Blocked altAttack=0 victim=human friend=0 -> reject:enemy
[PSW] t=294.05 dir=AttackDown strike=Thrust prog=0.736 flags=NormalHit collider=1 shieldBack=0 blockedShield=0 result=StrikeAgent altAttack=0 victim=human friend=0 -> reject:enemy
[PSW] t=296.88 dir=AttackUp strike=Thrust prog=0.649 flags=NormalHit collider=1 shieldBack=0 blockedShield=1 result=Blocked altAttack=0 victim=human friend=0 -> reject:enemy
[PSW] t=298.43 dir=AttackDown strike=Thrust prog=0.000 flags=HitWithStartOfTheAnimation collider=1 shieldBack=0 blockedShield=1 result=Parried altAttack=0 victim=human friend=0 -> reject:enemy
[PSW] t=301.85 dir=AttackRight strike=Swing prog=0.629 flags=NormalHit collider=1 shieldBack=0 blockedShield=1 result=Blocked altAttack=0 victim=human friend=0 -> reject:enemy
[PSW] t=306.34 dir=AttackUp strike=Thrust prog=0.658 flags=NormalHit collider=1 shieldBack=0 blockedShield=0 result=StrikeAgent altAttack=0 victim=human friend=0 -> reject:enemy
[PSW] t=308.69 dir=AttackRight strike=Swing prog=0.534 flags=NormalHit collider=1 shieldBack=0 blockedShield=0 result=StrikeAgent altAttack=0 victim=human friend=0 -> reject:enemy
[PSW] t=309.39 dir=AttackRight strike=Swing prog=0.629 flags=NormalHit collider=1 shieldBack=0 blockedShield=0 result=StrikeAgent altAttack=0 victim=human friend=0 -> reject:enemy
[PSW] ==== mission report ====
[PSW]  config: enabled=1 windup=1 cramped=1 blockPass=1 threshold=0.25 crowdedDur=2.0 rotate=1 rotInterval=0.5
[PSW]  windup transparency : 9417 friendly hits made transparent
[PSW]      rejected live-arc             x4979
[PSW]  friendly blocks     : 2411 neutralised (ally shield no longer halts the swing)
[PSW]  cramped gating (AI) : 557 swings remapped across 302 agents (2938 input ticks)
[PSW]  shield rotation     : 66 swaps across 209 formation-sweeps (8 shieldless front-rankers seen, 0 skipped as detached)
[PSW]      churn check: 7 of 209 formation-sweeps emitted swaps (max 15 in one sweep)
[PSW]      formation census:
[PSW]        Line         spacing=2 interval=0.760 eligible=0  x1957
[PSW]        ShieldWall   spacing=0 interval=0.000 eligible=1  x182
[PSW]        Skein        spacing=0 interval=0.000 eligible=1  x27
[PSW]        Skein        spacing=2 interval=0.760 eligible=0  x394
[PSW] ========================
[PSW] ---- mission start ----
[PSW] t=117.83 dir=AttackDown strike=Thrust prog=0.026 flags=NormalHit collider=1 shieldBack=0 blockedShield=0 result=StrikeAgent altAttack=0 victim=human friend=1 -> BYPASS
[PSW] t=121.90 dir=AttackUp strike=Thrust prog=0.563 flags=NormalHit collider=1 shieldBack=0 blockedShield=0 result=StrikeAgent altAttack=0 victim=human friend=0 -> reject:enemy
[PSW] t=124.58 dir=AttackUp strike=Thrust prog=0.000 flags=NormalHit collider=1 shieldBack=0 blockedShield=0 result=StrikeAgent altAttack=0 victim=human friend=1 -> BYPASS
[PSW] t=126.05 dir=AttackDown strike=Thrust prog=0.167 flags=NormalHit collider=1 shieldBack=0 blockedShield=0 result=StrikeAgent altAttack=0 victim=human friend=0 -> reject:enemy
[PSW] t=127.86 dir=AttackUp strike=Thrust prog=0.563 flags=NormalHit collider=1 shieldBack=0 blockedShield=0 result=StrikeAgent altAttack=0 victim=human friend=0 -> reject:enemy
[PSW] t=128.81 dir=AttackUp strike=Thrust prog=0.563 flags=NormalHit collider=1 shieldBack=0 blockedShield=0 result=Parried altAttack=0 victim=human friend=0 -> reject:enemy
[PSW] t=131.68 dir=AttackUp strike=Thrust prog=0.564 flags=NormalHit collider=1 shieldBack=0 blockedShield=0 result=StrikeAgent altAttack=0 victim=human friend=0 -> reject:enemy
[PSW] t=133.34 dir=AttackUp strike=Swing prog=0.026 flags=HitWithArm collider=1 shieldBack=0 blockedShield=0 result=StrikeAgent altAttack=0 victim=human friend=1 -> BYPASS
[PSW] t=133.34 dir=AttackUp strike=Swing prog=0.026 flags=NormalHit collider=1 shieldBack=0 blockedShield=0 result=StrikeAgent altAttack=0 victim=human friend=1 -> BYPASS
[PSW] t=134.99 dir=AttackUp strike=Swing prog=0.030 flags=NormalHit collider=1 shieldBack=0 blockedShield=0 result=None altAttack=0 victim=human friend=1 -> BYPASS
[PSW] t=135.02 dir=AttackUp strike=Swing prog=0.329 flags=NormalHit collider=1 shieldBack=0 blockedShield=0 result=StrikeAgent altAttack=0 victim=human friend=1 -> reject:live-arc
[PSW] t=142.29 dir=AttackDown strike=Thrust prog=0.026 flags=NormalHit collider=1 shieldBack=0 blockedShield=0 result=StrikeAgent altAttack=0 victim=human friend=0 -> reject:enemy
[PSW] t=143.16 dir=AttackUp strike=Thrust prog=0.017 flags=NormalHit collider=1 shieldBack=0 blockedShield=0 result=StrikeAgent altAttack=0 victim=human friend=1 -> BYPASS
[PSW] t=150.45 dir=AttackDown strike=Thrust prog=0.157 flags=NormalHit collider=1 shieldBack=0 blockedShield=0 result=StrikeAgent altAttack=0 victim=human friend=1 -> BYPASS
[PSW] t=150.45 dir=AttackDown strike=Thrust prog=0.157 flags=NormalHit collider=1 shieldBack=0 blockedShield=0 result=StrikeAgent altAttack=0 victim=human friend=1 -> BYPASS
[PSW] t=150.45 dir=AttackDown strike=Thrust prog=0.157 flags=NormalHit collider=1 shieldBack=0 blockedShield=0 result=StrikeAgent altAttack=0 victim=human friend=0 -> reject:enemy
[PSW] t=150.80 dir=AttackDown strike=Thrust prog=0.076 flags=HitWithStartOfTheAnimation collider=1 shieldBack=0 blockedShield=1 result=Parried altAttack=0 victim=human friend=0 -> reject:enemy
[PSW] t=153.92 dir=AttackUp strike=Swing prog=0.220 flags=NormalHit collider=1 shieldBack=0 blockedShield=0 result=StrikeAgent altAttack=0 victim=human friend=1 -> BYPASS
[PSW] t=154.96 dir=AttackUp strike=Swing prog=0.220 flags=NormalHit collider=1 shieldBack=0 blockedShield=0 result=None altAttack=0 victim=human friend=1 -> BYPASS
[PSW] t=154.96 dir=AttackUp strike=Swing prog=0.220 flags=NormalHit collider=1 shieldBack=0 blockedShield=0 result=StrikeAgent altAttack=0 victim=human friend=1 -> BYPASS
[PSW] t=154.96 dir=AttackUp strike=Swing prog=0.220 flags=NormalHit collider=1 shieldBack=0 blockedShield=1 result=Blocked altAttack=0 victim=human friend=1 -> BYPASS
[PSW] t=161.26 dir=AttackUp strike=Swing prog=0.220 flags=NormalHit collider=1 shieldBack=0 blockedShield=0 result=StrikeAgent altAttack=0 victim=human friend=1 -> BYPASS
[PSW] t=162.76 dir=AttackUp strike=Swing prog=0.220 flags=NormalHit collider=1 shieldBack=0 blockedShield=0 result=StrikeAgent altAttack=0 victim=human friend=1 -> BYPASS
[PSW] t=164.17 dir=AttackUp strike=Swing prog=0.220 flags=NormalHit collider=1 shieldBack=0 blockedShield=0 result=StrikeAgent altAttack=0 victim=human friend=1 -> BYPASS
[PSW] t=165.55 dir=AttackUp strike=Swing prog=1.000 flags=NormalHit collider=1 shieldBack=0 blockedShield=0 result=StrikeAgent altAttack=0 victim=human friend=0 -> reject:enemy
[PSW] t=166.54 dir=AttackUp strike=Swing prog=1.000 flags=HitWithArm, HitWithBackOfTheWeapon collider=1 shieldBack=0 blockedShield=0 result=None altAttack=0 victim=human friend=0 -> reject:enemy
[PSW] t=166.54 dir=AttackUp strike=Swing prog=1.000 flags=NormalHit collider=1 shieldBack=0 blockedShield=0 result=StrikeAgent altAttack=0 victim=human friend=0 -> reject:enemy
[PSW] t=167.39 dir=AttackUp strike=Swing prog=0.220 flags=NormalHit collider=1 shieldBack=0 blockedShield=0 result=StrikeAgent altAttack=0 victim=human friend=1 -> BYPASS
[PSW] t=169.56 dir=AttackUp strike=Thrust prog=0.477 flags=NormalHit collider=1 shieldBack=0 blockedShield=1 result=Blocked altAttack=0 victim=human friend=0 -> reject:enemy
[PSW] t=171.95 dir=AttackDown strike=Thrust prog=0.000 flags=HitWithStartOfTheAnimation collider=1 shieldBack=0 blockedShield=1 result=Parried altAttack=0 victim=human friend=0 -> reject:enemy
[PSW] t=173.88 dir=AttackUp strike=Thrust prog=0.000 flags=HitWithStartOfTheAnimation collider=1 shieldBack=0 blockedShield=1 result=Blocked altAttack=0 victim=human friend=0 -> reject:enemy
[PSW] t=175.18 dir=AttackUp strike=Thrust prog=0.164 flags=NormalHit collider=1 shieldBack=0 blockedShield=0 result=StrikeAgent altAttack=0 victim=human friend=1 -> BYPASS
[PSW] t=175.18 dir=AttackUp strike=Thrust prog=0.164 flags=NormalHit collider=1 shieldBack=0 blockedShield=0 result=None altAttack=0 victim=human friend=1 -> BYPASS
[PSW] t=175.18 dir=AttackUp strike=Thrust prog=0.164 flags=NormalHit collider=1 shieldBack=0 blockedShield=0 result=StrikeAgent altAttack=0 victim=human friend=0 -> reject:enemy
[PSW] t=177.17 dir=AttackUp strike=Thrust prog=0.167 flags=NormalHit collider=1 shieldBack=0 blockedShield=0 result=StrikeAgent altAttack=0 victim=human friend=1 -> BYPASS
[PSW] t=180.00 dir=AttackUp strike=Thrust prog=0.167 flags=NormalHit collider=1 shieldBack=0 blockedShield=0 result=StrikeAgent altAttack=0 victim=human friend=0 -> reject:enemy
[PSW] t=180.25 dir=AttackUp strike=Thrust prog=0.584 flags=HitWithStartOfTheAnimation collider=1 shieldBack=0 blockedShield=0 result=StrikeAgent altAttack=0 victim=human friend=0 -> reject:enemy
[PSW] t=181.37 dir=AttackUp strike=Thrust prog=0.167 flags=HitWithArm collider=1 shieldBack=0 blockedShield=0 result=None altAttack=0 victim=human friend=1 -> BYPASS
[PSW] t=250.24 dir=AttackDown strike=Thrust prog=0.447 flags=NormalHit collider=1 shieldBack=0 blockedShield=0 result=StrikeAgent altAttack=0 victim=human friend=1 -> reject:live-arc
[PSW] t=263.92 dir=AttackUp strike=Thrust prog=0.525 flags=NormalHit collider=1 shieldBack=0 blockedShield=0 result=StrikeAgent altAttack=0 victim=human friend=0 -> reject:enemy
[PSW] t=265.09 dir=AttackUp strike=Thrust prog=0.565 flags=NormalHit collider=1 shieldBack=0 blockedShield=0 result=StrikeAgent altAttack=0 victim=human friend=0 -> reject:enemy
[PSW] t=268.18 dir=AttackDown strike=Thrust prog=0.017 flags=HitWithBackOfTheWeapon collider=1 shieldBack=0 blockedShield=0 result=None altAttack=0 victim=human friend=1 -> BYPASS
[PSW] t=268.22 dir=AttackDown strike=Thrust prog=0.189 flags=NormalHit collider=1 shieldBack=0 blockedShield=0 result=StrikeAgent altAttack=0 victim=human friend=0 -> reject:enemy
[PSW] t=268.27 dir=AttackDown strike=Thrust prog=0.000 flags=HitWithStartOfTheAnimation collider=1 shieldBack=0 blockedShield=1 result=Parried altAttack=0 victim=human friend=0 -> reject:enemy
[PSW] t=269.60 dir=AttackDown strike=Thrust prog=0.003 flags=NormalHit collider=1 shieldBack=0 blockedShield=0 result=StrikeAgent altAttack=0 victim=human friend=1 -> BYPASS
[PSW] t=269.60 dir=AttackDown strike=Thrust prog=0.003 flags=NormalHit collider=1 shieldBack=0 blockedShield=0 result=StrikeAgent altAttack=0 victim=human friend=0 -> reject:enemy
[PSW] t=273.55 dir=AttackUp strike=Thrust prog=0.010 flags=NormalHit collider=1 shieldBack=0 blockedShield=0 result=StrikeAgent altAttack=0 victim=human friend=1 -> BYPASS
[PSW] t=276.29 dir=AttackDown strike=Thrust prog=0.059 flags=NormalHit collider=1 shieldBack=0 blockedShield=0 result=StrikeAgent altAttack=0 victim=human friend=0 -> reject:enemy
[PSW] t=276.82 dir=AttackUp strike=Thrust prog=0.028 flags=NormalHit collider=1 shieldBack=0 blockedShield=0 result=None altAttack=0 victim=human friend=1 -> BYPASS
[PSW] t=277.01 dir=AttackUp strike=Thrust prog=0.621 flags=NormalHit collider=1 shieldBack=0 blockedShield=0 result=StrikeAgent altAttack=0 victim=human friend=0 -> reject:enemy
[PSW] t=288.22 dir=AttackUp strike=Thrust prog=0.701 flags=NormalHit collider=1 shieldBack=0 blockedShield=0 result=StrikeAgent altAttack=0 victim=human friend=0 -> reject:enemy
[PSW] t=293.56 dir=AttackUp strike=Thrust prog=0.767 flags=NormalHit collider=1 shieldBack=0 blockedShield=0 result=StrikeAgent altAttack=0 victim=human friend=0 -> reject:enemy
[PSW] t=297.00 dir=AttackDown strike=Thrust prog=0.054 flags=HitWithBackOfTheWeapon collider=1 shieldBack=0 blockedShield=0 result=None altAttack=0 victim=human friend=1 -> BYPASS
[PSW] t=297.00 dir=AttackDown strike=Thrust prog=0.054 flags=NormalHit collider=1 shieldBack=0 blockedShield=0 result=StrikeAgent altAttack=0 victim=human friend=0 -> reject:enemy
[PSW] t=298.27 dir=AttackUp strike=Thrust prog=0.000 flags=HitWithStartOfTheAnimation collider=1 shieldBack=0 blockedShield=0 result=None altAttack=0 victim=human friend=0 -> reject:enemy
[PSW] t=298.45 dir=AttackUp strike=Thrust prog=0.561 flags=NormalHit collider=1 shieldBack=0 blockedShield=0 result=StrikeAgent altAttack=0 victim=human friend=0 -> reject:enemy
[PSW] t=299.35 dir=AttackUp strike=Thrust prog=0.000 flags=HitWithStartOfTheAnimation collider=1 shieldBack=0 blockedShield=0 result=None altAttack=0 victim=human friend=0 -> reject:enemy
[PSW] t=299.40 dir=AttackUp strike=Thrust prog=0.029 flags=NormalHit collider=1 shieldBack=0 blockedShield=0 result=StrikeAgent altAttack=0 victim=human friend=1 -> BYPASS
[PSW] t=303.86 dir=AttackUp strike=Thrust prog=0.000 flags=HitWithStartOfTheAnimation collider=1 shieldBack=0 blockedShield=1 result=Blocked altAttack=0 victim=human friend=0 -> reject:enemy
[PSW] t=305.48 dir=AttackDown strike=Thrust prog=0.050 flags=NormalHit collider=1 shieldBack=0 blockedShield=0 result=StrikeAgent altAttack=0 victim=human friend=0 -> reject:enemy
[PSW] t=314.28 dir=AttackUp strike=Swing prog=0.000 flags=HitWithStartOfTheAnimation collider=1 shieldBack=0 blockedShield=1 result=Blocked altAttack=0 victim=human friend=0 -> reject:enemy
[PSW] t=316.70 dir=AttackUp strike=Thrust prog=0.402 flags=NormalHit collider=1 shieldBack=0 blockedShield=0 result=StrikeAgent altAttack=0 victim=human friend=0 -> reject:enemy
[PSW] t=321.44 dir=AttackUp strike=Thrust prog=0.542 flags=NormalHit collider=1 shieldBack=0 blockedShield=0 result=StrikeAgent altAttack=0 victim=human friend=0 -> reject:enemy
[PSW] t=322.49 dir=AttackUp strike=Thrust prog=0.677 flags=NormalHit collider=1 shieldBack=0 blockedShield=1 result=Blocked altAttack=0 victim=human friend=0 -> reject:enemy
[PSW] t=326.14 dir=AttackUp strike=Thrust prog=0.000 flags=HitWithStartOfTheAnimation collider=1 shieldBack=0 blockedShield=0 result=None altAttack=0 victim=human friend=0 -> reject:enemy
[PSW] t=329.33 dir=AttackUp strike=Thrust prog=0.155 flags=NormalHit collider=1 shieldBack=0 blockedShield=0 result=StrikeAgent altAttack=0 victim=human friend=1 -> BYPASS
[PSW] t=330.62 dir=AttackDown strike=Thrust prog=0.094 flags=NormalHit collider=1 shieldBack=0 blockedShield=0 result=StrikeAgent altAttack=0 victim=human friend=0 -> reject:enemy
[PSW] t=331.94 dir=AttackDown strike=Thrust prog=0.145 flags=NormalHit collider=1 shieldBack=0 blockedShield=0 result=StrikeAgent altAttack=0 victim=human friend=0 -> reject:enemy
[PSW] t=335.93 dir=AttackUp strike=Thrust prog=0.680 flags=NormalHit collider=1 shieldBack=0 blockedShield=0 result=StrikeAgent altAttack=0 victim=human friend=0 -> reject:enemy
[PSW] t=338.60 dir=AttackUp strike=Swing prog=0.043 flags=NormalHit collider=1 shieldBack=0 blockedShield=0 result=StrikeAgent altAttack=0 victim=human friend=1 -> BYPASS
[PSW] t=338.87 dir=AttackUp strike=Swing prog=0.374 flags=NormalHit collider=1 shieldBack=0 blockedShield=0 result=None altAttack=0 victim=human friend=1 -> reject:live-arc
[PSW] t=342.03 dir=AttackUp strike=Thrust prog=0.135 flags=HitWithBackOfTheWeapon collider=1 shieldBack=0 blockedShield=0 result=None altAttack=0 victim=human friend=1 -> BYPASS
[PSW] t=342.10 dir=AttackUp strike=Thrust prog=0.341 flags=NormalHit collider=1 shieldBack=0 blockedShield=0 result=StrikeAgent altAttack=0 victim=human friend=1 -> reject:live-arc
[PSW] t=345.13 dir=AttackDown strike=Thrust prog=0.212 flags=NormalHit collider=1 shieldBack=0 blockedShield=0 result=StrikeAgent altAttack=0 victim=human friend=1 -> BYPASS
[PSW] t=349.58 dir=AttackDown strike=Thrust prog=0.037 flags=NormalHit collider=1 shieldBack=0 blockedShield=0 result=StrikeAgent altAttack=0 victim=human friend=1 -> BYPASS
[PSW] t=351.51 dir=AttackUp strike=Thrust prog=0.722 flags=NormalHit collider=1 shieldBack=0 blockedShield=0 result=None altAttack=0 victim=human friend=0 -> reject:enemy
[PSW] t=351.51 dir=AttackUp strike=Thrust prog=0.722 flags=NormalHit collider=1 shieldBack=0 blockedShield=0 result=StrikeAgent altAttack=0 victim=human friend=0 -> reject:enemy
[PSW] t=354.60 dir=AttackUp strike=Thrust prog=0.536 flags=NormalHit collider=1 shieldBack=0 blockedShield=0 result=StrikeAgent altAttack=0 victim=human friend=0 -> reject:enemy
[PSW] t=354.70 dir=AttackUp strike=Thrust prog=0.514 flags=HitWithStartOfTheAnimation collider=1 shieldBack=0 blockedShield=0 result=StrikeAgent altAttack=0 victim=human friend=1 -> BYPASS
[PSW] t=355.34 dir=AttackUp strike=Thrust prog=0.547 flags=NormalHit collider=1 shieldBack=0 blockedShield=0 result=None altAttack=0 victim=human friend=0 -> reject:enemy
[PSW] t=355.34 dir=AttackUp strike=Thrust prog=0.547 flags=NormalHit collider=1 shieldBack=0 blockedShield=0 result=StrikeAgent altAttack=0 victim=human friend=0 -> reject:enemy
[PSW] t=371.81 dir=AttackUp strike=Swing prog=0.113 flags=NormalHit collider=1 shieldBack=0 blockedShield=0 result=StrikeAgent altAttack=0 victim=human friend=1 -> BYPASS
[PSW] ==== mission report ====
[PSW]  config: enabled=1 windup=1 cramped=1 blockPass=1 threshold=0.25 crowdedDur=2.0 rotate=1 rotInterval=0.5
[PSW]  windup transparency : 17498 friendly hits made transparent
[PSW]      rejected live-arc             x8131
[PSW]  friendly blocks     : 7147 neutralised (ally shield no longer halts the swing)
[PSW]  cramped gating (AI) : 770 swings remapped across 358 agents (5327 input ticks)
[PSW]  shield rotation     : 902 swaps across 727 formation-sweeps (119 shieldless front-rankers seen, 0 skipped as detached)
[PSW]      churn check: 213 of 727 formation-sweeps emitted swaps (max 19 in one sweep)
[PSW]      formation census:
[PSW]        Line         spacing=2 interval=0.760 eligible=0  x2475
[PSW]        ShieldWall   spacing=0 interval=0.000 eligible=1  x714
[PSW]        Line         spacing=0 interval=0.000 eligible=1  x13
[PSW] ========================
